scenario,role,class_label,x1,x2,is_true_source
compact_separated,source,A,-4.538165298737462,2.132634400797946,True
compact_separated,source,A,-4.604837564449483,2.5949657725625808,True
compact_separated,source,A,-3.6372883734981865,2.353414289921314,True
compact_separated,source,A,-3.837558425200523,2.5810284638177636,True
compact_separated,source,A,-4.268713167349452,1.825239719196848,True
compact_separated,source,A,-3.7325037191865356,1.6882274895185427,True
compact_separated,source,A,-4.503118185871643,1.8076332139879965,True
compact_separated,source,A,-3.9504756817911506,1.3887072224619512,True
compact_separated,source,A,-5.355839338575018,2.125141836917372,True
compact_separated,source,A,-4.275946297069932,2.1380798920549435,True
compact_separated,source,A,-4.849732013045955,2.7348208348666514,True
compact_separated,source,A,-3.283238728845158,1.8450998409645172,True
compact_separated,source,A,-3.515337441139965,3.107483568518642,True
compact_separated,source,A,-2.979744017745867,2.315998055194828,True
compact_separated,source,A,-3.4531826064455173,1.5362307009701728,True
compact_separated,source,A,-3.52969319927552,2.3368745673241462,True
compact_separated,source,A,-3.6752259707179666,1.5061149585650089,True
compact_separated,source,A,-3.7843873762442124,1.3372875521672043,True
compact_separated,source,A,-3.912544982400229,2.520151536911949,True
compact_separated,source,A,-3.7886952945718857,2.4583893068870113,True
compact_separated,source,A,-4.624966881933552,1.3036855634392857,True
compact_separated,source,A,-4.752567150867212,2.8221610510983126,True
compact_separated,source,A,-5.115748195883844,2.0692762024561446,True
compact_separated,source,A,-4.029428023068064,2.329397194640011,True
compact_separated,source,A,-3.7912427931403356,1.9082369668528885,True
compact_separated,source,A,-5.439223189855708,1.1983503392797634,True
compact_separated,source,A,-3.938574442189144,2.225797082863379,True
compact_separated,source,A,-5.070234129583223,2.2233565143614062,True
compact_separated,source,A,-3.655531285624273,1.5030118805748298,True
compact_separated,source,A,-3.4203999017671,2.35720870591743,True
compact_separated,source,A,-4.169281340758985,1.7483693195540149,True
compact_separated,source,A,-3.675141788030409,2.6354220448495154,True
compact_separated,source,A,-4.50327691155754,2.654136245962,True
compact_separated,source,A,-3.926093932191535,2.771270978755873,True
compact_separated,source,A,-4.747521984638995,2.7368482524209052,True
compact_separated,source,A,-3.533748129780731,2.3974621555967066,True
compact_separated,source,A,-3.219408933506969,2.374098981811941,True
compact_separated,source,A,-4.7696871264257155,1.9908523076353455,True
compact_separated,source,A,-4.120129458797875,1.7790336086549337,True
compact_separated,source,A,-3.6506155221361,1.8615246730601522,True
compact_separated,source,A,-4.525730551382546,3.0482434500896707,True
compact_separated,source,A,-4.786240458406938,1.6967640196235911,True
compact_separated,source,A,-4.081881694512778,2.0264124465838447,True
compact_separated,source,A,-4.684105329542266,2.441390352419182,True
compact_separated,source,A,-4.077511462900561,2.2407246752178915,True
compact_separated,source,A,-3.9063176311753307,1.0378070607134042,True
compact_separated,source,A,-3.779544927779333,2.452420117567573,True
compact_separated,source,A,-4.321833993536946,1.9521297547453296,True
compact_separated,source,A,-3.866852179516633,2.097544146790614,True
compact_separated,source,A,-4.578783510836859,2.2341646107123037,True
compact_separated,source,A,-3.8713837036493497,2.3539654426507566,True
compact_separated,source,A,-4.267668580574622,1.0086281313353505,True
compact_separated,source,A,-3.5855321589493894,2.434104152985247,True
compact_separated,source,A,-4.887570354945984,1.4827029832487024,True
compact_separated,source,A,-2.9201908451882828,2.254220853189492,True
compact_separated,source,A,-4.139416206669123,2.4926284549907214,True
compact_separated,source,A,-3.7470547196155115,1.5719680483572303,True
compact_separated,source,A,-3.806434164113889,2.4191591509993526,True
compact_separated,source,A,-3.3591611321989396,2.1401007149622826,True
compact_separated,source,A,-3.2247363559393083,2.1047992693609907,True
compact_separated,source,A,-4.5581013921909665,1.778367892003114,True
compact_separated,source,A,-3.6948093092692305,2.816523012429564,True
compact_separated,source,A,-3.8631133061732403,1.5472348939572296,True
compact_separated,source,A,-4.377635126808693,2.222841169783327,True
compact_separated,source,A,-4.062853521977296,2.4064975803432906,True
compact_separated,source,A,-3.7472332157366526,2.3478136669475695,True
compact_separated,source,A,-4.5127943454225194,1.1559196479978602,True
compact_separated,source,A,-3.7753163380462755,2.288883750002292,True
compact_separated,source,A,-2.6852972026241346,2.2964717194772177,True
compact_separated,source,A,-4.50484845699836,0.7620959418802935,True
compact_separated,source,A,-3.5313466778200358,1.1074636931994306,True
compact_separated,source,A,-4.043098534594895,2.0724253919346878,True
compact_separated,source,A,-3.9308862137293614,1.9986001245416203,True
compact_separated,source,A,-4.207342054913343,1.816696791862519,True
compact_separated,source,A,-5.580407320876992,2.129046189750694,True
compact_separated,source,A,-3.2044333430800727,1.7977703530338183,True
compact_separated,source,A,-4.309434324267518,2.5994458096684534,True
compact_separated,source,A,-4.610670344180826,2.64850502135623,True
compact_separated,source,A,-4.274494324653458,1.7037244509736051,True
compact_separated,source,A,-4.328408379114514,2.1178152199802907,True
compact_separated,source,A,-4.893983371369664,1.9812116870423107,True
compact_separated,source,A,-4.949859376088203,1.2773206772301147,True
compact_separated,source,A,-3.5955967669827764,1.7751238148043766,True
compact_separated,source,A,-4.632996686472967,1.6989243779501098,True
compact_separated,source,A,-2.935999496440257,2.13685935975353,True
compact_separated,source,A,-4.5065073335158035,1.724340914384216,True
compact_separated,source,A,-3.862372505518945,1.2334198191172914,True
compact_separated,source,A,-3.5537264372303063,1.81490143494801,True
compact_separated,source,A,-4.370270944448912,2.6297779611888155,True
compact_separated,source,A,-3.8404550771920967,2.8416784387577185,True
compact_separated,source,A,-4.2100580215178285,1.9460768258919614,True
compact_separated,source,A,-3.2985853799610743,1.744947404241227,True
compact_separated,source,A,-3.357665084000204,1.7712929821272763,True
compact_separated,source,A,-4.246201584551667,1.2803584164997839,True
compact_separated,source,A,-3.7837058664088,1.768666383702895,True
compact_separated,source,A,-4.233036211763869,2.255353428528612,True
compact_separated,source,A,-3.749877069262956,1.6275916595303332,True
compact_separated,source,A,-4.506669256718817,2.1566958839532804,True
compact_separated,source,A,-4.666375285340468,2.0787043241856766,True
compact_separated,source,A,-3.8861775086944403,1.9384571629684881,True
compact_separated,source,A,-4.725235321205545,2.2827693025214018,True
compact_separated,source,A,-3.830140779070612,2.2365360776111456,True
compact_separated,source,A,-3.593394463614681,2.1394387404957174,True
compact_separated,source,A,-3.662107483167624,1.2674800998509754,True
compact_separated,source,A,-3.769773937491311,1.6015501749045278,True
compact_separated,source,A,-3.829660889726418,1.8391242529532745,True
compact_separated,source,A,-4.0598095999319455,1.7457933429571224,True
compact_separated,source,A,-4.09198777232639,2.3501320086918622,True
compact_separated,source,A,-4.033589740965998,1.4045057865852537,True
compact_separated,source,A,-4.739097603027499,1.6231738561718387,True
compact_separated,source,A,-4.434980511891998,2.132156644771982,True
compact_separated,source,A,-4.832903867111496,1.4174367256546376,True
compact_separated,source,A,-4.337424515062079,1.9385377486401454,True
compact_separated,source,A,-2.69267841727158,2.1651162931242167,True
compact_separated,source,A,-4.238722372771066,2.571797695311159,True
compact_separated,source,A,-3.9641167502321024,1.6661630077133731,True
compact_separated,source,A,-4.1497311911678265,1.8524245975299012,True
compact_separated,source,A,-4.265436894413816,1.3350120044845848,True
compact_separated,source,A,-5.003226281767541,2.0543556198876507,True
compact_separated,source,A,-4.190241329814906,2.2639789560582146,True
compact_separated,source,B,4.318760655111343,3.842125291270447,False
compact_separated,source,B,4.112261017433464,2.787338063206553,False
compact_separated,source,B,3.4716960734458873,3.1244107108442662,False
compact_separated,source,B,4.23316011099602,2.786437687763166,False
compact_separated,source,B,1.738181367389776,3.350674142957906,False
compact_separated,source,B,3.6265327641636493,2.7611714998564154,False
compact_separated,source,B,3.6804619656135955,3.3628290649152492,False
compact_separated,source,B,2.8366789073794996,3.796783903067642,False
compact_separated,source,B,3.324996729096253,3.031830121733351,False
compact_separated,source,B,4.2919756804739,3.711254430032816,False
compact_separated,source,B,2.767062733373324,2.9595757944966588,False
compact_separated,source,B,3.6103147475873483,3.4134796355968926,False
compact_separated,source,B,3.738998755456128,3.3934287368671967,False
compact_separated,source,B,2.4249818462128876,2.042740067364891,False
compact_separated,source,B,2.8187199287514124,2.7230019357837856,False
compact_separated,source,B,4.059957076299282,3.3229416387996245,False
compact_separated,source,B,2.4269340315806867,3.416483841868624,False
compact_separated,source,B,4.189508213422543,3.2864218314902653,False
compact_separated,source,B,4.542037472038869,3.7041030489204814,False
compact_separated,source,B,3.9752485802006574,3.7418010916478592,False
compact_separated,source,B,2.6630247509566187,3.1481456928554667,False
compact_separated,source,B,2.361127483410593,2.973248359352253,False
compact_separated,source,B,3.6128118748090796,3.981575195397016,False
compact_separated,source,B,3.6883221738512755,2.9901524230279506,False
compact_separated,source,B,4.136964986539857,4.035627504917443,False
compact_separated,source,B,3.8810343809019034,3.014589655933439,False
compact_separated,source,B,4.467942209974216,4.376669703880158,False
compact_separated,source,B,3.534949366442337,4.837145971781644,False
compact_separated,source,B,3.175120694888992,2.61612083135259,False
compact_separated,source,B,3.1079533680775873,3.158606109153242,False
compact_separated,source,B,3.397750763360892,3.1788539770858457,False
compact_separated,source,B,4.538654381266692,3.4337071947839686,False
compact_separated,source,B,2.976373843365485,3.6429620010256616,False
compact_separated,source,B,2.9515627731929457,3.819123734284376,False
compact_separated,source,B,3.3165766301965487,4.127909516594381,False
compact_separated,source,B,2.731340609845021,3.5895522104482303,False
compact_separated,source,B,3.6626864197250306,3.8523416709902643,False
compact_separated,source,B,2.9897895735191984,3.0239000284772,False
compact_separated,source,B,3.5777771323824488,4.1149608866590555,False
compact_separated,source,B,4.350469266724577,3.467981305692065,False
compact_separated,source,B,4.214054645138164,4.090348242605853,False
compact_separated,source,B,3.544396536545849,3.678221269722602,False
compact_separated,source,B,3.122124116767631,3.2441389336975512,False
compact_separated,source,B,3.5608168639749387,3.479248571229288,False
compact_separated,source,B,2.456426803639034,3.96674944309455,False
compact_separated,source,B,3.6334069024204156,3.8875033121535822,False
compact_separated,source,B,3.2995571110151776,2.5914994111536154,False
compact_separated,source,B,4.812566298836092,2.9020411531651553,False
compact_separated,source,B,3.8569788353887677,3.22309211938179,False
compact_separated,source,B,3.547645938600493,3.6906821396801637,False
compact_separated,source,B,3.255962841216369,4.022232331943631,False
compact_separated,source,B,3.7572976404941034,3.3852939130927,False
compact_separated,source,B,3.231966756818941,3.1220680786955506,False
compact_separated,source,B,3.947259006376393,3.0416769116291107,False
compact_separated,source,B,3.923278974325671,3.0264800573410024,False
compact_separated,source,B,3.4185791763147257,3.3168214758334775,False
compact_separated,source,B,3.6562308516412436,3.643206521120971,False
compact_separated,source,B,2.5488358460337723,3.3699545814741105,False
compact_separated,source,B,3.9485362400567867,3.83016194795274,False
compact_separated,source,B,3.584107711494963,3.2615898611705902,False
compact_separated,source,B,3.0527889170410307,2.749901747458945,False
compact_separated,source,B,2.728660009905938,3.788628486795743,False
compact_separated,source,B,3.009758280613594,3.3483954521701946,False
compact_separated,source,B,4.063161066829459,3.393075946275427,False
compact_separated,source,B,3.2026297527894023,4.0950191430013385,False
compact_separated,source,B,3.4571201334183357,3.555608160766129,False
compact_separated,source,B,3.184483829190885,3.106278669975859,False
compact_separated,source,B,3.2099047598098998,3.402299652433837,False
compact_separated,source,B,3.776912828398492,3.5932107370274258,False
compact_separated,source,B,4.01854508863899,4.004127320389719,False
compact_separated,source,B,3.9760376308981122,3.4945016717558612,False
compact_separated,source,B,3.3970620066549624,3.639567930581389,False
compact_separated,source,B,3.1233905358738925,3.720380488611073,False
compact_separated,source,B,2.6323846100211803,3.306934257396245,False
compact_separated,source,B,2.7227001800810506,3.0096346526442153,False
compact_separated,source,B,3.850710272428538,4.168017706696971,False
compact_separated,source,B,2.4490879629001117,3.284409097569286,False
compact_separated,source,B,3.62398566170588,2.5823128934816024,False
compact_separated,source,B,2.9808371699620806,2.8394542482313567,False
compact_separated,source,B,5.310678891333887,3.668487445323075,False
compact_separated,source,B,2.3735243937157002,3.216465521780302,False
compact_separated,source,B,4.756990933079376,4.1302981246465205,False
compact_separated,source,B,4.520814028815872,3.9937216464895613,False
compact_separated,source,B,4.02516234561616,4.577242518152793,False
compact_separated,source,B,2.545457019641881,3.9391005906541543,False
compact_separated,source,B,3.4821046096419357,4.301405616886665,False
compact_separated,source,B,3.8896150108327467,3.973813009159824,False
compact_separated,source,B,3.5166033016075993,3.1859935258807965,False
compact_separated,source,B,4.275711394132066,3.42174610402628,False
compact_separated,source,B,3.0456281644830803,3.726769167848546,False
compact_separated,source,B,3.321319382519646,3.583006879243982,False
compact_separated,source,B,4.354689078253088,3.996750763269144,False
compact_separated,source,B,4.515208345947016,3.1339708772376187,False
compact_separated,source,B,3.3989059721750348,2.901756307756361,False
compact_separated,source,B,3.0567853314763047,3.4232774792378935,False
compact_separated,source,B,3.2614948536211323,3.6537460308609577,False
compact_separated,source,B,3.226053365403809,3.2378007407737313,False
compact_separated,source,B,1.741874391316471,3.4865119068819688,False
compact_separated,source,B,4.627833386346638,3.2277869857578474,False
compact_separated,source,B,3.089077188383748,3.1018771019671463,False
compact_separated,source,B,1.9076697713705792,2.9920431141330477,False
compact_separated,source,B,3.36499763360611,2.5876465654013803,False
compact_separated,source,B,3.6420807348369775,3.7416727189780095,False
compact_separated,source,B,2.8721517432741703,2.926146264831012,False
compact_separated,source,B,4.503721071534818,3.2707043929318105,False
compact_separated,source,B,4.168331195354832,3.678342257632069,False
compact_separated,source,B,3.4068341096035115,3.6424223982596446,False
compact_separated,source,B,3.7705797329186694,3.755402059964525,False
compact_separated,source,B,3.6047710727901663,3.627764033661858,False
compact_separated,source,B,2.925418421713813,3.1324140069223283,False
compact_separated,source,B,2.6979199539973115,3.7582378595649946,False
compact_separated,source,B,3.0721678403017645,3.477715199245628,False
compact_separated,source,B,3.585731452012404,3.386213435386444,False
compact_separated,source,B,3.9927470737737876,2.148325277721385,False
compact_separated,source,B,4.24440294017296,3.2504830230979684,False
compact_separated,source,B,2.694439831613696,4.000494010372792,False
compact_separated,source,B,2.5791240440810164,2.9202879753136513,False
compact_separated,source,B,2.6224679656611394,3.7010616095046127,False
compact_separated,source,B,3.661141719941673,3.1235673120071734,False
compact_separated,source,B,4.232993551775154,2.673644339224698,False
compact_separated,source,C,0.34288494539903375,-4.042810178148679,False
compact_separated,source,C,-0.1911676059181937,-4.2113615109230995,False
compact_separated,source,C,0.8533577120635927,-3.312166975051498,False
compact_separated,source,C,0.8106444115397878,-3.5283623233639636,False
compact_separated,source,C,1.0668407437584428,-2.6928805664153455,False
compact_separated,source,C,-1.128974908892371,-4.079792281993786,False
compact_separated,source,C,-0.5229302323091936,-3.6388396598588995,False
compact_separated,source,C,1.150535629243339,-3.6206987734199068,False
compact_separated,source,C,0.34333052383546026,-3.3328331376071807,False
compact_separated,source,C,0.7892234740976213,-5.206666623358394,False
compact_separated,source,C,1.1408002113905926,-3.7641889236855675,False
compact_separated,source,C,1.2389746498025207,-3.633615149523947,False
compact_separated,source,C,0.626878960542288,-4.001563099155796,False
compact_separated,source,C,1.4991159699594827,-2.665274354390873,False
compact_separated,source,C,0.734684331311631,-3.5237105659344157,False
compact_separated,source,C,0.059065639031840755,-3.589527032070696,False
compact_separated,source,C,-0.1800752530918992,-3.0040016252862403,False
compact_separated,source,C,0.7045015233586902,-3.362007879337989,False
compact_separated,source,C,-0.08247224829845512,-3.0519580066029226,False
compact_separated,source,C,-0.8342716423458769,-3.0085760849207257,False
compact_separated,source,C,-0.040075645817648775,-2.7436776098061344,False
compact_separated,source,C,-0.528040216421598,-3.067740445793413,False
compact_separated,source,C,1.0100242977077896,-3.3805216378299683,False
compact_separated,source,C,0.28263837083626436,-4.1426427829908725,False
compact_separated,source,C,-0.33712067658444367,-3.3597487985277126,False
compact_separated,source,C,0.5121883064102115,-3.639459563245598,False
compact_separated,source,C,-0.6346657257961641,-3.1037148368117373,False
compact_separated,source,C,0.8176534277283336,-4.123306075550902,False
compact_separated,source,C,0.28255382797316164,-3.8093586470914644,False
compact_separated,source,C,0.08332613437615366,-3.5677292028712833,False
compact_separated,source,C,0.3719964449746941,-3.9770964687876695,False
compact_separated,source,C,0.9242310818772747,-4.081659346036405,False
compact_separated,source,C,0.5874534021838298,-2.7923502401085427,False
compact_separated,source,C,0.7237480423671201,-3.6039960201821275,False
compact_separated,source,C,1.3490476557514208,-2.7012010201618857,False
compact_separated,source,C,1.3717598271872276,-3.1213145128731434,False
compact_separated,source,C,0.47923963545020964,-3.5730491892888647,False
compact_separated,source,C,0.02671554946312954,-4.844542351709899,False
compact_separated,source,C,1.5383731395584244,-3.083685779588893,False
compact_separated,source,C,0.7642140083364315,-3.889664046827655,False
compact_separated,source,C,1.0369772852817287,-4.031091167891854,False
compact_separated,source,C,-0.11517779911018466,-3.280708271624389,False
compact_separated,source,C,0.7033962083243255,-5.301497974678358,False
compact_separated,source,C,0.0935106983227526,-2.1736802449053125,False
compact_separated,source,C,0.6131395579752469,-4.100262113498916,False
compact_separated,source,C,0.8493856641542062,-3.9424870263216856,False
compact_separated,source,C,1.2969657405705373,-3.722109608652262,False
compact_separated,source,C,1.019199707631655,-3.7261955125339545,False
compact_separated,source,C,1.25506202408836,-3.6683346958000396,False
compact_separated,source,C,0.3416704817521526,-2.4801704841126653,False
compact_separated,source,C,-0.3889638440819374,-3.5155095615252794,False
compact_separated,source,C,0.1384464818099127,-4.079790300791845,False
compact_separated,source,C,0.44617367595486007,-3.446222192226178,False
compact_separated,source,C,0.5940505782713635,-3.8060161074187233,False
compact_separated,source,C,0.4234356167987228,-3.4203179152700054,False
compact_separated,source,C,-0.42044188175924135,-3.320965425164183,False
compact_separated,source,C,0.012077314088785873,-2.5213937927609287,False
compact_separated,source,C,0.7348039884149737,-2.3917803845507732,False
compact_separated,source,C,0.21048962922929992,-3.435083628654315,False
compact_separated,source,C,1.3267715986486333,-4.179893342117575,False
compact_separated,source,C,0.4636847984702864,-4.375666555909972,False
compact_separated,source,C,-0.11399254783266333,-3.5523989490355143,False
compact_separated,source,C,0.9668715369585592,-3.023214456584288,False
compact_separated,source,C,0.2443865887804882,-3.2241574285631276,False
compact_separated,source,C,-0.1980618909153774,-2.557923277645304,False
compact_separated,source,C,1.9826771692494372,-3.908316687066212,False
compact_separated,source,C,-0.29158250189746127,-3.0305214175168413,False
compact_separated,source,C,1.5241991887615562,-3.2045418410409963,False
compact_separated,source,C,0.038503942706812344,-3.2790012600722123,False
compact_separated,source,C,0.7363906689886783,-3.9065138543733324,False
compact_separated,source,C,0.7444875778648267,-3.2364236960672903,False
compact_separated,source,C,0.9163258219719813,-3.9922224726227196,False
compact_separated,source,C,1.6883192048542344,-3.8545489195550466,False
compact_separated,source,C,1.0702809740273285,-3.2397084242657925,False
compact_separated,source,C,1.8821148786242181,-2.9687625342495743,False
compact_separated,source,C,0.7132408416791172,-3.8662520571920065,False
compact_separated,source,C,0.7142702604300194,-4.592910903961772,False
compact_separated,source,C,1.233808929960282,-3.8190927438655615,False
compact_separated,source,C,1.0507675651168045,-3.334501833882076,False
compact_separated,source,C,0.048644643901140816,-3.823175147002573,False
compact_separated,source,C,1.1860302759103756,-3.738751125091928,False
compact_separated,source,C,0.8428576868546507,-3.0539816816561327,False
compact_separated,source,C,1.3484679023540107,-3.701457518498295,False
compact_separated,source,C,0.6014563196799447,-3.5810480340162956,False
compact_separated,source,C,0.4829588747702632,-2.653988645817838,False
compact_separated,source,C,0.9157508454717675,-3.2864876319711898,False
compact_separated,source,C,0.1187143211210952,-3.7334846965740045,False
compact_separated,source,C,-0.22787351066547556,-2.8380383660846364,False
compact_separated,source,C,0.7921440879022722,-3.419839093242284,False
compact_separated,source,C,0.6310090717706818,-3.714827501181815,False
compact_separated,source,C,0.7836657137864587,-3.3330894629205967,False
compact_separated,source,C,0.3548401521287692,-3.105903899528765,False
compact_separated,source,C,1.305570841437506,-4.6338433422657594,False
compact_separated,source,C,0.03644474489196031,-2.94064058738826,False
compact_separated,source,C,1.2963165710410907,-3.318038807935565,False
compact_separated,source,C,0.724991209213144,-3.9194509839651595,False
compact_separated,source,C,1.1761595332092072,-2.796229118126349,False
compact_separated,source,C,1.091049804702241,-4.031451287979742,False
compact_separated,source,C,1.2029149009447133,-3.03113357817158,False
compact_separated,source,C,0.006195594240894553,-4.181360845798929,False
compact_separated,source,C,1.5701874200017392,-2.6353043058860317,False
compact_separated,source,C,-0.23603313719725483,-3.948366154654353,False
compact_separated,source,C,0.19177119662975722,-3.1243304015158837,False
compact_separated,source,C,0.4810225217384564,-4.489027672355791,False
compact_separated,source,C,0.31338586512713473,-4.026016592158481,False
compact_separated,source,C,0.24669509370098291,-2.946784376883937,False
compact_separated,source,C,0.4479747274462701,-4.0087974642276585,False
compact_separated,source,C,0.38166766477664177,-3.0469690012572896,False
compact_separated,source,C,-0.11099334948009487,-2.807812334325705,False
compact_separated,source,C,0.17055720169910432,-3.4951369479448724,False
compact_separated,source,C,0.0508530218852592,-4.969184971016419,False
compact_separated,source,C,0.3561571378263555,-3.4886119653028844,False
compact_separated,source,C,-0.6260898892436457,-3.236085725664274,False
compact_separated,source,C,0.5585017413559981,-3.4992016407604045,False
compact_separated,source,C,0.24848302642204256,-3.4960701466273636,False
compact_separated,source,C,1.2033425386075196,-3.298975531928458,False
compact_separated,source,C,0.050552545278566396,-4.383647958186639,False
compact_separated,source,C,-0.7830907725442975,-2.565908698280018,False
compact_separated,source,C,0.6767457894525617,-2.7756027680242665,False
compact_separated,source,C,0.9921856982782191,-2.9315903413225337,False
compact_separated,unknown,X,-3.9650492388575636,1.8331585780258666,True
compact_separated,unknown,X,-5.028863394114373,1.7866573798838363,True
compact_separated,unknown,X,-4.463760174748803,1.7790710106674377,True
compact_separated,unknown,X,-3.1956981459511984,1.7084647504606338,True
compact_separated,unknown,X,-3.2737117488723895,2.1140942268544443,True
compact_separated,unknown,X,-4.210852798259744,1.2171631400895988,True
compact_separated,unknown,X,-4.311701282208391,1.4307934183179842,True
compact_separated,unknown,X,-4.631472125570811,1.866289394840848,True
compact_separated,unknown,X,-4.290460540268356,1.6307262349701315,True
compact_separated,unknown,X,-4.285836946628303,1.5501882083903862,True
compact_separated,unknown,X,-4.750886904801843,1.1594704733276002,True
compact_separated,unknown,X,-4.573195351287972,2.372906880799086,True
compact_separated,unknown,X,-4.2598618283393295,1.9633514941914316,True
compact_separated,unknown,X,-4.028018184423203,2.1655022427855672,True
compact_separated,unknown,X,-4.437065715754907,1.8800760037606288,True
compact_separated,unknown,X,-4.171755684300798,1.988727766556676,True
compact_separated,unknown,X,-3.979752873267618,2.037431061827534,True
compact_separated,unknown,X,-3.430811526049775,1.5287032707096937,True
compact_separated,unknown,X,-4.091324695662761,2.1922978287723796,True
compact_separated,unknown,X,-3.586838180983737,1.8967833674315158,True
one_sided_embedding,source,A,-0.6601770438241146,0.7177235115316479,True
one_sided_embedding,source,A,0.18391570963410345,0.3473934273814678,True
one_sided_embedding,source,A,0.2138616289376791,0.22560860024689433,True
one_sided_embedding,source,A,0.2088035524571628,0.1321145567199559,True
one_sided_embedding,source,A,0.548047993474341,-0.03045280441605791,True
one_sided_embedding,source,A,-0.2908580184559996,0.031954443973560585,True
one_sided_embedding,source,A,0.11231469063204301,0.4115911339179646,True
one_sided_embedding,source,A,0.258119945534524,-0.18332396651018457,True
one_sided_embedding,source,A,0.19722331492662176,0.2809241209397604,True
one_sided_embedding,source,A,-0.3298420009523121,-0.6710340430614656,True
one_sided_embedding,source,A,-0.15871100867663862,0.10947348690758645,True
one_sided_embedding,source,A,-0.18288527717221573,-0.5069109577068303,True
one_sided_embedding,source,A,-0.15911014125874756,0.8471549196786679,True
one_sided_embedding,source,A,0.06439292071261642,0.19060857282929897,True
one_sided_embedding,source,A,-0.013720080907901932,0.6558524661690175,True
one_sided_embedding,source,A,-0.10074780076394138,-0.3062016419744973,True
one_sided_embedding,source,A,0.2383362997680634,0.14438751596970203,True
one_sided_embedding,source,A,-0.38615385260422297,0.7898930573495221,True
one_sided_embedding,source,A,-0.4322668183000402,0.2520861240984683,True
one_sided_embedding,source,A,-0.17043846469249,0.1837991459374968,True
one_sided_embedding,source,A,-0.0590616370684753,-0.32920753587207074,True
one_sided_embedding,source,A,-0.21149240811376252,0.5916741132924385,True
one_sided_embedding,source,A,0.3313884389963649,0.13893711814778778,True
one_sided_embedding,source,A,0.22750287398197755,0.49633099653956764,True
one_sided_embedding,source,A,0.47596053529706406,-0.37253572270191515,True
one_sided_embedding,source,A,0.03705538975742683,0.43684547976893523,True
one_sided_embedding,source,A,0.051191346047901085,-0.43727050760236,True
one_sided_embedding,source,A,-0.5628240186165427,0.1121753632271421,True
one_sided_embedding,source,A,0.37923457962811125,-0.5215139884575863,True
one_sided_embedding,source,A,0.46897473141545537,0.4779635522959519,True
one_sided_embedding,source,A,-0.27513450254579774,-0.3621177516987929,True
one_sided_embedding,source,A,0.06762733481003332,0.9557577844905661,True
one_sided_embedding,source,A,-0.5290561219315296,-0.1498208318656968,True
one_sided_embedding,source,A,0.8515773354160293,0.18075490321425372,True
one_sided_embedding,source,A,-0.04899391349406782,0.5400990098839872,True
one_sided_embedding,source,A,-0.23955035488606846,-0.6673742524828157,True
one_sided_embedding,source,A,-0.12135855947286059,-0.20484333782707156,True
one_sided_embedding,source,A,0.2859930998030286,0.5902818870946532,True
one_sided_embedding,source,A,-0.050760886719550716,-0.21121573742682478,True
one_sided_embedding,source,A,-0.0286333842749649,-0.22069811677636345,True
one_sided_embedding,source,A,0.441589778737062,0.30281971996355206,True
one_sided_embedding,source,A,0.7959349728789883,0.2971365847234015,True
one_sided_embedding,source,A,0.41767127317087377,-0.26767428886919375,True
one_sided_embedding,source,A,-0.4539623318832322,-0.30250622614578265,True
one_sided_embedding,source,A,-0.061161767723978924,0.38481773495157184,True
one_sided_embedding,source,A,0.15728398009897876,-0.25807366651565233,True
one_sided_embedding,source,A,-0.1759423634108366,0.11453432833618278,True
one_sided_embedding,source,A,0.0847966392885709,-0.00018237676242048378,True
one_sided_embedding,source,A,-0.11342473161189728,-0.4952319339513465,True
one_sided_embedding,source,A,0.6326281921957055,0.18672808850975944,True
one_sided_embedding,source,A,0.1962905951154466,0.5289346273538946,True
one_sided_embedding,source,A,-0.5306958359907858,-0.6378354110055342,True
one_sided_embedding,source,A,0.26944488554038204,-0.30489730219423705,True
one_sided_embedding,source,A,-0.03868415646106416,-0.038437274853874326,True
one_sided_embedding,source,A,-0.264708373825299,0.5654317139476208,True
one_sided_embedding,source,A,-0.31665584962307924,0.04617166708841649,True
one_sided_embedding,source,A,-0.2269841074142712,-0.03398860348607295,True
one_sided_embedding,source,A,-0.45594160860739735,-0.326462452602189,True
one_sided_embedding,source,A,0.3774240478980929,0.5888505176584825,True
one_sided_embedding,source,A,0.275508019067879,0.2626691020167856,True
one_sided_embedding,source,B,-0.7750560186101003,-0.44958822998318726,False
one_sided_embedding,source,B,-2.1052944929190005,-0.7544687369376203,False
one_sided_embedding,source,B,1.509965309298249,0.42929613612546086,False
one_sided_embedding,source,B,-1.2501178841306446,3.410222021914755,False
one_sided_embedding,source,B,0.2417135428633311,1.6622144561124244,False
one_sided_embedding,source,B,-0.9744883291655991,-0.8104315553186725,False
one_sided_embedding,source,B,2.8911858472965295,0.1550824592686797,False
one_sided_embedding,source,B,1.169551938925813,-0.2999988651143681,False
one_sided_embedding,source,B,0.30855939208137434,0.31818036863763666,False
one_sided_embedding,source,B,1.4395900694567774,0.7666452118587361,False
one_sided_embedding,source,B,0.11951706718172536,0.8580252702511191,False
one_sided_embedding,source,B,0.6352799876695615,0.9090799668163555,False
one_sided_embedding,source,B,-0.2993920550081276,-2.0262972800405135,False
one_sided_embedding,source,B,1.0692205377714854,1.7760725230570171,False
one_sided_embedding,source,B,-1.8616209489732438,-4.301618388106749,False
one_sided_embedding,source,B,-0.2288618518356149,-3.023011441335831,False
one_sided_embedding,source,B,0.23124714769396865,-0.25347782638497557,False
one_sided_embedding,source,B,-1.4424211681539791,1.1832443581208143,False
one_sided_embedding,source,B,4.6806152904611675,1.2404228861361295,False
one_sided_embedding,source,B,-0.3063860307748858,0.7708880255089073,False
one_sided_embedding,source,B,0.34591853632577907,0.7897410906593285,False
one_sided_embedding,source,B,-0.2450234934387588,0.2925799440994804,False
one_sided_embedding,source,B,0.0955485997443937,0.08513784216970556,False
one_sided_embedding,source,B,0.03489932931069894,2.289375172757883,False
one_sided_embedding,source,B,0.7453323342093584,1.734328709908852,False
one_sided_embedding,source,B,-2.226013997716949,0.22159143102302992,False
one_sided_embedding,source,B,2.5559469989972126,0.4394725720983782,False
one_sided_embedding,source,B,1.017686337305101,1.8944031455732735,False
one_sided_embedding,source,B,4.514438367232984,0.0939252686923958,False
one_sided_embedding,source,B,-2.48759518063036,-1.9899120373537562,False
one_sided_embedding,source,B,1.4597236810761642,-0.07863039933288189,False
one_sided_embedding,source,B,-0.7642889982233502,0.3766682633518519,False
one_sided_embedding,source,B,-1.1840467577145715,-2.0053327386187214,False
one_sided_embedding,source,B,0.6837251175523608,0.02862641098964758,False
one_sided_embedding,source,B,-0.8515228512993005,0.3277392745423214,False
one_sided_embedding,source,B,-0.2465241726212738,-0.5788700275375783,False
one_sided_embedding,source,B,-1.576012563938381,-0.3218588782664718,False
one_sided_embedding,source,B,-1.2765883402688654,0.6193796818944814,False
one_sided_embedding,source,B,-0.5202560560740304,-0.4038694214102726,False
one_sided_embedding,source,B,-0.38042712306612175,1.6981875704705098,False
one_sided_embedding,source,B,-1.5397217558737197,1.3420302285646228,False
one_sided_embedding,source,B,-0.7350995883778444,0.9664943349627956,False
one_sided_embedding,source,B,0.47157036927840207,-1.729671937523451,False
one_sided_embedding,source,B,0.2613466718691569,0.1508100529517352,False
one_sided_embedding,source,B,-2.4233316294007676,-0.7009264764461829,False
one_sided_embedding,source,B,2.5263894828454094,1.5234750454559236,False
one_sided_embedding,source,B,-0.7236061753924338,-0.36927028228380826,False
one_sided_embedding,source,B,-1.2164115337909778,0.4505791608302269,False
one_sided_embedding,source,B,0.6141686820206054,1.7403250814295887,False
one_sided_embedding,source,B,2.473992232688953,1.2013352259433072,False
one_sided_embedding,source,B,2.211286542080463,0.12134611959164586,False
one_sided_embedding,source,B,0.6935907089462946,-1.4945970657036294,False
one_sided_embedding,source,B,-1.1783152272104964,-1.5333793285161217,False
one_sided_embedding,source,B,0.1836424817819776,-1.1488143216175009,False
one_sided_embedding,source,B,-1.508307141900185,0.049271956646465415,False
one_sided_embedding,source,B,-0.21550706650201606,1.9008725164798947,False
one_sided_embedding,source,B,-0.3494978172498958,-1.164813121733356,False
one_sided_embedding,source,B,1.6870219286721395,-0.8708241205124081,False
one_sided_embedding,source,B,0.9605846198880434,0.7239324712518096,False
one_sided_embedding,source,B,1.339270947391406,-3.095568016407428,False
one_sided_embedding,source,B,1.8655933325160212,-0.25911011029288034,False
one_sided_embedding,source,B,-0.5370211211006327,-0.5320419079487038,False
one_sided_embedding,source,B,0.8038717823536934,1.8314388606804877,False
one_sided_embedding,source,B,1.3256612989832668,-0.4515049510740157,False
one_sided_embedding,source,B,3.8023920614730256,-0.07495323367147497,False
one_sided_embedding,source,B,0.9319678605605349,0.09916888892598555,False
one_sided_embedding,source,B,-0.7006169253428953,-1.3797414279205409,False
one_sided_embedding,source,B,-2.8318471154749485,-0.757019351612781,False
one_sided_embedding,source,B,-0.3542805129219036,1.4093805059470133,False
one_sided_embedding,source,B,-2.7056305684272615,-0.282716894263491,False
one_sided_embedding,source,B,-2.713849995335423,1.3156636920200973,False
one_sided_embedding,source,B,-2.258652198413575,1.2368247298770887,False
one_sided_embedding,source,B,1.5578222114253089,1.582416997843132,False
one_sided_embedding,source,B,1.130500714910169,-0.4535983809848298,False
one_sided_embedding,source,B,-1.5345902200284423,-0.023955026138149003,False
one_sided_embedding,source,B,0.10255608268925823,-1.9755807308547642,False
one_sided_embedding,source,B,-1.2865140263244792,1.5531699212073093,False
one_sided_embedding,source,B,-1.2262289572643605,-0.1493011385141197,False
one_sided_embedding,source,B,-3.3972382607226894,-1.725117689105159,False
one_sided_embedding,source,B,-0.8627446734749464,-0.5377330380894842,False
one_sided_embedding,source,B,-1.402232263023861,1.027545744426645,False
one_sided_embedding,source,B,-0.6985904976108731,-0.125253721059951,False
one_sided_embedding,source,B,-1.245461808997875,1.1416629815307666,False
one_sided_embedding,source,B,-0.9041814144577949,-1.2928014354191535,False
one_sided_embedding,source,B,-2.5097978283409867,-0.6411669905841447,False
one_sided_embedding,source,B,-2.4751026941771874,0.20473561465831985,False
one_sided_embedding,source,B,-0.8021897869916398,0.14009915520169897,False
one_sided_embedding,source,B,0.7905300251799283,1.3185616133499765,False
one_sided_embedding,source,B,0.07700942294844244,-0.3222580742018203,False
one_sided_embedding,source,B,1.6659911888662626,0.005950486171900588,False
one_sided_embedding,source,B,0.37648116766835216,-0.1067880857511698,False
one_sided_embedding,source,B,-0.1766883633115616,0.7519193904753685,False
one_sided_embedding,source,B,0.695908347974433,-1.3183759920610627,False
one_sided_embedding,source,B,-0.7804192087561825,-1.181703605959558,False
one_sided_embedding,source,B,-0.5242474002548003,0.5650502557216966,False
one_sided_embedding,source,B,5.5039219373139705,0.491174317501472,False
one_sided_embedding,source,B,-2.2452095049589307,-0.0046048723374946116,False
one_sided_embedding,source,B,-2.6801728369102005,-0.375266695351474,False
one_sided_embedding,source,B,1.9551780991973884,1.703396103340769,False
one_sided_embedding,source,B,0.5445842857844194,0.5213612058501426,False
one_sided_embedding,source,B,0.013872908307711096,-1.0669268360181867,False
one_sided_embedding,source,B,0.16158297233201296,-1.513511312925492,False
one_sided_embedding,source,B,0.9256544004327258,0.796649521679506,False
one_sided_embedding,source,B,2.6277800968104206,-0.28390262309896347,False
one_sided_embedding,source,B,-0.3540310606850247,0.46610064450140765,False
one_sided_embedding,source,B,-0.08289474601453425,-1.04003097513871,False
one_sided_embedding,source,B,-1.372249345477868,0.6720311859514668,False
one_sided_embedding,source,B,0.1496815936139764,-0.5617078852743019,False
one_sided_embedding,source,B,2.728707989218332,2.7191489858350217,False
one_sided_embedding,source,B,0.3550663550339727,0.4697891074550257,False
one_sided_embedding,source,B,0.938340069379719,2.777759706078302,False
one_sided_embedding,source,B,1.436270697141886,1.5833582763658014,False
one_sided_embedding,source,B,2.5127000644648168,1.1400835771724307,False
one_sided_embedding,source,B,-0.5823964757530216,-1.3529200949602018,False
one_sided_embedding,source,B,0.6680380168849226,-0.8011633333166268,False
one_sided_embedding,source,B,-1.5717373622672897,-1.946979255208397,False
one_sided_embedding,source,B,2.1487659296157915,1.709122726183379,False
one_sided_embedding,source,B,-0.5556598267633693,-0.1828403101941363,False
one_sided_embedding,source,B,-0.11922161900659609,-1.2179589403503561,False
one_sided_embedding,source,B,1.7838498132891252,-3.2181413507685592,False
one_sided_embedding,source,B,-1.598570879763833,1.1427785262167187,False
one_sided_embedding,source,B,0.7510953431124783,2.5001756413756477,False
one_sided_embedding,source,B,0.3072817708251941,0.1352330645281383,False
one_sided_embedding,source,B,4.019636182760006,2.8653733671516584,False
one_sided_embedding,source,B,-0.8568424889710482,-1.5867260351563952,False
one_sided_embedding,source,B,-4.036275500540959,-1.52745520978548,False
one_sided_embedding,source,B,-1.1515435186971297,0.6344308524072615,False
one_sided_embedding,source,B,1.4995508483181674,1.2769527423988767,False
one_sided_embedding,source,B,1.7601726067812158,-0.058609018531527265,False
one_sided_embedding,source,B,-0.35170647641189806,-0.07073147457967659,False
one_sided_embedding,source,B,-0.5155726141066334,0.19117398833035068,False
one_sided_embedding,source,B,-1.5086075570921644,-1.9547627202594875,False
one_sided_embedding,source,B,0.6606364954523278,1.370207941246766,False
one_sided_embedding,source,B,-2.30955990858057,-1.2388403355099213,False
one_sided_embedding,source,B,-0.5937091950544257,1.886892678773568,False
one_sided_embedding,source,B,-0.9445194047485563,-0.4846092863461436,False
one_sided_embedding,source,B,0.5322729148909678,-1.5357163837592192,False
one_sided_embedding,source,B,1.310264286339263,-1.6108033513038578,False
one_sided_embedding,source,B,-1.4144661623317738,0.08919191612625141,False
one_sided_embedding,source,B,-0.7990472706468946,1.245122344702008,False
one_sided_embedding,source,B,0.06645457885183922,0.8790639911584163,False
one_sided_embedding,source,B,0.4645616155838186,0.9010999605341782,False
one_sided_embedding,source,B,0.45861636726225247,1.2502106055231237,False
one_sided_embedding,source,B,2.464800243687547,-1.5187224058986903,False
one_sided_embedding,source,B,-2.9067140834327887,1.415904622848727,False
one_sided_embedding,source,B,1.120989848782163,1.2720173138898856,False
one_sided_embedding,source,B,-0.7838476008965969,0.8743445292003754,False
one_sided_embedding,source,B,-1.7691829166904174,-0.8551619598407305,False
one_sided_embedding,source,B,-0.43461621915386384,1.8873726060777865,False
one_sided_embedding,source,B,0.8488072197737009,-0.2792562092489148,False
one_sided_embedding,source,B,0.5341627357842509,-1.2905652662072369,False
one_sided_embedding,source,B,2.1006604134980673,2.8929964891704922,False
one_sided_embedding,source,B,-1.7576489206746155,-1.246207546747988,False
one_sided_embedding,source,B,-0.7654054070094691,-0.3224581139010782,False
one_sided_embedding,source,B,-1.5868979358225557,-1.3772581877425207,False
one_sided_embedding,source,B,0.8442313960801477,-2.4762457837060485,False
one_sided_embedding,source,B,1.5574653857900087,1.6044790476421413,False
one_sided_embedding,source,B,-3.04282517222689,0.5198623796214406,False
one_sided_embedding,source,B,2.7569015244886774,-3.2168135389576777,False
one_sided_embedding,source,B,-2.102920692946143,-1.524296191319382,False
one_sided_embedding,source,B,-0.6572741448276129,1.1577008386235552,False
one_sided_embedding,source,B,0.21159123858130188,-1.5034981123412314,False
one_sided_embedding,source,B,3.2837534030255227,0.7859076299537172,False
one_sided_embedding,source,B,0.5395536419178274,-0.7338031232541325,False
one_sided_embedding,source,B,2.4704531591579553,0.2751001040052568,False
one_sided_embedding,source,B,-0.7653971557436277,0.504047149043976,False
one_sided_embedding,source,B,-0.3121320140891817,0.34074992407776317,False
one_sided_embedding,source,B,1.5870510924459273,-0.3685336507638548,False
one_sided_embedding,source,B,-1.2198037669396486,1.4378803267191849,False
one_sided_embedding,source,B,-2.591966123167067,-0.7564498536265882,False
one_sided_embedding,source,B,0.38377450838370925,1.347528558790663,False
one_sided_embedding,source,B,0.13664728066998638,-0.3425085088649203,False
one_sided_embedding,source,B,-1.5556635660290503,0.9469352315522526,False
one_sided_embedding,source,B,2.9892452213907736,2.3330081687468383,False
one_sided_embedding,source,B,-1.6168721220900912,-2.8442738184849303,False
one_sided_embedding,source,B,-1.1809929998632127,-1.4526802271076427,False
one_sided_embedding,source,B,-1.7359153092577404,-1.8403894176596618,False
one_sided_embedding,source,B,2.240043089516523,0.8896580665552624,False
one_sided_embedding,source,B,-1.6506690370008006,1.4452047869547013,False
one_sided_embedding,source,B,0.8000170010579607,-0.18017086937139135,False
one_sided_embedding,source,B,-1.758848334542471,0.8251464075397069,False
one_sided_embedding,source,B,-0.6092412180697335,3.317434440323496,False
one_sided_embedding,source,B,1.7087877860775207,-0.8520583029464055,False
one_sided_embedding,source,B,-0.9079417179952212,0.06267304775307594,False
one_sided_embedding,source,B,-0.053609471961196406,0.32997448827539444,False
one_sided_embedding,source,B,-0.9641085506585053,-1.5324862499347205,False
one_sided_embedding,source,B,-0.0017705454232889073,-0.4133578375636759,False
one_sided_embedding,source,B,-0.426155906925554,-0.7908845736843916,False
one_sided_embedding,source,B,-0.33467069393352616,-0.5646633966467858,False
one_sided_embedding,source,B,-0.6496393310969429,1.672321287515734,False
one_sided_embedding,source,B,-3.0791443058938213,-1.2159766611635319,False
one_sided_embedding,source,B,1.1672415650095287,1.3442218744537227,False
one_sided_embedding,source,B,-2.0676326338053888,-0.48142984598774996,False
one_sided_embedding,source,B,1.7935864691280312,1.334620423609676,False
one_sided_embedding,source,B,1.191804959309136,1.0168620274956877,False
one_sided_embedding,source,B,-0.233743204400487,0.6391831758757276,False
one_sided_embedding,source,B,1.7843125959112374,2.4719211393913127,False
one_sided_embedding,source,B,2.3469727291733524,-0.18847895860021557,False
one_sided_embedding,source,B,3.676194436048004,0.27275955241639455,False
one_sided_embedding,source,B,-2.476785503553012,-0.7191662046286522,False
one_sided_embedding,source,B,-0.09760672287773431,-0.36865402539964476,False
one_sided_embedding,source,B,0.8865906267543782,-0.877470047012566,False
one_sided_embedding,source,B,-0.4460717238641335,-1.1486143603875654,False
one_sided_embedding,source,B,2.075517034847592,0.7264597623221384,False
one_sided_embedding,source,B,-0.9666586603103413,-0.040917417741947265,False
one_sided_embedding,source,B,2.6607640948435547,3.2092548193444697,False
one_sided_embedding,source,B,0.7063644292485377,0.7789516823308307,False
one_sided_embedding,source,B,-3.0367091512591418,-0.9664515607281409,False
one_sided_embedding,source,B,-2.0921698818701286,1.838900103417709,False
one_sided_embedding,source,B,-2.213662675234383,0.6497657683341806,False
one_sided_embedding,source,B,1.0543657077926274,-0.18061410510857134,False
one_sided_embedding,source,B,3.026839542375044,-0.11132753754584655,False
one_sided_embedding,source,B,1.9732500765120602,0.6526425205107145,False
one_sided_embedding,source,B,-0.9845254917613981,-0.4776679782671535,False
one_sided_embedding,source,B,3.754427245314976,-1.6441291627235564,False
one_sided_embedding,source,B,-0.3285063649198578,-0.10346812463282269,False
one_sided_embedding,source,B,-0.2519235526355802,-1.8094030327650787,False
one_sided_embedding,source,B,3.0719051326284386,0.7381980038662478,False
one_sided_embedding,source,B,-0.5517444044147438,-1.5620155669254328,False
one_sided_embedding,source,B,-1.6781364670716916,-2.7706684521356264,False
one_sided_embedding,source,B,1.5408840783325546,0.6250164192333479,False
one_sided_embedding,source,B,0.6379506489964801,1.0040571384699648,False
one_sided_embedding,source,B,0.17021651109413508,0.2730289569632322,False
one_sided_embedding,source,B,-1.665450919004588,-2.437860121845585,False
one_sided_embedding,source,B,-1.0796327787717193,-1.4370944601729074,False
one_sided_embedding,source,B,-0.5772894867791443,-0.8249019646636488,False
one_sided_embedding,source,B,-2.5771455982218505,-3.3336781870879957,False
one_sided_embedding,source,B,0.7591327824173049,0.32619034524607277,False
one_sided_embedding,source,B,3.6748149465164643,1.0587401243664085,False
one_sided_embedding,source,B,-0.44578377444634815,0.3176822518051598,False
one_sided_embedding,source,B,-1.174169257954217,-0.4404346414893364,False
one_sided_embedding,source,B,-1.390557467854212,-1.2510996229741027,False
one_sided_embedding,source,B,0.36635651134867914,-0.5905939237125417,False
one_sided_embedding,source,B,0.5180999040277063,1.5409375541384338,False
one_sided_embedding,source,B,-1.5906322957006427,1.287055368513903,False
one_sided_embedding,source,B,-0.2547807077373434,2.0096864509119765,False
one_sided_embedding,source,B,-1.9997218809496924,-0.7956746048677511,False
one_sided_embedding,source,B,0.2522070645016817,0.12106234495115067,False
one_sided_embedding,source,B,1.7609182060973556,0.7501747005112539,False
one_sided_embedding,source,B,-0.13566551515664013,0.591964539659833,False
one_sided_embedding,source,C,5.615963819006575,3.243288400498413,False
one_sided_embedding,source,C,5.87680552747421,3.708424326387807,False
one_sided_embedding,source,C,5.743988933436178,2.81260818848292,False
one_sided_embedding,source,C,5.381905349711831,2.7136682726028565,False
one_sided_embedding,source,C,5.98748696014447,3.270582584853627,False
one_sided_embedding,source,C,5.7715830426673165,3.542426143052546,False
one_sided_embedding,source,C,6.231234212826596,2.568687746468898,False
one_sided_embedding,source,C,4.964802587429662,3.4706223253631387,False
one_sided_embedding,source,C,4.974327249085766,3.4450360338554367,False
one_sided_embedding,source,C,5.317502957223802,2.221988495017037,False
one_sided_embedding,source,C,6.3894494690579,4.216000527037061,False
one_sided_embedding,source,C,6.119499364480281,3.637332108541143,False
one_sided_embedding,source,C,5.591615720746701,3.7259046609931876,False
one_sided_embedding,source,C,6.416600881971125,4.722725377613472,False
one_sided_embedding,source,C,5.3633555766762635,3.681046019683766,False
one_sided_embedding,source,C,5.402872778685807,3.660483578840091,False
one_sided_embedding,source,C,4.774729217786617,2.5730597205436476,False
one_sided_embedding,source,C,5.673820202636926,3.6520898399657806,False
one_sided_embedding,source,C,6.176897368217057,3.8038601220304336,False
one_sided_embedding,source,C,5.226257598107745,3.639533211477704,False
one_sided_embedding,source,C,5.08304394471862,3.283827174338642,False
one_sided_embedding,source,C,5.50743027625129,2.875246715022492,False
one_sided_embedding,source,C,5.176712471517766,4.112433471780606,False
one_sided_embedding,source,C,6.242272544560789,4.1089066364994045,False
one_sided_embedding,source,C,6.260072071068561,3.862403281397159,False
one_sided_embedding,source,C,6.019059624232544,3.528050319413428,False
one_sided_embedding,source,C,4.267921571975455,2.8733229073465307,False
one_sided_embedding,source,C,5.951080810527838,2.9258388728090488,False
one_sided_embedding,source,C,5.621429457132629,3.2730888924134596,False
one_sided_embedding,source,C,5.099594307437714,3.831476098790077,False
one_sided_embedding,source,C,5.981625621387713,3.259958065442465,False
one_sided_embedding,source,C,5.527123911135551,3.9946456770916554,False
one_sided_embedding,source,C,4.516354265014383,4.01461328566072,False
one_sided_embedding,source,C,5.2810381285412245,3.870256031505255,False
one_sided_embedding,source,C,6.451105343300762,2.9094205118421046,False
one_sided_embedding,source,C,6.882496400429165,2.792817858296971,False
one_sided_embedding,source,C,3.985839756162618,2.7171483432814516,False
one_sided_embedding,source,C,6.220783305604548,4.071370748723889,False
one_sided_embedding,source,C,6.302227128969335,3.566550566317012,False
one_sided_embedding,source,C,4.585419776409391,3.633407363321327,False
one_sided_embedding,source,C,6.59337782003862,3.1913457094751077,False
one_sided_embedding,source,C,5.291410457637472,2.8913098251142872,False
one_sided_embedding,source,C,4.934198287265918,3.2781253869451454,False
one_sided_embedding,source,C,5.363935519542176,3.131749865058808,False
one_sided_embedding,source,C,4.787068339034014,2.5672236868988016,False
one_sided_embedding,source,C,5.5162116971998465,3.5748628543538334,False
one_sided_embedding,source,C,5.076295598750721,3.1854668409347893,False
one_sided_embedding,source,C,4.8521268735362835,5.016274970497293,False
one_sided_embedding,source,C,5.189753994129823,3.8305731515077337,False
one_sided_embedding,source,C,4.376300496035014,3.6283337233692823,False
one_sided_embedding,source,C,4.596003301398518,3.5607305614199967,False
one_sided_embedding,source,C,5.9065690510132836,4.126923773496353,False
one_sided_embedding,source,C,5.480396512110168,3.409360667188195,False
one_sided_embedding,source,C,6.47955611674691,3.5589481685573117,False
one_sided_embedding,source,C,5.472798184142473,4.4261731192484195,False
one_sided_embedding,source,C,6.040526014193568,3.1035008329478173,False
one_sided_embedding,source,C,5.9789941798581525,2.8243037398323354,False
one_sided_embedding,source,C,5.11619040995148,2.97499652935812,False
one_sided_embedding,source,C,6.8236475758102495,4.112615447940582,False
one_sided_embedding,source,C,6.262627581366168,3.8608622881851757,False
one_sided_embedding,source,C,6.436198882542679,2.87220970502078,False
one_sided_embedding,source,C,5.461973808832937,4.830343900251812,False
one_sided_embedding,source,C,5.317857802322005,3.7013717906348007,False
one_sided_embedding,source,C,4.528141718765517,3.115715227992346,False
one_sided_embedding,source,C,4.530478601210435,4.465493106930609,False
one_sided_embedding,source,C,5.201034165704444,2.9855237631319436,False
one_sided_embedding,source,C,5.230972286736243,3.6405235827799247,False
one_sided_embedding,source,C,5.07190939487865,2.8427385919559636,False
one_sided_embedding,source,C,5.16638752423808,4.12895602991531,False
one_sided_embedding,source,C,4.762940028761555,2.4172500065989624,False
one_sided_embedding,source,C,5.136743465565614,2.767622213673931,False
one_sided_embedding,source,C,5.721279581964275,3.478872189192275,False
one_sided_embedding,source,C,5.824756934008186,2.8658625743884825,False
one_sided_embedding,source,C,3.739678441937856,2.8543645202839043,False
one_sided_embedding,source,C,5.172781754850585,2.8250648127360365,False
one_sided_embedding,source,C,6.578265363172545,2.8743273949531924,False
one_sided_embedding,source,C,5.595061911882476,3.553589009847312,False
one_sided_embedding,source,C,7.117643208205124,3.557212502225326,False
one_sided_embedding,source,C,4.861977535872933,3.541384815572259,False
one_sided_embedding,source,C,4.959385827431544,3.087353034994226,False
one_sided_embedding,source,C,5.225784456166094,4.180946106931932,False
one_sided_embedding,source,C,5.5818322930377215,5.020488578000178,False
one_sided_embedding,source,C,6.802104097933451,4.211088737763442,False
one_sided_embedding,source,C,6.166082610745206,4.1252162416539875,False
one_sided_embedding,source,C,5.030700534093559,3.4295271644429293,False
one_sided_embedding,source,C,5.6461875664902035,4.0987265734735905,False
one_sided_embedding,source,C,5.324082450993011,3.357946041004493,False
one_sided_embedding,source,C,4.865294570046192,4.739648153601111,False
one_sided_embedding,source,C,5.752720387066434,2.814089759787683,False
one_sided_embedding,source,C,5.867256769187298,3.3202548780383467,False
one_sided_embedding,source,C,5.0106917310253944,3.520334252154531,False
one_sided_embedding,source,C,5.404420055633314,3.7162998102257303,False
one_sided_embedding,source,C,4.769689758466531,3.075095918416508,False
one_sided_embedding,source,C,5.44347274934226,3.229486663297561,False
one_sided_embedding,source,C,5.938856038773994,2.7841665343404576,False
one_sided_embedding,source,C,3.7530809789258317,3.297416771200707,False
one_sided_embedding,source,C,6.095811474731969,3.613769506451536,False
one_sided_embedding,source,C,4.9856726537360485,3.668947965541297,False
one_sided_embedding,source,C,6.125140525228595,3.675855503817476,False
one_sided_embedding,source,C,6.3739088619724455,3.8026401294600944,False
one_sided_embedding,source,C,5.495158658614916,2.841052204809001,False
one_sided_embedding,source,C,5.725170439849742,4.470215128515387,False
one_sided_embedding,source,C,5.484828777181202,3.426957926259112,False
one_sided_embedding,source,C,5.153081844748355,3.16964695653391,False
one_sided_embedding,source,C,6.157811709173975,3.991760388768841,False
one_sided_embedding,source,C,6.039640627953869,3.840563374794446,False
one_sided_embedding,source,C,6.452987939526438,2.3017669766523934,False
one_sided_embedding,source,C,5.573684776838421,3.414235198078338,False
one_sided_embedding,source,C,4.645176253845816,2.7740795021490063,False
one_sided_embedding,source,C,4.808267636150015,2.262545929196211,False
one_sided_embedding,source,C,5.647565560687509,3.0672692299512647,False
one_sided_embedding,source,C,7.001600634864157,3.7221417136728148,False
one_sided_embedding,source,C,5.141409113418421,2.738366818913692,False
one_sided_embedding,source,C,5.497832040728496,3.0341593151356197,False
one_sided_embedding,source,C,5.997482976953136,3.428302231037414,False
one_sided_embedding,source,C,4.572649357441596,3.8850696490581615,False
one_sided_embedding,source,C,5.659483201269697,3.0394680253048443,False
one_sided_embedding,source,C,6.911198381470726,2.1002062674197273,False
one_sided_embedding,source,C,5.048066022712228,4.272429966122413,False
one_sided_embedding,source,C,5.407116428744744,4.828718586803834,False
one_sided_embedding,unknown,X,-0.49029009254605427,-0.26234806991860804,True
one_sided_embedding,unknown,X,0.023946588721683426,-0.46943383573688624,True
one_sided_embedding,unknown,X,-0.08776399790055553,0.029994604791371726,True
one_sided_embedding,unknown,X,0.11490353938206309,-0.3977571763553759,True
one_sided_embedding,unknown,X,-0.06507668989454762,-0.5336377710945918,True
one_sided_embedding,unknown,X,0.14051319789037223,-0.3669026705179129,True
one_sided_embedding,unknown,X,-0.34082270703728657,0.24559394218800554,True
one_sided_embedding,unknown,X,-0.20986109795877436,-0.11748485857225811,True
one_sided_embedding,unknown,X,-0.5991092288412135,0.02297527189090981,True
one_sided_embedding,unknown,X,0.5900585973596723,0.03582465314793598,True
one_sided_embedding,unknown,X,-0.4784099397428093,-0.2937313591705424,True
one_sided_embedding,unknown,X,0.02057854146887493,-0.11954288316006245,True
one_sided_embedding,unknown,X,-0.11190959952635376,0.0004563439927626478,True
one_sided_embedding,unknown,X,0.5174171646373548,-0.12678161644507532,True
one_sided_embedding,unknown,X,0.5523761192735638,0.2539289000494882,True
one_sided_embedding,unknown,X,-0.1561751672109001,-0.15221051368661673,True
one_sided_embedding,unknown,X,-0.23705397136877174,-0.12634003960066115,True
one_sided_embedding,unknown,X,0.07946798491411396,0.1359950815029402,True
one_sided_embedding,unknown,X,-0.13428562383972176,-0.12571298617314716,True
one_sided_embedding,unknown,X,0.4466935062374243,-0.5586029562545509,True
shallow_only_overlap,source,A,-0.46176833519398514,0.2789007865983875,True
shallow_only_overlap,source,A,-1.0197455266728797,0.39546508076421627,True
shallow_only_overlap,source,A,-0.7552271967154108,0.5170651212243222,True
shallow_only_overlap,source,A,-0.9160965139941981,0.7486717108679082,True
shallow_only_overlap,source,A,-1.0971203132113865,0.2341067279106151,True
shallow_only_overlap,source,A,-0.2374833407250586,0.2327031434270379,True
shallow_only_overlap,source,A,0.49809073028006323,1.7965876231314297,True
shallow_only_overlap,source,A,-2.4171814657484774,-0.9440848348696727,True
shallow_only_overlap,source,A,0.15905954620050056,0.10703492765894049,True
shallow_only_overlap,source,A,1.3043108919191992,1.221191857067117,True
shallow_only_overlap,source,A,0.05129899343122413,1.2921267900226276,True
shallow_only_overlap,source,A,0.1308694427364534,0.7516426528160463,True
shallow_only_overlap,source,A,-1.376280933784657,-0.17158182266073668,True
shallow_only_overlap,source,A,-2.9688546184243023,-1.8631098905104488,True
shallow_only_overlap,source,A,-1.6855054157424907,-0.01933127298440457,True
shallow_only_overlap,source,A,-0.6106823634253311,0.1369544295790082,True
shallow_only_overlap,source,A,-1.333231203668917,-0.3129803987653788,True
shallow_only_overlap,source,A,-1.3037433237180678,-0.039483034210794105,True
shallow_only_overlap,source,A,-0.0774452181237989,1.2759777497269345,True
shallow_only_overlap,source,A,-0.9014191034858337,0.21993534997993136,True
shallow_only_overlap,source,A,-0.6687303562131984,-0.24284956617356163,True
shallow_only_overlap,source,A,1.7538300943833385,2.397036251041724,True
shallow_only_overlap,source,A,-0.5911086343602485,0.0007342026215537145,True
shallow_only_overlap,source,A,0.08887786417991272,0.7534932855344616,True
shallow_only_overlap,source,A,0.3307141548786303,0.2624806850561823,True
shallow_only_overlap,source,A,-0.54457716795528,0.28064644047872545,True
shallow_only_overlap,source,A,-0.10425063186519179,1.2803318309748426,True
shallow_only_overlap,source,A,-0.8357181242864947,0.44644377196190027,True
shallow_only_overlap,source,A,-0.6675624906073535,-0.31156042748218177,True
shallow_only_overlap,source,A,1.0888693812797423,0.9630297185455925,True
shallow_only_overlap,source,A,-0.3100723078487313,0.08815629584379442,True
shallow_only_overlap,source,A,-1.7388593147345868,-0.16471242185040258,True
shallow_only_overlap,source,A,0.16273375256111267,0.6706701508837428,True
shallow_only_overlap,source,A,-0.29934883416230285,0.892197740254534,True
shallow_only_overlap,source,A,-1.0665827355826492,0.3505346311876343,True
shallow_only_overlap,source,A,-1.2174201281316173,0.16712164650956865,True
shallow_only_overlap,source,A,-2.4395593401935374,-0.31556332757132205,True
shallow_only_overlap,source,A,-1.365721990966946,-0.21477912475765754,True
shallow_only_overlap,source,A,0.6313788354641723,0.7916761375777908,True
shallow_only_overlap,source,A,-1.0565695192111197,-0.2055035513563057,True
shallow_only_overlap,source,A,0.24023562719836722,0.5783241479886223,True
shallow_only_overlap,source,A,-1.704188588060764,-1.070692969559775,True
shallow_only_overlap,source,A,0.10957071709523514,0.07959877548174357,True
shallow_only_overlap,source,A,-2.5696470554276907,-1.600149375548837,True
shallow_only_overlap,source,A,1.9772375029791347,1.5337099245084078,True
shallow_only_overlap,source,A,-0.8742447061814849,0.3463772919109348,True
shallow_only_overlap,source,A,-0.2207417427093501,0.09907083311213538,True
shallow_only_overlap,source,A,-0.4283104038423978,1.2797776858594205,True
shallow_only_overlap,source,A,-1.316694555512068,0.6957043279317827,True
shallow_only_overlap,source,A,-3.9755405036898903,-2.1944612340062912,True
shallow_only_overlap,source,A,-1.0002927110062063,0.6278669395273548,True
shallow_only_overlap,source,A,-0.9944382290787168,0.23695451122160313,True
shallow_only_overlap,source,A,-0.8451646138770993,0.9747608780408366,True
shallow_only_overlap,source,A,-1.8405297612387037,-0.9231645911782109,True
shallow_only_overlap,source,A,0.7752323796931733,1.5605923166393447,True
shallow_only_overlap,source,A,-0.19779582820385821,0.4847821670080867,True
shallow_only_overlap,source,A,-1.1140082778916647,-0.19485389184331114,True
shallow_only_overlap,source,A,-1.4176548369245805,-0.33526099805307313,True
shallow_only_overlap,source,A,-2.351878877244648,-1.1304653470638002,True
shallow_only_overlap,source,A,-2.015549635762427,-0.25996637405517,True
shallow_only_overlap,source,A,-1.4520870620379278,-0.6085768082094352,True
shallow_only_overlap,source,A,0.4782797626202693,1.1998344142027757,True
shallow_only_overlap,source,A,-1.4457030169017078,-0.37454238788452915,True
shallow_only_overlap,source,A,0.7637107215235202,0.7993150738868484,True
shallow_only_overlap,source,A,-0.5312119820662815,0.2190786402963774,True
shallow_only_overlap,source,A,-0.45775014622404325,0.0031096107413076113,True
shallow_only_overlap,source,A,-0.9907318251128215,0.2981260964088374,True
shallow_only_overlap,source,A,-0.23561043791592096,0.4732685750872499,True
shallow_only_overlap,source,A,-2.161795435222718,-0.86731577550557,True
shallow_only_overlap,source,A,0.7693280930647444,1.0773301785327603,True
shallow_only_overlap,source,A,0.8121802581794075,1.8535222238430462,True
shallow_only_overlap,source,A,-1.8605340058171191,-0.08945088425199976,True
shallow_only_overlap,source,A,-2.128451433221265,-1.101292564080301,True
shallow_only_overlap,source,A,-2.31824411632431,-0.6455188105359058,True
shallow_only_overlap,source,A,-0.09279324826214963,0.7931264127816675,True
shallow_only_overlap,source,A,-2.0762058311977514,-0.8058220449929534,True
shallow_only_overlap,source,A,0.8528181258218024,0.7510950522999031,True
shallow_only_overlap,source,A,-1.7033867874176565,-0.07770117847763547,True
shallow_only_overlap,source,A,-0.549276886048758,0.7188091851249254,True
shallow_only_overlap,source,A,0.12378276217010986,0.03678107521153151,True
shallow_only_overlap,source,A,-0.5296986600994344,-0.1977833766378368,True
shallow_only_overlap,source,A,1.0431140484587695,1.3667420518364484,True
shallow_only_overlap,source,A,0.701930360930074,0.3274501209455556,True
shallow_only_overlap,source,A,-2.2470010846849164,-0.27743721496314877,True
shallow_only_overlap,source,A,-1.6591495551665718,-0.9209756863989516,True
shallow_only_overlap,source,A,-0.7863197391108075,-0.47968974971047623,True
shallow_only_overlap,source,A,-0.07135089870572975,0.4415579589886187,True
shallow_only_overlap,source,A,-3.0705622441113976,-1.4638528270532047,True
shallow_only_overlap,source,A,-1.103205503484034,0.19215800054035578,True
shallow_only_overlap,source,A,-0.0051285543780320575,0.889683444358365,True
shallow_only_overlap,source,A,-2.083575152354326,-0.19359376016538826,True
shallow_only_overlap,source,A,-0.6444104264249924,0.7227203757293752,True
shallow_only_overlap,source,A,-0.9005261615719063,-0.8407468901593487,True
shallow_only_overlap,source,A,-1.5108937586315645,-0.7097007440715297,True
shallow_only_overlap,source,A,0.48583502280141255,1.3830762617364563,True
shallow_only_overlap,source,A,-2.174739403415037,-1.470728805707067,True
shallow_only_overlap,source,A,-1.8350412403094376,-0.5764305872125186,True
shallow_only_overlap,source,A,-0.7163695426174659,0.6128701798788896,True
shallow_only_overlap,source,A,-1.3094527294137936,0.5782421597990511,True
shallow_only_overlap,source,A,-1.4354409221868552,-0.3021687908648602,True
shallow_only_overlap,source,A,1.450839267342346,2.33168005244453,True
shallow_only_overlap,source,A,-0.9483127757203724,-0.4492381560835686,True
shallow_only_overlap,source,A,0.5222146320199497,0.9253541680331225,True
shallow_only_overlap,source,A,-1.3827295317420103,-0.6945129022739933,True
shallow_only_overlap,source,A,0.7637038070164115,1.142262690822491,True
shallow_only_overlap,source,A,0.008422803402310719,0.21110152052223632,True
shallow_only_overlap,source,A,0.10501882847857313,1.1918416466937611,True
shallow_only_overlap,source,A,-0.8622950699290817,0.02855570645610725,True
shallow_only_overlap,source,A,-1.6504812088262548,-0.7573211161417361,True
shallow_only_overlap,source,A,0.6416559003178979,0.7254283368544807,True
shallow_only_overlap,source,A,0.19580857688655984,0.7596867775555693,True
shallow_only_overlap,source,A,-2.3268201996508564,-0.32438667358841883,True
shallow_only_overlap,source,A,-1.53289078638019,-0.31090010353258307,True
shallow_only_overlap,source,A,1.1919364128388512,0.8023993891086985,True
shallow_only_overlap,source,A,-1.0378417684263388,-0.6108540606437334,True
shallow_only_overlap,source,A,-3.1871384433613317,-0.9421391273539288,True
shallow_only_overlap,source,A,0.14050216194143295,0.8168454254413977,True
shallow_only_overlap,source,A,-1.9194703168256917,-0.6596569108110448,True
shallow_only_overlap,source,A,-1.25789705648228,-0.1657689872059398,True
shallow_only_overlap,source,A,-0.523796458048541,-0.08591129336999598,True
shallow_only_overlap,source,B,0.15493957144982873,0.35795325928596905,False
shallow_only_overlap,source,B,2.5691765207811263,-1.1290585867675977,False
shallow_only_overlap,source,B,1.0672018365226865,-0.6086308214588629,False
shallow_only_overlap,source,B,-0.6433427099021773,0.35880616505770807,False
shallow_only_overlap,source,B,1.32567463479739,-0.16760268934393074,False
shallow_only_overlap,source,B,0.2531030136391589,0.46179642720988895,False
shallow_only_overlap,source,B,-0.9484584987530307,1.0576999524404234,False
shallow_only_overlap,source,B,0.5433951949072213,0.3882787066674978,False
shallow_only_overlap,source,B,0.037761348741133904,0.24539128128149174,False
shallow_only_overlap,source,B,1.0171203504112551,-0.3886764722566196,False
shallow_only_overlap,source,B,1.0780744178993227,-0.882729173584673,False
shallow_only_overlap,source,B,-1.8682764234268918,2.1622267978038505,False
shallow_only_overlap,source,B,1.565457391297225,-1.844104428300056,False
shallow_only_overlap,source,B,0.5013179588058418,0.7865683962765675,False
shallow_only_overlap,source,B,1.1493359764326463,-0.13358517148564464,False
shallow_only_overlap,source,B,0.2510023008844048,-0.5505425027688169,False
shallow_only_overlap,source,B,0.283316269684327,0.40729526772260954,False
shallow_only_overlap,source,B,0.8183062617000728,-0.5149585854011021,False
shallow_only_overlap,source,B,0.7440597477190417,-0.5663533946523869,False
shallow_only_overlap,source,B,0.742559310437675,-0.30078311520872747,False
shallow_only_overlap,source,B,2.9983925514057823,-1.8450352566775712,False
shallow_only_overlap,source,B,1.215562309366456,-0.4854446514626972,False
shallow_only_overlap,source,B,0.7511090494214038,-0.35663879967084566,False
shallow_only_overlap,source,B,1.568932695153102,-0.42874190489898706,False
shallow_only_overlap,source,B,1.8865958873433766,-0.8122619379788798,False
shallow_only_overlap,source,B,0.6367792704273919,-0.8980499858132536,False
shallow_only_overlap,source,B,1.5391906979942351,-1.2172596907193167,False
shallow_only_overlap,source,B,1.6917884408601782,-0.49863318994849054,False
shallow_only_overlap,source,B,2.7356151983197186,-1.006101883203456,False
shallow_only_overlap,source,B,0.9844080728566712,-0.09553898874841862,False
shallow_only_overlap,source,B,1.4647077948248255,-0.3613134676722505,False
shallow_only_overlap,source,B,0.3668748489660503,-0.15809496537900125,False
shallow_only_overlap,source,B,2.3218993129459555,-1.0772737926996758,False
shallow_only_overlap,source,B,1.079668697633116,-0.7092081254222204,False
shallow_only_overlap,source,B,0.9469393072403843,0.18416529527855763,False
shallow_only_overlap,source,B,0.46933985057846367,0.200094061329466,False
shallow_only_overlap,source,B,3.42534515881309,-1.0108600896031301,False
shallow_only_overlap,source,B,1.8495618688083257,-1.610470477626384,False
shallow_only_overlap,source,B,-0.7869341630843028,0.47545291701417963,False
shallow_only_overlap,source,B,0.20372178810599895,0.8972594809670349,False
shallow_only_overlap,source,B,-0.3160882128350444,0.8396255031026187,False
shallow_only_overlap,source,B,1.6377470175835365,-0.9208481304307241,False
shallow_only_overlap,source,B,0.9910297631578834,-0.6637350284130108,False
shallow_only_overlap,source,B,1.5625945357776745,-0.926369934246692,False
shallow_only_overlap,source,B,-0.40934986699211784,1.4527519686269834,False
shallow_only_overlap,source,B,-0.4299148071685246,1.110512600135772,False
shallow_only_overlap,source,B,1.8454817949304818,-1.0020329238075891,False
shallow_only_overlap,source,B,0.013643009281392948,-0.16699418941617478,False
shallow_only_overlap,source,B,0.09039858059203976,0.6221684795308788,False
shallow_only_overlap,source,B,-0.23383147421853812,0.45634172226045017,False
shallow_only_overlap,source,B,-0.531761225251048,0.6867016439270204,False
shallow_only_overlap,source,B,1.808984191043144,-0.456443130989673,False
shallow_only_overlap,source,B,0.5404032409676659,-0.6183738854034642,False
shallow_only_overlap,source,B,1.0763687245998859,-0.1279357088848648,False
shallow_only_overlap,source,B,1.7964171689943063,-0.7140332849719992,False
shallow_only_overlap,source,B,0.21496358358767897,-0.48613192115925374,False
shallow_only_overlap,source,B,-0.5222753286264552,0.18379023890715596,False
shallow_only_overlap,source,B,0.427736112583661,-0.2958093859664702,False
shallow_only_overlap,source,B,1.1281754700722935,-0.20363515082249298,False
shallow_only_overlap,source,B,-0.4192219330657172,0.944278533157068,False
shallow_only_overlap,source,B,0.4436751402291587,-0.06316032153446155,False
shallow_only_overlap,source,B,-0.6176262983446072,1.5381870000599482,False
shallow_only_overlap,source,B,3.0794519825187683,-1.9780868018095663,False
shallow_only_overlap,source,B,0.2944552938185213,0.5100602731622217,False
shallow_only_overlap,source,B,1.2487041302194026,-0.580949502313008,False
shallow_only_overlap,source,B,1.8366453121554556,-0.8150871359389333,False
shallow_only_overlap,source,B,0.24049305851063574,-0.0332215581126854,False
shallow_only_overlap,source,B,2.498478733787005,-1.7301536759077794,False
shallow_only_overlap,source,B,1.14414709388934,-0.20211167897192522,False
shallow_only_overlap,source,B,0.729371916830047,-0.7535559766572608,False
shallow_only_overlap,source,B,1.0192576479280855,-0.603380385510262,False
shallow_only_overlap,source,B,0.7940033486586621,-0.0919380082133339,False
shallow_only_overlap,source,B,0.30567353141474723,0.2637843150939422,False
shallow_only_overlap,source,B,0.14701704578943997,0.40608035234510914,False
shallow_only_overlap,source,B,0.8068363811576217,-1.0756941945776413,False
shallow_only_overlap,source,B,-2.1353317019730707,1.803784189808438,False
shallow_only_overlap,source,B,1.2933505331680049,0.21075613866933823,False
shallow_only_overlap,source,B,-0.8187950592234228,0.7039641860885562,False
shallow_only_overlap,source,B,0.3191033316967343,-0.2970296201463434,False
shallow_only_overlap,source,B,-0.17604565366171832,0.7063517331465134,False
shallow_only_overlap,source,B,0.15580695202734296,0.7678054369042384,False
shallow_only_overlap,source,B,0.15291018528343547,-0.07463200804620004,False
shallow_only_overlap,source,B,1.0424836839899994,-0.344001910214723,False
shallow_only_overlap,source,B,-0.45937222748113427,0.5423681027178742,False
shallow_only_overlap,source,B,3.4578224895245846,-1.5351398918935297,False
shallow_only_overlap,source,B,0.21427250009025745,-0.22556092562571248,False
shallow_only_overlap,source,B,0.9315641724484779,-0.2904287955201706,False
shallow_only_overlap,source,B,0.25954444441259905,0.7497566070666082,False
shallow_only_overlap,source,B,0.5260849053671061,0.16969364583842894,False
shallow_only_overlap,source,B,0.42792248092031193,0.0834408419267002,False
shallow_only_overlap,source,B,1.964729741953178,-0.6295860974213775,False
shallow_only_overlap,source,B,1.3883008322017343,-0.7694091477247316,False
shallow_only_overlap,source,B,1.1614354424130486,-0.2536326759391898,False
shallow_only_overlap,source,B,2.5594542007196424,-1.3470146541368075,False
shallow_only_overlap,source,B,1.2260340090247253,-0.2918555774896589,False
shallow_only_overlap,source,B,-0.26561804899751507,0.1731268312558607,False
shallow_only_overlap,source,B,-0.907441848370103,1.4911088354533877,False
shallow_only_overlap,source,B,1.6191231248879794,-0.6994156701787853,False
shallow_only_overlap,source,B,-1.2914655650918607,2.1995083474908936,False
shallow_only_overlap,source,B,1.4626102965181538,-1.1555017128381408,False
shallow_only_overlap,source,B,0.36221551031182725,0.3193482555063106,False
shallow_only_overlap,source,B,1.2594757244887698,-1.3421923631155506,False
shallow_only_overlap,source,B,0.8889940024012435,-0.14261569639219865,False
shallow_only_overlap,source,B,-0.11181443483887554,0.7892224907530796,False
shallow_only_overlap,source,B,-0.8647449769246602,1.0546190105622466,False
shallow_only_overlap,source,B,1.3371468336264374,-0.689815726542242,False
shallow_only_overlap,source,B,0.03190027964095743,0.017671084557455446,False
shallow_only_overlap,source,B,2.0238903171301477,-0.780528119229948,False
shallow_only_overlap,source,B,1.348334544131854,-0.29087096044346017,False
shallow_only_overlap,source,B,-0.12577810768346642,0.63631779481254,False
shallow_only_overlap,source,B,0.19694666314654352,0.26400021112626143,False
shallow_only_overlap,source,B,1.5654831315812907,-0.5679709600462329,False
shallow_only_overlap,source,B,-0.15020357407243712,0.5057645289058279,False
shallow_only_overlap,source,B,0.8954428381449648,-0.7404216571859394,False
shallow_only_overlap,source,B,-1.5459655158787273,1.555402817364564,False
shallow_only_overlap,source,B,-1.8605388426197684,1.1495330855694208,False
shallow_only_overlap,source,B,1.121646927299712,-0.6902712791829526,False
shallow_only_overlap,source,B,0.4327991028901301,-0.15964333134921854,False
shallow_only_overlap,source,B,2.1651682265664074,-0.30114266826546165,False
shallow_only_overlap,source,B,0.5551770631652425,0.449065033708083,False
shallow_only_overlap,source,C,5.209473101993028,2.8527407130626825,False
shallow_only_overlap,source,C,4.3154885066362985,1.8915623132984711,False
shallow_only_overlap,source,C,3.0069080531310677,3.9637778288193948,False
shallow_only_overlap,source,C,5.217235166824249,2.759740647068598,False
shallow_only_overlap,source,C,4.106478346429326,2.954047854016897,False
shallow_only_overlap,source,C,4.461235276139284,3.8782116473782713,False
shallow_only_overlap,source,C,5.700343235437035,3.1662884777475075,False
shallow_only_overlap,source,C,3.075231388013958,2.1083748930668453,False
shallow_only_overlap,source,C,3.0266571500239454,4.8562449798741945,False
shallow_only_overlap,source,C,5.515745979835567,3.7865196225298714,False
shallow_only_overlap,source,C,5.3106220941219116,3.0982546387084975,False
shallow_only_overlap,source,C,4.6758820504394825,3.6810577259401933,False
shallow_only_overlap,source,C,5.194752325312194,3.597723781151313,False
shallow_only_overlap,source,C,5.754248549895561,2.856926600574092,False
shallow_only_overlap,source,C,4.408045145494875,2.406043719922379,False
shallow_only_overlap,source,C,5.466363095218082,2.799135086393805,False
shallow_only_overlap,source,C,4.135220596615022,4.065113972768484,False
shallow_only_overlap,source,C,3.499140495508044,5.08120114536677,False
shallow_only_overlap,source,C,4.666274410322,3.495104140978434,False
shallow_only_overlap,source,C,4.183864046784149,3.5039129384518497,False
shallow_only_overlap,source,C,3.880350803742018,4.256066360764895,False
shallow_only_overlap,source,C,4.803008168665868,3.5571585497170877,False
shallow_only_overlap,source,C,4.075364127500361,3.43828219140367,False
shallow_only_overlap,source,C,4.9070098500467605,3.999574563452516,False
shallow_only_overlap,source,C,5.106420431733029,2.3144079518946032,False
shallow_only_overlap,source,C,4.667125020258685,2.801917681554243,False
shallow_only_overlap,source,C,4.699311839067477,3.46258289870238,False
shallow_only_overlap,source,C,3.8572129354041733,2.8088276586557126,False
shallow_only_overlap,source,C,5.516582746064925,3.9488137148885105,False
shallow_only_overlap,source,C,3.8845470239404793,3.150217423391908,False
shallow_only_overlap,source,C,5.317204011118756,3.1424494282670508,False
shallow_only_overlap,source,C,5.108010869865156,3.822841327837146,False
shallow_only_overlap,source,C,4.24657183749279,3.9329350604951734,False
shallow_only_overlap,source,C,5.542217694137249,3.9161573522500124,False
shallow_only_overlap,source,C,5.3260872477210786,2.6995828531658295,False
shallow_only_overlap,source,C,4.636080539609928,3.6746732758318434,False
shallow_only_overlap,source,C,4.533331887510996,2.9054492185740775,False
shallow_only_overlap,source,C,4.458750092739255,4.4514362562364616,False
shallow_only_overlap,source,C,4.217508024692118,3.063532119175606,False
shallow_only_overlap,source,C,4.202390604795692,2.894300247645004,False
shallow_only_overlap,source,C,3.37577842588656,4.404304111837208,False
shallow_only_overlap,source,C,3.8613432288108838,3.5957924427232206,False
shallow_only_overlap,source,C,3.01182560765147,4.322261274394619,False
shallow_only_overlap,source,C,5.64572125038861,3.1354243425543413,False
shallow_only_overlap,source,C,5.645029434330883,4.040281263065895,False
shallow_only_overlap,source,C,4.833076025441916,4.256198725638709,False
shallow_only_overlap,source,C,4.344873827633446,3.4359111282462544,False
shallow_only_overlap,source,C,4.31615732993219,4.069092380179972,False
shallow_only_overlap,source,C,3.4138635297093414,3.777143269277143,False
shallow_only_overlap,source,C,4.2542487014795825,2.918434346828263,False
shallow_only_overlap,source,C,5.866444743396444,5.19343323373778,False
shallow_only_overlap,source,C,3.9503561713901156,3.2405523819770203,False
shallow_only_overlap,source,C,3.164358393495121,1.8940623639730492,False
shallow_only_overlap,source,C,3.9997543464697305,4.2398201933414725,False
shallow_only_overlap,source,C,3.2650727251134404,3.993561026755431,False
shallow_only_overlap,source,C,4.786170106228784,3.56230109750851,False
shallow_only_overlap,source,C,5.375027182693253,5.330004708509168,False
shallow_only_overlap,source,C,4.08852949681855,3.520337521145879,False
shallow_only_overlap,source,C,5.449215475171134,2.291468035845611,False
shallow_only_overlap,source,C,4.234336588797434,3.3924101721618105,False
shallow_only_overlap,source,C,5.155108515569773,3.5589593412745555,False
shallow_only_overlap,source,C,4.5032004072239324,3.692188320013043,False
shallow_only_overlap,source,C,4.5294370463775895,3.167862248889054,False
shallow_only_overlap,source,C,4.14924763756415,3.1034138841673986,False
shallow_only_overlap,source,C,4.10714362877466,3.675420199023124,False
shallow_only_overlap,source,C,5.4489006893308956,4.118935560656258,False
shallow_only_overlap,source,C,4.179004491000876,4.10442590214491,False
shallow_only_overlap,source,C,4.359503438383274,3.2009320024747105,False
shallow_only_overlap,source,C,5.754255951985945,3.5885216437930674,False
shallow_only_overlap,source,C,3.8636759205263806,4.591303632793844,False
shallow_only_overlap,source,C,4.799045496545345,4.496007559511897,False
shallow_only_overlap,source,C,4.505925913022939,2.6291504332819446,False
shallow_only_overlap,source,C,2.314410534562382,4.439908368833964,False
shallow_only_overlap,source,C,6.138241142894869,3.1679681068572854,False
shallow_only_overlap,source,C,4.690237107939017,3.984893321155558,False
shallow_only_overlap,source,C,5.198853116262024,4.460943607820075,False
shallow_only_overlap,source,C,5.045689175635682,3.77386452514567,False
shallow_only_overlap,source,C,3.253012541596167,3.2589972010527695,False
shallow_only_overlap,source,C,4.785813021569481,4.722058920384593,False
shallow_only_overlap,source,C,4.917881987239106,3.1943429169616624,False
shallow_only_overlap,source,C,5.248965737420473,3.9075815119981447,False
shallow_only_overlap,source,C,3.612426780333276,3.697589210586343,False
shallow_only_overlap,source,C,5.145800187016575,2.986602834034645,False
shallow_only_overlap,source,C,4.607209168786897,3.3719991361841033,False
shallow_only_overlap,source,C,5.645815566792147,4.05511904211675,False
shallow_only_overlap,source,C,5.698173263828734,3.1135027138695963,False
shallow_only_overlap,source,C,3.7057016727117698,4.187422249855185,False
shallow_only_overlap,source,C,4.127230462805652,5.012371988031965,False
shallow_only_overlap,source,C,3.6118694404671414,3.0522764752072287,False
shallow_only_overlap,source,C,3.557152684238111,4.265114992537621,False
shallow_only_overlap,source,C,5.173951135601163,3.175722467424622,False
shallow_only_overlap,source,C,3.558765523013271,3.3752548660797177,False
shallow_only_overlap,source,C,4.48872747071367,2.249637972928051,False
shallow_only_overlap,source,C,5.201745756102058,2.312817864678575,False
shallow_only_overlap,source,C,4.92879441846041,4.693859506127175,False
shallow_only_overlap,source,C,4.0876277870560935,3.2773770650646386,False
shallow_only_overlap,source,C,3.906198996130437,4.133092059418278,False
shallow_only_overlap,source,C,4.209088596993803,2.1186630090766005,False
shallow_only_overlap,source,C,2.9388451436209255,2.6535676578941727,False
shallow_only_overlap,source,C,3.7231693531131302,3.214484238116785,False
shallow_only_overlap,source,C,4.920243609140127,3.951368480989576,False
shallow_only_overlap,source,C,5.573686631878266,4.061968179540596,False
shallow_only_overlap,source,C,4.692680254730891,4.425963678530377,False
shallow_only_overlap,source,C,5.229956582528036,3.214810047944744,False
shallow_only_overlap,source,C,3.697755438509026,4.051069116305463,False
shallow_only_overlap,source,C,3.943572983408832,3.048774906086808,False
shallow_only_overlap,source,C,4.724517709349396,4.406930177692869,False
shallow_only_overlap,source,C,5.565273789295835,3.05751208295737,False
shallow_only_overlap,source,C,4.458583659905923,1.6664888051246536,False
shallow_only_overlap,source,C,4.4121329392070825,3.9898245147379434,False
shallow_only_overlap,source,C,4.131320567501081,2.252440243276265,False
shallow_only_overlap,source,C,3.894021966784008,4.517714085797458,False
shallow_only_overlap,source,C,3.866990870300729,4.376697892248939,False
shallow_only_overlap,source,C,4.7888498256842,3.4332808360878713,False
shallow_only_overlap,source,C,4.66348033010541,2.7338008433864576,False
shallow_only_overlap,source,C,4.328265243269244,3.8281207174661063,False
shallow_only_overlap,source,C,5.246996255493878,3.3527994013069256,False
shallow_only_overlap,source,C,3.017239526788842,3.5652570708405302,False
shallow_only_overlap,source,C,5.74430427950097,4.133375807116088,False
shallow_only_overlap,source,C,4.709730423142869,2.142575601020898,False
shallow_only_overlap,unknown,X,-1.768020660554039,0.41737963060805316,True
shallow_only_overlap,unknown,X,-1.6228931360516925,-0.2686813089270209,True
shallow_only_overlap,unknown,X,-1.3454441227340779,0.5288110076701966,True
shallow_only_overlap,unknown,X,-1.2496108453783386,0.5833684450613725,True
shallow_only_overlap,unknown,X,-0.950909218169633,1.1648620002056558,True
shallow_only_overlap,unknown,X,-1.7148919406400533,1.0064612268694946,True
shallow_only_overlap,unknown,X,-1.4348506547345503,0.7550810696121606,True
shallow_only_overlap,unknown,X,-1.5699780176308278,0.8868846924003171,True
shallow_only_overlap,unknown,X,-1.28957487995837,-0.3306566550148178,True
shallow_only_overlap,unknown,X,-1.3052360060933812,0.9792325965111055,True
shallow_only_overlap,unknown,X,-1.2244983883678215,0.8391201797751676,True
shallow_only_overlap,unknown,X,-2.343718827125996,1.3203132601389385,True
shallow_only_overlap,unknown,X,-1.9184267485305448,0.6427080579137467,True
shallow_only_overlap,unknown,X,-0.46015502947678055,1.317481571485608,True
shallow_only_overlap,unknown,X,-0.4704214957572187,2.0553784825844046,True
shallow_only_overlap,unknown,X,-1.3995956922587154,0.5909275814604651,True
shallow_only_overlap,unknown,X,-1.9438462196389645,0.3037598924974087,True
shallow_only_overlap,unknown,X,-1.3164938512358844,0.645476669403505,True
shallow_only_overlap,unknown,X,-0.9731861885486515,0.823399229576297,True
shallow_only_overlap,unknown,X,-1.4218718090051468,0.8637786462669866,True
persistent_overlap,source,A,-0.3115268731198918,0.4309366500366527,True
persistent_overlap,source,A,-0.09999268596518171,0.6528908687738042,True
persistent_overlap,source,A,-0.9673053886162788,-0.6689548202909585,True
persistent_overlap,source,A,-0.504318568607388,-0.040860960229023795,True
persistent_overlap,source,A,-1.3440745585345506,0.10955596810044395,True
persistent_overlap,source,A,-0.6449440889651478,0.9109043565552023,True
persistent_overlap,source,A,-0.509744854307924,-1.0725832893487044,True
persistent_overlap,source,A,1.4600390661071942,1.6496905973420588,True
persistent_overlap,source,A,-0.16811732382539624,0.1987278816470851,True
persistent_overlap,source,A,0.7028960748421186,0.1368638687117992,True
persistent_overlap,source,A,1.2295132395834754,0.9233193202043323,True
persistent_overlap,source,A,1.2644657074512056,0.5847686037633524,True
persistent_overlap,source,A,0.640296878646532,0.04372297252028926,True
persistent_overlap,source,A,0.07682728788495842,-0.1551154968131159,True
persistent_overlap,source,A,1.1123515417699417,0.02450764034877597,True
persistent_overlap,source,A,-0.30326402319228546,-0.621045652107925,True
persistent_overlap,source,A,-0.23799990836502227,0.3126763219453752,True
persistent_overlap,source,A,0.6055403679223655,0.1689298062187185,True
persistent_overlap,source,A,-0.7418263470907529,-0.21028072475199247,True
persistent_overlap,source,A,-0.7592874837663286,0.31963023172889027,True
persistent_overlap,source,A,0.17680473995568102,-0.12213076818412359,True
persistent_overlap,source,A,-0.5369944890337068,-0.6517167281718269,True
persistent_overlap,source,A,-1.868277648509985,-1.044009250696323,True
persistent_overlap,source,A,3.121202550909219,2.1612231088448457,True
persistent_overlap,source,A,0.16726022169700935,-0.31056393089105533,True
persistent_overlap,source,A,-0.3483837249534139,0.43499430525160204,True
persistent_overlap,source,A,-0.8472394592674762,-0.41524596207318637,True
persistent_overlap,source,A,0.7523173891682908,-0.21316622860264364,True
persistent_overlap,source,A,-0.2949604346422259,-0.4193499921267005,True
persistent_overlap,source,A,0.2904951691148627,-0.045458492851023116,True
persistent_overlap,source,A,1.49500102199146,0.3201000522499655,True
persistent_overlap,source,A,1.5557072420019484,0.6913440231838696,True
persistent_overlap,source,A,-0.036347265571824355,0.534271778595729,True
persistent_overlap,source,A,0.36460718254407887,-0.6607055666206912,True
persistent_overlap,source,A,0.04562285476013211,0.28492091326407876,True
persistent_overlap,source,A,0.5130319422097218,0.0321629365286324,True
persistent_overlap,source,A,1.0681532410611707,0.04294889985182119,True
persistent_overlap,source,A,0.17626736770123214,0.085487071090097,True
persistent_overlap,source,A,0.4119317594184546,0.4766763725126014,True
persistent_overlap,source,A,-0.7052788734312996,-0.7993448302383294,True
persistent_overlap,source,A,-0.5717682704225001,-1.1494434542521739,True
persistent_overlap,source,A,-0.014406463607726154,-0.004181725636718595,True
persistent_overlap,source,A,-0.4544530069715297,0.011460994661110814,True
persistent_overlap,source,A,1.6704443182079256,0.8791476600986513,True
persistent_overlap,source,A,-0.22589214438706617,-0.2764942268622701,True
persistent_overlap,source,A,0.09148873008548976,0.3181579751801048,True
persistent_overlap,source,A,-0.6917525359612067,-0.1222240587418015,True
persistent_overlap,source,A,0.7359874612697082,0.5485416791996687,True
persistent_overlap,source,A,0.5492126340850829,0.5161922206025397,True
persistent_overlap,source,A,0.2978234337781535,0.5802395705352201,True
persistent_overlap,source,A,0.5341639474287609,0.4997615958334248,True
persistent_overlap,source,A,0.09076783874903821,0.7460326982487169,True
persistent_overlap,source,A,-0.42816645380887497,0.37227113653913524,True
persistent_overlap,source,A,1.2989377736483954,0.8368193031723153,True
persistent_overlap,source,A,1.2546352347336849,0.20987040174498336,True
persistent_overlap,source,A,0.4228486756411842,0.35915021069072395,True
persistent_overlap,source,A,0.8588953260116671,1.075838830410488,True
persistent_overlap,source,A,-1.679114766921839,0.2664444667358032,True
persistent_overlap,source,A,0.12954180667333798,0.23676184605515396,True
persistent_overlap,source,A,1.086289215480741,-0.20100808447471402,True
persistent_overlap,source,A,-0.963774787358849,-0.4888305774364581,True
persistent_overlap,source,A,-0.8906834604256969,-0.5666700449863871,True
persistent_overlap,source,A,-1.6725622930901727,-0.2779729150874851,True
persistent_overlap,source,A,-1.7757142071495633,-1.25469108768987,True
persistent_overlap,source,A,-0.19507728534225677,0.7421114669355494,True
persistent_overlap,source,A,0.5077340775644826,-0.42876828597359967,True
persistent_overlap,source,A,1.4659195877386566,-0.8647406953310788,True
persistent_overlap,source,A,-0.2648942873674299,-0.570612176928173,True
persistent_overlap,source,A,0.7280726589936254,-0.2380154191682626,True
persistent_overlap,source,A,-0.15882694397149108,0.2500040169682617,True
persistent_overlap,source,A,-0.9471610523613998,-0.08546876803061537,True
persistent_overlap,source,A,-1.2567070191598435,-0.15387577889863202,True
persistent_overlap,source,A,-0.026952669865290987,-0.42952470752198424,True
persistent_overlap,source,A,-0.9751642775495427,-0.6466961906208674,True
persistent_overlap,source,A,-0.8877984078111237,-0.7291840391986834,True
persistent_overlap,source,A,0.35740248199884816,-0.30481316408134745,True
persistent_overlap,source,A,-0.3397111703183238,-0.1357415078995651,True
persistent_overlap,source,A,-0.25780697911578043,-0.21586810843286172,True
persistent_overlap,source,A,1.6751816927968508,0.7746993451241253,True
persistent_overlap,source,A,0.5168652229842523,0.26711905252172524,True
persistent_overlap,source,A,0.48233496217214145,1.0582891153475624,True
persistent_overlap,source,A,-1.1955925974223551,0.8743012239863106,True
persistent_overlap,source,A,-0.47367554671848044,0.4889624975913061,True
persistent_overlap,source,A,-1.5645307095682044,0.33515788744592223,True
persistent_overlap,source,A,1.0722595003243596,-0.4363182720801498,True
persistent_overlap,source,A,-0.37443820879550266,0.23902457539878588,True
persistent_overlap,source,A,-0.4014683561036423,-0.473861600438867,True
persistent_overlap,source,A,-0.0478336377137283,0.28538562934686146,True
persistent_overlap,source,A,0.6857834556136114,-0.2879244147923409,True
persistent_overlap,source,A,1.9466003506239495,0.2743929256047747,True
persistent_overlap,source,A,0.5267251708098218,-0.20420589625557814,True
persistent_overlap,source,A,-0.854236380337865,0.015178211161309779,True
persistent_overlap,source,A,-0.3091204024321947,-0.8299777849735992,True
persistent_overlap,source,A,0.41807314141214963,0.17876950747516718,True
persistent_overlap,source,A,0.3876623732084007,-0.31885710692476993,True
persistent_overlap,source,A,2.068298306449036,0.8757515121526293,True
persistent_overlap,source,A,-0.45188371112666287,-0.9788439828108618,True
persistent_overlap,source,A,-1.6182930673433302,-1.072100794193095,True
persistent_overlap,source,A,0.9317930936747486,0.16964850397192036,True
persistent_overlap,source,A,0.5985852538362466,-1.003224899543389,True
persistent_overlap,source,A,0.33385635810257697,0.07831198251414097,True
persistent_overlap,source,A,-2.0658300015116966,-0.8087034421034275,True
persistent_overlap,source,A,0.02356862701073949,-0.4407671332875044,True
persistent_overlap,source,A,-0.9377993199068188,-1.2639861586939927,True
persistent_overlap,source,A,-0.18952805530634137,0.041649367852579756,True
persistent_overlap,source,A,0.19773182258712596,0.06769059834148916,True
persistent_overlap,source,A,-0.7635894649843575,-0.27038378358873755,True
persistent_overlap,source,A,0.5039257885334477,0.1359479629125002,True
persistent_overlap,source,A,-0.3145376780718881,-0.47603848227180356,True
persistent_overlap,source,A,1.11870373876874,1.2341127980273394,True
persistent_overlap,source,A,-0.6758216908775013,-0.6123864486834556,True
persistent_overlap,source,A,-0.3249916503695518,0.6026432355465097,True
persistent_overlap,source,A,0.4622997925112751,-0.39929340872528124,True
persistent_overlap,source,A,0.7162134228645529,0.27888153114295733,True
persistent_overlap,source,A,1.2306714709935662,-0.184088419719637,True
persistent_overlap,source,A,-0.601626296327139,-0.14633083546266137,True
persistent_overlap,source,A,-0.043623716644234464,0.43790766552834026,True
persistent_overlap,source,A,-0.9160696827923804,-0.7265602288024836,True
persistent_overlap,source,A,0.14969072732372848,-0.4291730471311824,True
persistent_overlap,source,A,-1.2678884881095012,-0.2728403038211244,True
persistent_overlap,source,B,0.16623709539512932,0.20306700051109,False
persistent_overlap,source,B,1.872006133761278,0.19105595742264886,False
persistent_overlap,source,B,3.1556325119144564,0.2770067980725144,False
persistent_overlap,source,B,-1.2053464963220604,-0.43978924365795485,False
persistent_overlap,source,B,1.759298628169082,0.6133941791810916,False
persistent_overlap,source,B,1.4231462568459623,0.5342799642223806,False
persistent_overlap,source,B,1.7106397948676553,0.6665695878867102,False
persistent_overlap,source,B,0.2017915426444772,-0.05531430642130736,False
persistent_overlap,source,B,0.896655392979882,0.4708073874433226,False
persistent_overlap,source,B,0.4099116226623611,-0.6497500228190665,False
persistent_overlap,source,B,1.949239158837532,1.2282673550013974,False
persistent_overlap,source,B,1.4534093623764948,1.0447660513591075,False
persistent_overlap,source,B,0.7276041232523158,-0.25046887355068204,False
persistent_overlap,source,B,0.22159658196695356,-0.47254067800653926,False
persistent_overlap,source,B,-0.7446412015182425,-0.034030925801192075,False
persistent_overlap,source,B,-0.905141054026077,0.5936769051291191,False
persistent_overlap,source,B,0.11726085973432471,0.49940215728396053,False
persistent_overlap,source,B,-0.7598648115643701,-0.6878281296630806,False
persistent_overlap,source,B,1.3508974332215447,0.22962365358783668,False
persistent_overlap,source,B,0.413611466877459,-0.07219381425374499,False
persistent_overlap,source,B,0.9661884016777931,-0.7132169488227433,False
persistent_overlap,source,B,1.9113110201821284,0.26109431764712154,False
persistent_overlap,source,B,0.2726298692913043,0.6942142368727258,False
persistent_overlap,source,B,0.46528928154688426,-0.5365040160420318,False
persistent_overlap,source,B,-0.22981300332427534,-0.4251747336909138,False
persistent_overlap,source,B,-0.6634916345887943,0.5809913413741083,False
persistent_overlap,source,B,1.0261650634043191,0.6024265202997343,False
persistent_overlap,source,B,-0.24368512943082177,-0.639058667709244,False
persistent_overlap,source,B,1.0871449071877466,0.5079353307342638,False
persistent_overlap,source,B,-1.1130836290127544,-1.868580178223971,False
persistent_overlap,source,B,-1.0870890923164143,-1.0199702400053738,False
persistent_overlap,source,B,1.6119585614689522,1.3225570663366417,False
persistent_overlap,source,B,0.39025279336415214,-0.999576729158058,False
persistent_overlap,source,B,-0.3916995060529337,0.660729421202539,False
persistent_overlap,source,B,0.32096795010744683,0.6188888729781289,False
persistent_overlap,source,B,1.3902534325551912,0.5731885697900733,False
persistent_overlap,source,B,-1.1761857121077468,0.15822989161113787,False
persistent_overlap,source,B,1.4774748375891238,1.2853339130928065,False
persistent_overlap,source,B,0.19242737759926318,-0.4667698936009735,False
persistent_overlap,source,B,0.5558328023765536,0.3419714972971649,False
persistent_overlap,source,B,0.44935062072508325,-0.4485859034860112,False
persistent_overlap,source,B,-0.3514746956837774,0.27649801218851117,False
persistent_overlap,source,B,-0.5860464792758755,0.07164416971869605,False
persistent_overlap,source,B,-0.8118018640270362,0.10247749231349466,False
persistent_overlap,source,B,0.36716277442131096,-0.12669714921264008,False
persistent_overlap,source,B,-0.7526399820892488,-0.5095439111452009,False
persistent_overlap,source,B,1.1960305337332795,0.5350612960963221,False
persistent_overlap,source,B,-0.7444281982745634,0.4744136639696019,False
persistent_overlap,source,B,-1.5934519000814626,0.03537277263466235,False
persistent_overlap,source,B,0.8262782471707869,-0.16669329412485984,False
persistent_overlap,source,B,-0.4230277713290328,-0.10532794271060064,False
persistent_overlap,source,B,1.2666368545797513,-0.8620738738009535,False
persistent_overlap,source,B,1.0245301136166933,0.547272837189922,False
persistent_overlap,source,B,0.8134086872293038,0.8618875356253359,False
persistent_overlap,source,B,0.15377292019052527,-0.042515410462428765,False
persistent_overlap,source,B,0.18564048607502046,0.6376599085794954,False
persistent_overlap,source,B,1.2427363830534603,0.6652204679883842,False
persistent_overlap,source,B,0.8263032344377796,-0.030210487422922094,False
persistent_overlap,source,B,-0.8364692911921786,-0.9472623577894759,False
persistent_overlap,source,B,-0.5500079077889735,-0.2925066910367699,False
persistent_overlap,source,B,0.9595117289826488,1.0211526463809701,False
persistent_overlap,source,B,0.2575696773130618,0.8280536150159454,False
persistent_overlap,source,B,-2.2650287872743378,-0.4585194304195453,False
persistent_overlap,source,B,-0.9375372373630008,-0.14012050552871047,False
persistent_overlap,source,B,0.3235287862671539,0.09625580298425163,False
persistent_overlap,source,B,-0.4100781115309011,0.075156225134804,False
persistent_overlap,source,B,-0.31695865669946766,0.9303836929244125,False
persistent_overlap,source,B,-0.46260303918521495,-0.18600621143670715,False
persistent_overlap,source,B,1.069705429831942,0.8826559496197883,False
persistent_overlap,source,B,-1.0105924349861461,-0.9528720675703839,False
persistent_overlap,source,B,0.010471229978848862,-0.032885620793356246,False
persistent_overlap,source,B,0.2760837591861458,0.4354121062956189,False
persistent_overlap,source,B,1.4455966811074332,-0.06172262101844983,False
persistent_overlap,source,B,0.6368881454300441,0.9451578221998715,False
persistent_overlap,source,B,0.5473997641359233,0.07129866472853441,False
persistent_overlap,source,B,-1.7429680417415838,-0.14605794919417053,False
persistent_overlap,source,B,0.45339677639167725,0.23376932048103088,False
persistent_overlap,source,B,-1.852819059926817,-0.525833681239241,False
persistent_overlap,source,B,0.7979906949908595,0.3655834322211915,False
persistent_overlap,source,B,0.053557540562007955,0.4074805267555147,False
persistent_overlap,source,B,2.2409378256365406,1.5347795553894261,False
persistent_overlap,source,B,1.6079975292755821,1.1902081273303524,False
persistent_overlap,source,B,0.985955843799321,0.3445396400925848,False
persistent_overlap,source,B,0.12130096612562857,0.20894583233145106,False
persistent_overlap,source,B,1.2543509468594876,-0.2967891201987475,False
persistent_overlap,source,B,0.6655658905340758,0.5443216945910527,False
persistent_overlap,source,B,0.25270451750201905,-0.22283410774398688,False
persistent_overlap,source,B,-0.6939522023016901,-0.2265435538565566,False
persistent_overlap,source,B,-1.1694174095838417,-0.008405537575617655,False
persistent_overlap,source,B,1.6580315396232175,1.3431802256750172,False
persistent_overlap,source,B,1.3314473381469893,1.2178353891396843,False
persistent_overlap,source,B,0.4650290093319501,0.8457695749978196,False
persistent_overlap,source,B,0.15994848508927098,0.09986042210038026,False
persistent_overlap,source,B,1.3185050351375684,1.0415628272867874,False
persistent_overlap,source,B,1.0196649804502775,0.15428007169286073,False
persistent_overlap,source,B,-0.9355245139205411,-0.7079750738917712,False
persistent_overlap,source,B,0.6489193642721118,0.6072670411312224,False
persistent_overlap,source,B,0.23212736578539717,0.19425476493283333,False
persistent_overlap,source,B,1.059202827666716,-0.49423565761416827,False
persistent_overlap,source,B,-1.0400310529695713,0.3099951458167681,False
persistent_overlap,source,B,-0.3266015444134823,-0.6785669365414548,False
persistent_overlap,source,B,1.6574052145178442,0.6200453127048866,False
persistent_overlap,source,B,1.0486428747919425,0.7781928247808081,False
persistent_overlap,source,B,-0.012352749267065366,-0.5093044922840564,False
persistent_overlap,source,B,-0.09078918504646777,0.1661057712458449,False
persistent_overlap,source,B,1.6037986799481425,1.495863134185907,False
persistent_overlap,source,B,0.16615697907215313,0.3208391588961881,False
persistent_overlap,source,B,-0.3201328057274556,0.3744205714112528,False
persistent_overlap,source,B,0.4942768167070706,0.30141612565144615,False
persistent_overlap,source,B,0.7151084033561739,-0.1066287746451281,False
persistent_overlap,source,B,-2.5608867941204614,0.350649884783366,False
persistent_overlap,source,B,-1.333905696046029,-0.5778441598786568,False
persistent_overlap,source,B,1.06921703582172,0.5994655942827357,False
persistent_overlap,source,B,-0.9130770387388306,-0.314386660327526,False
persistent_overlap,source,B,0.4175861736887722,-0.34664554786140417,False
persistent_overlap,source,B,1.9432437268261622,-0.31402931606237133,False
persistent_overlap,source,B,0.6433926499030018,0.4944079130178309,False
persistent_overlap,source,B,-0.41938275773778766,-0.11290065621301726,False
persistent_overlap,source,B,-0.5243480596723932,-0.7159890418563779,False
persistent_overlap,source,B,0.586122514144715,0.08379910574798581,False
persistent_overlap,source,C,5.9552948553600835,-3.977765255929687,False
persistent_overlap,source,C,4.28062037881112,-3.5317664548210805,False
persistent_overlap,source,C,4.803265385335509,-2.469650310983763,False
persistent_overlap,source,C,4.304075920087562,-3.0734268775183042,False
persistent_overlap,source,C,4.856367712064313,-2.0374510549134697,False
persistent_overlap,source,C,4.76958202217976,-2.9627986297015636,False
persistent_overlap,source,C,5.388248375164514,-3.8150633387682418,False
persistent_overlap,source,C,4.870447546236036,-2.6513266702028897,False
persistent_overlap,source,C,4.571026624581817,-3.757030412896075,False
persistent_overlap,source,C,5.73941386678989,-3.2003717184797393,False
persistent_overlap,source,C,5.4917270844851505,-2.669382934108483,False
persistent_overlap,source,C,5.014680817724058,-3.084601949013466,False
persistent_overlap,source,C,5.480270087492553,-2.2949975639561204,False
persistent_overlap,source,C,5.528476676997937,-3.4238654233674723,False
persistent_overlap,source,C,5.0755865908874105,-1.8850604144056144,False
persistent_overlap,source,C,6.080772742705274,-3.3112345236358527,False
persistent_overlap,source,C,4.420561302106086,-3.5873673062445386,False
persistent_overlap,source,C,5.250777451412842,-3.042515854989843,False
persistent_overlap,source,C,5.5300491166628785,-3.3690712663675546,False
persistent_overlap,source,C,5.450722223032684,-2.480026758507784,False
persistent_overlap,source,C,6.55393537011575,-3.4683578492722313,False
persistent_overlap,source,C,4.3961114786329265,-2.4817770156617076,False
persistent_overlap,source,C,4.90134733400818,-2.6838378782451904,False
persistent_overlap,source,C,4.632529963945394,-3.746224753417927,False
persistent_overlap,source,C,4.70190862450532,-3.5396964983733685,False
persistent_overlap,source,C,4.829597033795172,-3.085370266524385,False
persistent_overlap,source,C,4.9047684991939065,-4.287098074018884,False
persistent_overlap,source,C,5.209763557496496,-4.326416158691259,False
persistent_overlap,source,C,4.807975501994922,-3.757102507818364,False
persistent_overlap,source,C,4.732361988254631,-1.978331475618947,False
persistent_overlap,source,C,4.257266981479795,-2.8210518160686133,False
persistent_overlap,source,C,6.078670019976256,-4.5619158590157145,False
persistent_overlap,source,C,6.1516175839898635,-2.50836223315064,False
persistent_overlap,source,C,4.575073718128187,-3.6236443373285843,False
persistent_overlap,source,C,4.654635420109902,-2.010661244643937,False
persistent_overlap,source,C,5.989493851605645,-2.2913575869162464,False
persistent_overlap,source,C,5.288287891501003,-3.074763114965378,False
persistent_overlap,source,C,4.794197689600406,-3.277496860076056,False
persistent_overlap,source,C,5.213715341983637,-2.8674915821931366,False
persistent_overlap,source,C,4.831854458035691,-4.358534614786479,False
persistent_overlap,source,C,4.259015696600219,-3.249188241182104,False
persistent_overlap,source,C,4.971886294581554,-2.6676439230171742,False
persistent_overlap,source,C,4.7427654745385235,-2.70876301212779,False
persistent_overlap,source,C,5.009420001438197,-3.212191173423843,False
persistent_overlap,source,C,5.646667125087557,-3.1251794281290235,False
persistent_overlap,source,C,3.9809753972606208,-3.1443822592847686,False
persistent_overlap,source,C,4.940649309589569,-3.7753171952569566,False
persistent_overlap,source,C,5.811441203973148,-4.305319097287867,False
persistent_overlap,source,C,6.461468559860943,-3.028746483220128,False
persistent_overlap,source,C,4.83091523244611,-3.1633900447153125,False
persistent_overlap,source,C,5.618966860214092,-3.07324493179062,False
persistent_overlap,source,C,5.40578399644696,-4.795191238113463,False
persistent_overlap,source,C,4.935224014841787,-3.7065180633598804,False
persistent_overlap,source,C,3.8630368429289863,-2.314070813165096,False
persistent_overlap,source,C,4.443239689301232,-2.982433412218595,False
persistent_overlap,source,C,5.805618752041922,-2.3043904732798217,False
persistent_overlap,source,C,6.528431635436639,-3.1948129872927518,False
persistent_overlap,source,C,5.443674254690935,-1.309996761357035,False
persistent_overlap,source,C,4.238377960991504,-2.6511197384798524,False
persistent_overlap,source,C,4.079402438370215,-2.2445119325451017,False
persistent_overlap,source,C,5.931505155354328,-3.2791124209318037,False
persistent_overlap,source,C,5.149857375817439,-4.453811294189528,False
persistent_overlap,source,C,4.498847793897029,-3.2101683892569275,False
persistent_overlap,source,C,4.289878356298346,-3.7535276358161456,False
persistent_overlap,source,C,5.777925491971298,-3.9493704611542286,False
persistent_overlap,source,C,4.818013475493383,-4.802472723773465,False
persistent_overlap,source,C,5.9448696050528245,-2.173290427864646,False
persistent_overlap,source,C,3.906314381833135,-3.5800386406526936,False
persistent_overlap,source,C,3.470681884694951,-3.394124740994511,False
persistent_overlap,source,C,5.105067946956739,-3.1234468307534495,False
persistent_overlap,source,C,5.248116681392907,-2.005599415297822,False
persistent_overlap,source,C,6.747423012301227,-2.6569442972278523,False
persistent_overlap,source,C,5.369818604871104,-1.9168367057488471,False
persistent_overlap,source,C,4.99430773420583,-3.6322277575039377,False
persistent_overlap,source,C,5.017265521009218,-3.220891804334315,False
persistent_overlap,source,C,5.438431068862201,-3.077694583604185,False
persistent_overlap,source,C,5.851548906683733,-2.7248351437515193,False
persistent_overlap,source,C,5.20845184873225,-4.007991100247441,False
persistent_overlap,source,C,5.176651354877595,-2.968793325589892,False
persistent_overlap,source,C,3.694957987141971,-1.243877954813152,False
persistent_overlap,source,C,4.431187170061057,-3.4411754911045804,False
persistent_overlap,source,C,5.580354530440762,-2.5563134314380993,False
persistent_overlap,source,C,4.521472248004051,-2.685427849387553,False
persistent_overlap,source,C,4.41165264404269,-2.3099380590422958,False
persistent_overlap,source,C,5.432948349266376,-3.242478004303599,False
persistent_overlap,source,C,5.450177185963028,-2.676028714468804,False
persistent_overlap,source,C,5.560612134632546,-3.2358304415826384,False
persistent_overlap,source,C,5.67419546703745,-4.50266986581286,False
persistent_overlap,source,C,4.912609821267844,-3.4053427831947496,False
persistent_overlap,source,C,6.050317295896021,-2.0012288009454777,False
persistent_overlap,source,C,6.025395376088843,-3.2180548087377905,False
persistent_overlap,source,C,4.862269411024368,-2.6704278045043077,False
persistent_overlap,source,C,5.72138061666329,-3.913459817805256,False
persistent_overlap,source,C,6.301418657169354,-2.444108637895575,False
persistent_overlap,source,C,5.022094447625032,-3.806912073908072,False
persistent_overlap,source,C,4.482245512514591,-3.1668786535949045,False
persistent_overlap,source,C,4.3390842934072715,-2.9448582103207706,False
persistent_overlap,source,C,4.0671071515694255,-2.98273696700661,False
persistent_overlap,source,C,4.913346387941064,-3.3448360150498004,False
persistent_overlap,source,C,4.056335418899862,-2.5611821341844476,False
persistent_overlap,source,C,5.398187302528692,-1.9840560243697647,False
persistent_overlap,source,C,3.862501507472593,-2.0783991792654897,False
persistent_overlap,source,C,4.474609264338154,-3.5186874812776687,False
persistent_overlap,source,C,4.906169630166191,-3.8982727417136362,False
persistent_overlap,source,C,5.265482869888595,-3.0425830008368853,False
persistent_overlap,source,C,5.302387474887899,-3.011899194248133,False
persistent_overlap,source,C,5.092345225628972,-4.036193896440357,False
persistent_overlap,source,C,4.8204429240901305,-2.7674829777279624,False
persistent_overlap,source,C,4.999097045754284,-2.925294357313384,False
persistent_overlap,source,C,4.694702672186933,-3.145194878346955,False
persistent_overlap,source,C,6.194679805476845,-2.9544946087380644,False
persistent_overlap,source,C,4.226336176680478,-1.6530046839407813,False
persistent_overlap,source,C,6.029795849394129,-2.937479194854764,False
persistent_overlap,source,C,6.614793681046785,-2.528746275011952,False
persistent_overlap,source,C,6.039474042066432,-3.5729998323769023,False
persistent_overlap,source,C,6.116009301162748,-1.7096626588618715,False
persistent_overlap,source,C,5.845730881787832,-2.652787069216915,False
persistent_overlap,source,C,5.660654004041048,-3.7283613224648944,False
persistent_overlap,source,C,3.5788172410427244,-2.2387773175257317,False
persistent_overlap,source,C,5.659042087630657,-4.17469777990696,False
persistent_overlap,unknown,X,-0.21277599014369905,0.26602462763359136,True
persistent_overlap,unknown,X,0.2599402033706504,-0.2870872643324036,True
persistent_overlap,unknown,X,0.08121584366712284,0.09723254922891296,True
persistent_overlap,unknown,X,0.07246211086971689,0.6848986447880198,True
persistent_overlap,unknown,X,-0.12263545942110374,-0.6282708960915662,True
persistent_overlap,unknown,X,0.7239257662990133,-0.2751787003892604,True
persistent_overlap,unknown,X,0.5077349846093185,0.7108544807581028,True
persistent_overlap,unknown,X,-0.29394497438803713,0.0216650989471259,True
persistent_overlap,unknown,X,-0.718151108924905,-0.5436873903486652,True
persistent_overlap,unknown,X,0.9765109471216784,-0.07776327096734348,True
persistent_overlap,unknown,X,-0.33322942469971706,0.2733093074493974,True
persistent_overlap,unknown,X,-1.270045750187867,-0.39377944358558414,True
persistent_overlap,unknown,X,-0.31945506439253657,-0.0007022478299011786,True
persistent_overlap,unknown,X,0.4841176559577567,0.39199133480464066,True
persistent_overlap,unknown,X,-0.09166580064178698,-0.02922258420630866,True
persistent_overlap,unknown,X,0.5564427477001932,0.34713106331837945,True
persistent_overlap,unknown,X,-0.42140025492023014,0.4529467903172152,True
persistent_overlap,unknown,X,0.871168175687228,0.8871577098343761,True
persistent_overlap,unknown,X,-0.06778796309827434,-0.3375297532868219,True
persistent_overlap,unknown,X,0.5214891035303296,0.48349391565251687,True
multimodal_class,source,A,-1.5034748252211945,-0.9904005029725151,True
multimodal_class,source,A,-1.4639082995495318,-1.2220560462350571,True
multimodal_class,source,A,-2.1895601261200808,-2.4104429990205,True
multimodal_class,source,A,-1.7260219188533759,-1.3963485184466422,True
multimodal_class,source,A,-1.3474533528606556,-0.9201707554676507,True
multimodal_class,source,A,-0.8232245889695505,-0.6194560212742412,True
multimodal_class,source,A,-1.72313764312147,-1.1952959043661409,True
multimodal_class,source,A,-1.6485982508857129,-1.8416466297970286,True
multimodal_class,source,A,-1.782403658937075,-2.3235472465402944,True
multimodal_class,source,A,-1.0628255902942012,-1.994401184512978,True
multimodal_class,source,A,-1.3304755564312858,-1.1956222832990984,True
multimodal_class,source,A,-2.0766895329624164,-1.6284371503809567,True
multimodal_class,source,A,-1.2687248144495826,-1.7161043719817868,True
multimodal_class,source,A,-2.289357752715978,-2.091456338717732,True
multimodal_class,source,A,-1.779190137712906,-2.0222308755161453,True
multimodal_class,source,A,-2.4449977240377727,-1.4608383821482038,True
multimodal_class,source,A,-1.3076064189219212,-1.29117678712909,True
multimodal_class,source,A,-1.8553370340342763,-1.6324868622261126,True
multimodal_class,source,A,-1.9625946563688588,-2.3452955763618792,True
multimodal_class,source,A,-1.1002943645858747,-1.5270706789394186,True
multimodal_class,source,A,-0.9239264433934394,-0.7070433868090347,True
multimodal_class,source,A,-1.7379392720410451,-1.3945862244908234,True
multimodal_class,source,A,-1.0637733937142828,-1.1381308553121567,True
multimodal_class,source,A,-1.6908536982557105,-0.23251727569934055,True
multimodal_class,source,A,-1.8927598064462372,-0.6137201602487395,True
multimodal_class,source,A,-1.2649422558004575,-1.6159196194821852,True
multimodal_class,source,A,-1.503763762057427,-1.1963587351931335,True
multimodal_class,source,A,-2.054515082034694,-1.770250141956772,True
multimodal_class,source,A,-2.2784960448277456,-1.7940265436456482,True
multimodal_class,source,A,-1.3437292262108658,-2.2452760147499484,True
multimodal_class,source,A,-1.9327067293202875,-1.7141688094134673,True
multimodal_class,source,A,-1.5092973412228137,-0.7485681538337186,True
multimodal_class,source,A,-2.0786348602028593,-1.213958710542409,True
multimodal_class,source,A,-0.3073970594591955,-0.6777335791021053,True
multimodal_class,source,A,-0.9740957900236958,-2.1222026602434867,True
multimodal_class,source,A,-1.793264279632729,-1.5340441182769988,True
multimodal_class,source,A,-2.36555523231286,-1.1506294050847097,True
multimodal_class,source,A,-3.080428468368879,-1.7906060319576775,True
multimodal_class,source,A,-2.0378215213946795,-1.0471548069361747,True
multimodal_class,source,A,-1.1832951349671623,-1.464454234635335,True
multimodal_class,source,A,-1.9607387947849668,-2.275866795867281,True
multimodal_class,source,A,-1.3143168889910328,-2.2854463231621853,True
multimodal_class,source,A,-0.7011354573166888,-0.8205404691253659,True
multimodal_class,source,A,-2.409666364347299,-1.5493337561642417,True
multimodal_class,source,A,-1.041787049561664,-2.0219054844887783,True
multimodal_class,source,A,-1.7509985682461358,-1.892289289498331,True
multimodal_class,source,A,-1.0457318183691762,-0.8246817254508554,True
multimodal_class,source,A,-1.031154654441623,-0.7806010430863679,True
multimodal_class,source,A,-1.497246435184572,-1.6986438599309308,True
multimodal_class,source,A,-2.0207346506731416,-1.4258120663685885,True
multimodal_class,source,A,-1.4095188154876244,-1.5365073438493815,True
multimodal_class,source,A,-1.6724106736142534,-1.6206677315093625,True
multimodal_class,source,A,-1.6395449757468903,-1.6680413069596178,True
multimodal_class,source,A,-1.7329846076972764,-1.5825122055914715,True
multimodal_class,source,A,-2.036900636005095,-0.9023631150803876,True
multimodal_class,source,A,-0.41058039061296103,-1.5241114202377122,True
multimodal_class,source,A,-1.726957511360686,-2.1578967907636315,True
multimodal_class,source,A,-2.9435843422315227,-2.3595490409013804,True
multimodal_class,source,A,-1.3378643397240995,-1.5136867074757048,True
multimodal_class,source,A,-1.0442281455505777,-1.5746976738565297,True
multimodal_class,source,A,2.0422732881683263,2.02145779160522,True
multimodal_class,source,A,1.045835851195899,1.226085829005262,True
multimodal_class,source,A,1.4512973401882996,1.2425470231529572,True
multimodal_class,source,A,1.1785551580933142,1.1381958660752067,True
multimodal_class,source,A,1.6980131457111252,1.561128175118258,True
multimodal_class,source,A,0.8359336078421088,0.8278878553645745,True
multimodal_class,source,A,1.55850559902624,-0.036023431109148074,True
multimodal_class,source,A,0.5397872976688312,0.8447935663894943,True
multimodal_class,source,A,1.5491055022740585,1.1592292616481803,True
multimodal_class,source,A,2.2077704934210307,1.1411818727395626,True
multimodal_class,source,A,1.4606611673546857,2.032194393044897,True
multimodal_class,source,A,1.921219433877337,1.4985748130700773,True
multimodal_class,source,A,0.7812155357124633,1.950243484247225,True
multimodal_class,source,A,1.1632268431800146,1.3656786872817068,True
multimodal_class,source,A,0.9828234641643315,1.4261352922973096,True
multimodal_class,source,A,1.934975298658455,0.8786992075476936,True
multimodal_class,source,A,1.5952725297412205,1.7669316920345,True
multimodal_class,source,A,0.30718180664164074,2.256451169309876,True
multimodal_class,source,A,1.111114656682802,1.7689485044143631,True
multimodal_class,source,A,2.3452923644632095,0.8349056068566998,True
multimodal_class,source,A,0.7033506942367739,2.0213804268941336,True
multimodal_class,source,A,1.537717033301901,1.7760831132596464,True
multimodal_class,source,A,1.8074486582899307,1.4517078521449505,True
multimodal_class,source,A,1.2720159888778304,1.5033143238030076,True
multimodal_class,source,A,0.38535071779185626,1.80851077485063,True
multimodal_class,source,A,1.5531749405832709,1.097872879188981,True
multimodal_class,source,A,1.3009208679034259,0.4868706835781874,True
multimodal_class,source,A,2.1581189908115754,1.150388055059436,True
multimodal_class,source,A,1.2206659241525206,1.0688117272374882,True
multimodal_class,source,A,1.5798852116899573,2.065462924822864,True
multimodal_class,source,A,1.7237452639311108,1.6132556523129835,True
multimodal_class,source,A,1.4563875970124012,0.6761445205799783,True
multimodal_class,source,A,2.095713592461854,1.1702004083723603,True
multimodal_class,source,A,1.9565543833180838,1.5554863078672545,True
multimodal_class,source,A,1.4993002712518837,1.2834052357558332,True
multimodal_class,source,A,1.3040944859859667,0.6518865856036178,True
multimodal_class,source,A,-0.34651362834415544,1.1664803676982372,True
multimodal_class,source,A,1.4008509022092464,1.6234329943994228,True
multimodal_class,source,A,1.7703285442699863,1.2093218415263698,True
multimodal_class,source,A,1.0587280297562438,0.9985665214553323,True
multimodal_class,source,A,1.3757134707001795,1.3439726363077562,True
multimodal_class,source,A,1.6641057700651298,1.522147174002942,True
multimodal_class,source,A,1.569183504188124,0.549162110998335,True
multimodal_class,source,A,2.53436045931785,1.8524619979404955,True
multimodal_class,source,A,0.2668637224003123,1.4252172806837096,True
multimodal_class,source,A,1.6076988288296181,1.2583636953829296,True
multimodal_class,source,A,1.211598882565339,1.3354804433285705,True
multimodal_class,source,A,2.2266988121445834,2.684413428856212,True
multimodal_class,source,A,1.1333520104045722,1.517782589369816,True
multimodal_class,source,A,1.5991563169085299,0.8129684259515526,True
multimodal_class,source,A,1.3442966212488463,0.8467270776701831,True
multimodal_class,source,A,1.4231689971866162,1.5799816460276583,True
multimodal_class,source,A,1.6213146487967611,1.376365102258295,True
multimodal_class,source,A,1.5062961861719317,1.6410457942332075,True
multimodal_class,source,A,1.6584060090289114,1.6175753951924152,True
multimodal_class,source,A,1.1382209852949123,1.51020010963326,True
multimodal_class,source,A,0.9825698647373989,1.490128994832032,True
multimodal_class,source,A,0.26420715338886125,1.2611351143072562,True
multimodal_class,source,A,0.5813414976514868,1.3617418757472786,True
multimodal_class,source,A,2.0110141284833483,2.1281340057666283,True
multimodal_class,source,B,-0.8026149306533419,-0.2968688552582371,False
multimodal_class,source,B,-0.28445347239384344,1.1684065421879841,False
multimodal_class,source,B,-0.3619433588732299,0.12753533532644434,False
multimodal_class,source,B,0.22197074294988361,-1.0108337324476266,False
multimodal_class,source,B,-0.7607970580825855,-0.03860400593016827,False
multimodal_class,source,B,-1.2845479772245314,0.7892604689963119,False
multimodal_class,source,B,0.7030011799750604,0.9233451567080837,False
multimodal_class,source,B,0.019799725377933418,0.7702268169576928,False
multimodal_class,source,B,0.06295316745423299,0.19592874354103748,False
multimodal_class,source,B,-0.3988890870245889,-0.12098836644711283,False
multimodal_class,source,B,0.10959947368457006,0.007239817630766855,False
multimodal_class,source,B,-0.968191773865162,0.23162336324054114,False
multimodal_class,source,B,-0.1476401569181163,0.19887603098628034,False
multimodal_class,source,B,-0.29269162545246724,0.2881291062117349,False
multimodal_class,source,B,-0.05223659478872956,0.2625846589157432,False
multimodal_class,source,B,-0.6246053188577964,-0.28371289787573,False
multimodal_class,source,B,0.14599566697544772,0.12359853957594037,False
multimodal_class,source,B,0.7435489386749476,0.09974322862450441,False
multimodal_class,source,B,-1.272340372570289,-0.97758345689536,False
multimodal_class,source,B,0.013343911123518626,0.5451621701273451,False
multimodal_class,source,B,0.3603351744586245,-0.8986786406379752,False
multimodal_class,source,B,-0.9167555440561668,-0.3093265167084644,False
multimodal_class,source,B,0.3124606877482551,0.6833575473203519,False
multimodal_class,source,B,0.1925368859439267,-0.33152297610989123,False
multimodal_class,source,B,0.3141887728342556,-0.01862505821149874,False
multimodal_class,source,B,-1.1813657356978584,-1.5036580672591844,False
multimodal_class,source,B,-0.7454299773388514,-0.8133806893117028,False
multimodal_class,source,B,-0.2163063064779931,-0.6557414780357406,False
multimodal_class,source,B,-1.1323976213779892,-0.23144285917446455,False
multimodal_class,source,B,0.03583116738662151,-0.23408916042539846,False
multimodal_class,source,B,-0.8363828499475139,0.07949611211624714,False
multimodal_class,source,B,-0.2512939163487293,0.6986222242345379,False
multimodal_class,source,B,-0.7166252320950821,0.39436690532128943,False
multimodal_class,source,B,1.0248940151501944,0.39279738315708485,False
multimodal_class,source,B,0.45551512971168573,1.606487560972561,False
multimodal_class,source,B,0.8469410705443053,-0.39532660867382596,False
multimodal_class,source,B,0.22488485740959208,-1.0782364877781432,False
multimodal_class,source,B,0.20420287358140754,0.8602680707605077,False
multimodal_class,source,B,-0.1357811576225542,-0.22286403543892927,False
multimodal_class,source,B,0.10008664206624646,-0.9002085102555312,False
multimodal_class,source,B,0.2688121984308547,0.14806300483169307,False
multimodal_class,source,B,0.018119008184330786,0.2073534148176015,False
multimodal_class,source,B,-0.46092273893000163,-0.9487755717120316,False
multimodal_class,source,B,-0.4605343938349545,1.2644930842321183,False
multimodal_class,source,B,-1.7000542441979778,-1.024286678536832,False
multimodal_class,source,B,-0.05946018863911595,0.0018138384914622042,False
multimodal_class,source,B,0.28381832333266477,-0.6945030962741644,False
multimodal_class,source,B,-0.18385016083183153,-0.1268061335027238,False
multimodal_class,source,B,-0.6142385634394808,-0.2417698400883175,False
multimodal_class,source,B,0.7756840592838563,0.13595704900326497,False
multimodal_class,source,B,-0.3119580066297803,-0.016875956326759013,False
multimodal_class,source,B,0.5022706126272697,0.5138489871992373,False
multimodal_class,source,B,-1.444636237059058,-0.4499636981253871,False
multimodal_class,source,B,0.9164563063858276,0.553741950502752,False
multimodal_class,source,B,-0.8870091884636793,0.3612305722860111,False
multimodal_class,source,B,-0.28555008156241407,-0.20704060194494567,False
multimodal_class,source,B,0.14810209998181842,-0.6675300334144622,False
multimodal_class,source,B,1.1059940733405094,0.5003422623949774,False
multimodal_class,source,B,-0.19581325343013356,0.306962624446859,False
multimodal_class,source,B,0.14351912518527848,-0.7964219969700316,False
multimodal_class,source,B,1.0814068464831565,-0.40734183976656235,False
multimodal_class,source,B,1.0434184065796803,-0.10677754430890743,False
multimodal_class,source,B,-0.023364259333148098,0.4950889790239431,False
multimodal_class,source,B,-1.0075279640489108,0.7248105286489406,False
multimodal_class,source,B,-0.49008122717161146,-0.25977517666313527,False
multimodal_class,source,B,0.3583822168433497,-0.8029601264880003,False
multimodal_class,source,B,0.6646839414225965,-0.08482851701447829,False
multimodal_class,source,B,-0.4688192287895087,0.3653798910266999,False
multimodal_class,source,B,0.05327758077493548,-0.22556315690148812,False
multimodal_class,source,B,-0.5628151868303806,-0.9544208288359866,False
multimodal_class,source,B,-0.3500868947424579,0.13006936799405108,False
multimodal_class,source,B,-0.03559441012828024,-0.3844508180051352,False
multimodal_class,source,B,-0.0401298561750952,-0.1856925569172424,False
multimodal_class,source,B,-1.2268920512882033,0.06945406113608336,False
multimodal_class,source,B,-1.2086214315576491,-0.8462007068565738,False
multimodal_class,source,B,-0.36739107569890567,-0.416680576304004,False
multimodal_class,source,B,0.2010707138576475,-1.295846057986788,False
multimodal_class,source,B,0.3477722299113385,0.3321854802694509,False
multimodal_class,source,B,-1.3530776943948202,-1.2417389936423466,False
multimodal_class,source,B,-0.42717471088911896,-0.9404125483254672,False
multimodal_class,source,B,-0.5229654737277203,-0.6624450087278005,False
multimodal_class,source,B,-0.6726086865001021,0.8805599960544309,False
multimodal_class,source,B,0.32229184704448294,0.6172584072425575,False
multimodal_class,source,B,1.0699815812818279,0.12350699980975367,False
multimodal_class,source,B,0.6097324395311993,-0.004542706592162353,False
multimodal_class,source,B,-0.30757014075217365,0.7351257691866309,False
multimodal_class,source,B,-0.5448259055359104,-0.3937393199729181,False
multimodal_class,source,B,0.15192459317556348,0.012723342407835033,False
multimodal_class,source,B,0.07241416007655294,0.33272725585981056,False
multimodal_class,source,B,-0.7260283363894159,0.21865361120244262,False
multimodal_class,source,B,-0.15373819142123704,-0.13250265536176134,False
multimodal_class,source,B,-0.04200608128335722,0.21810369161153,False
multimodal_class,source,B,-0.24652594335061262,0.8233314073464563,False
multimodal_class,source,B,0.3376268894331779,0.3830587652296673,False
multimodal_class,source,B,0.27262897936514374,-1.6384964927456218,False
multimodal_class,source,B,-1.3854115134198366,-0.4264949762732376,False
multimodal_class,source,B,0.5942983786936362,-0.392742163644921,False
multimodal_class,source,B,1.542196186030597,1.3069616817437466,False
multimodal_class,source,B,-0.1386055415874106,0.20604438316708995,False
multimodal_class,source,B,-0.05007695738326752,-0.05108706618265543,False
multimodal_class,source,B,0.18075353339035552,1.060574858609138,False
multimodal_class,source,B,-0.2393291045078029,0.20895401256160462,False
multimodal_class,source,B,0.43117013969833967,-0.6061353559269763,False
multimodal_class,source,B,-0.5514812919260877,0.3674595326667573,False
multimodal_class,source,B,0.21024125282384568,0.23104760615743222,False
multimodal_class,source,B,-0.10795907936630583,0.3196752946963576,False
multimodal_class,source,B,0.5708676458017987,0.2761610406880081,False
multimodal_class,source,B,-1.5253937167521028,-0.06986763485368024,False
multimodal_class,source,B,0.03884082563127282,-0.12313836127982018,False
multimodal_class,source,B,0.17311755665667208,0.7626804984011467,False
multimodal_class,source,B,0.4255783068312549,1.7761729315849435,False
multimodal_class,source,B,-1.1606484876390526,-0.7363878437649518,False
multimodal_class,source,B,-0.5244338270800036,-1.2712855013699111,False
multimodal_class,source,B,-0.4438718801296952,-0.07712859721527608,False
multimodal_class,source,B,-0.6907048783053886,0.8298599358777635,False
multimodal_class,source,B,0.032352343522542376,0.04241590273436873,False
multimodal_class,source,B,-0.7103287139206252,0.004531481088166203,False
multimodal_class,source,B,0.6948582033592813,-0.3405878109535216,False
multimodal_class,source,B,-0.4063705077066011,-0.2884612741148103,False
multimodal_class,source,B,0.7634702792556852,-0.3227292139919279,False
multimodal_class,source,C,4.4977383994712,-2.2251741319951037,False
multimodal_class,source,C,3.372338703803159,-2.3095554199391892,False
multimodal_class,source,C,3.1712339461741337,-1.5918745458279715,False
multimodal_class,source,C,2.7032994122418015,-2.0141146350792303,False
multimodal_class,source,C,3.7915822874618974,-2.841642531300465,False
multimodal_class,source,C,2.54835990316473,-3.0458705865405564,False
multimodal_class,source,C,1.5415278366671146,-2.568078905160771,False
multimodal_class,source,C,2.3842373284624028,-1.8888395965222478,False
multimodal_class,source,C,3.2493747380490836,-2.278532450668151,False
multimodal_class,source,C,2.6894042123404263,-1.725307242863944,False
multimodal_class,source,C,3.748521455671596,-3.2388229882280495,False
multimodal_class,source,C,2.162962421180004,-2.654808498845167,False
multimodal_class,source,C,4.012202302454209,-1.4931125863987735,False
multimodal_class,source,C,3.9763977665746975,-1.9115107695167535,False
multimodal_class,source,C,3.322365582612185,-1.73718472209697,False
multimodal_class,source,C,3.6430959845946695,-1.747682366780892,False
multimodal_class,source,C,3.6624250822597553,-0.7503938161588979,False
multimodal_class,source,C,4.534096002444692,-1.7529387107808259,False
multimodal_class,source,C,4.00146236469801,-3.2188426251218893,False
multimodal_class,source,C,2.786824300890772,-2.0011658399923427,False
multimodal_class,source,C,4.466693696455582,-2.8419145615891988,False
multimodal_class,source,C,2.4828344175557384,-2.5285288615052877,False
multimodal_class,source,C,4.5526760264741135,-1.077282146495935,False
multimodal_class,source,C,4.034721448443382,-2.7279462850978504,False
multimodal_class,source,C,2.9662609478119064,-2.805720454030832,False
multimodal_class,source,C,4.459305937992589,-1.535391063416502,False
multimodal_class,source,C,3.118646041012522,-1.5358525978993374,False
multimodal_class,source,C,3.1977675028664643,-1.899684596288174,False
multimodal_class,source,C,3.682515904774679,-1.7766039286588082,False
multimodal_class,source,C,3.7888920547260883,-2.2664009002119267,False
multimodal_class,source,C,2.7497344387197273,-2.5950077565211185,False
multimodal_class,source,C,3.578904676850584,-2.1630373095500306,False
multimodal_class,source,C,3.79090168286189,-1.8283409107691508,False
multimodal_class,source,C,3.6694475574511394,-2.9518477188139833,False
multimodal_class,source,C,2.275362094667753,-2.401104948608249,False
multimodal_class,source,C,3.9657469594410855,-2.8751958625420713,False
multimodal_class,source,C,2.1542603974924885,-1.947317111970788,False
multimodal_class,source,C,4.853287460417585,-2.039477933850347,False
multimodal_class,source,C,3.431128670769951,-2.84519471828653,False
multimodal_class,source,C,3.266353413557438,-2.558118808777241,False
multimodal_class,source,C,2.781567568498229,-2.124724823419895,False
multimodal_class,source,C,4.380076274532172,-2.2924858839695426,False
multimodal_class,source,C,3.314808776176935,-1.9770384215171701,False
multimodal_class,source,C,4.43268726665006,-2.184712278744947,False
multimodal_class,source,C,2.774869946542837,-1.3003441227841084,False
multimodal_class,source,C,3.6043284998784064,-1.7557910967525012,False
multimodal_class,source,C,3.661769788578308,-4.100050398023442,False
multimodal_class,source,C,4.314308614433291,-1.7088343462260251,False
multimodal_class,source,C,4.171232549050695,-1.2346084291219546,False
multimodal_class,source,C,3.103778608140099,-1.9978974184888116,False
multimodal_class,source,C,2.647062356804665,-2.886273486925196,False
multimodal_class,source,C,4.024911384539516,-2.7734509636912,False
multimodal_class,source,C,3.379655939754039,-1.2747639326278861,False
multimodal_class,source,C,2.7811643113038333,-3.3362763064499648,False
multimodal_class,source,C,3.3580363346977236,-1.8125077063789368,False
multimodal_class,source,C,1.4022168630661365,-1.5383300296526934,False
multimodal_class,source,C,2.220558852784047,-2.3092553912057387,False
multimodal_class,source,C,3.5156275599092597,-3.7401254828360684,False
multimodal_class,source,C,3.3122811135323165,-2.7413956998624807,False
multimodal_class,source,C,3.5002979465765,-1.86776589857045,False
multimodal_class,source,C,4.044422173633739,-0.8484918783690161,False
multimodal_class,source,C,2.59212953135749,-3.1206304489310943,False
multimodal_class,source,C,3.1284088680028,-2.362077416799467,False
multimodal_class,source,C,3.2360246638019956,-1.7037387872974685,False
multimodal_class,source,C,2.981197743628257,-2.66059667079303,False
multimodal_class,source,C,2.632210993264903,-1.4433795716103845,False
multimodal_class,source,C,1.940706900587737,-2.5435732348847955,False
multimodal_class,source,C,3.9077059985336624,-2.470725903894098,False
multimodal_class,source,C,2.922578254462121,-1.943778982548238,False
multimodal_class,source,C,3.8844630012865276,-2.0547985566487545,False
multimodal_class,source,C,4.057585950556631,-2.457361413604426,False
multimodal_class,source,C,2.8710140430816447,-1.81979185462301,False
multimodal_class,source,C,2.821719955454801,-2.0171196661552417,False
multimodal_class,source,C,2.381609104837591,-2.520589378350106,False
multimodal_class,source,C,3.4112893796388244,-2.735531622805442,False
multimodal_class,source,C,2.9416244887235514,-2.0050500135542944,False
multimodal_class,source,C,3.5567388654931134,-1.9861646924404235,False
multimodal_class,source,C,2.5233923509599787,-2.5843743967211608,False
multimodal_class,source,C,3.551059327047754,-0.6335075027996138,False
multimodal_class,source,C,3.8250945322166072,-2.1329387450537283,False
multimodal_class,source,C,3.370500877240821,-2.9401637182787916,False
multimodal_class,source,C,3.6042276879279522,-2.78047590986633,False
multimodal_class,source,C,2.7090866696583165,-2.171121295425498,False
multimodal_class,source,C,2.9013422584120088,-1.5021477056668702,False
multimodal_class,source,C,2.9979671604829434,-2.022628841877515,False
multimodal_class,source,C,4.292115371587823,-1.8506353397011381,False
multimodal_class,source,C,4.142572430106324,-2.4641639854866577,False
multimodal_class,source,C,3.312484158032774,-1.9796636387035487,False
multimodal_class,source,C,2.453701495692251,-2.2023300929796488,False
multimodal_class,source,C,4.006716754054935,-2.536031464403869,False
multimodal_class,source,C,2.7597846391986267,-3.2109876538672784,False
multimodal_class,source,C,3.93112776387989,-2.288443988030135,False
multimodal_class,source,C,3.4143614866166208,-2.2738822585534026,False
multimodal_class,source,C,3.6988020770839967,-1.4545387649267592,False
multimodal_class,source,C,3.468599659912214,-2.652430081197308,False
multimodal_class,source,C,3.313265740533904,-2.204212926780646,False
multimodal_class,source,C,3.7874387731895114,-3.0538346271876495,False
multimodal_class,source,C,2.837684860072249,-1.9100542253809303,False
multimodal_class,source,C,4.240862468878301,-2.243134342290192,False
multimodal_class,source,C,4.1098898969548,-1.6962241968742837,False
multimodal_class,source,C,2.349056187830353,-2.041911985003306,False
multimodal_class,source,C,3.8158630234255413,-0.7258986735590567,False
multimodal_class,source,C,4.396598134246602,-1.0662654891535512,False
multimodal_class,source,C,2.999853497717859,-2.5445332142361328,False
multimodal_class,source,C,3.8123151447862567,-1.4722436936625034,False
multimodal_class,source,C,4.7509160976062885,-1.9563546411494992,False
multimodal_class,source,C,3.61378613183409,-1.8132158654930037,False
multimodal_class,source,C,3.640860797546947,-1.1357546336745667,False
multimodal_class,source,C,3.784814550096381,-2.159675318734445,False
multimodal_class,source,C,3.284002671293603,-1.9046445253859343,False
multimodal_class,source,C,4.1140751161108025,-1.926781989229072,False
multimodal_class,source,C,2.5845786159862936,-2.083357469369744,False
multimodal_class,source,C,2.562680731295411,-1.6753520529547021,False
multimodal_class,source,C,2.3373893823025487,-2.021426456274085,False
multimodal_class,source,C,3.2055582576781965,-2.68325512264415,False
multimodal_class,source,C,2.4839862265616146,-2.883127742691608,False
multimodal_class,source,C,3.678995853717732,-3.0400672639449713,False
multimodal_class,source,C,4.287556625709951,-1.7015820185322779,False
multimodal_class,source,C,3.867366657932175,-1.9810995582769122,False
multimodal_class,source,C,2.023990906061707,-2.4865016173310113,False
multimodal_class,unknown,X,-1.34619221560309,-1.2514461521384845,True
multimodal_class,unknown,X,-2.03322289185219,-1.1791145116273554,True
multimodal_class,unknown,X,-1.9190415338174722,-1.9014812807149428,True
multimodal_class,unknown,X,-1.5779262133040053,-1.418558636514817,True
multimodal_class,unknown,X,-0.9950548552656646,-1.4457873131178034,True
multimodal_class,unknown,X,-1.0987960813881006,-1.8037843207565893,True
multimodal_class,unknown,X,-2.3991860471853026,-1.5241830998076045,True
multimodal_class,unknown,X,-1.3893568576379254,-1.434308079694509,True
multimodal_class,unknown,X,-2.2303146915488528,-2.03874903060145,True
multimodal_class,unknown,X,-1.4694575425210716,-1.6716182506365418,True
multimodal_class,unknown,X,-2.4837046425713347,-1.3282457724384802,True
multimodal_class,unknown,X,-1.9287698583977348,-1.893890281125274,True
multimodal_class,unknown,X,1.0546592711395149,1.5624406514963114,True
multimodal_class,unknown,X,1.4669313080470519,2.3398229824887014,True
multimodal_class,unknown,X,0.8985917538745848,1.6672851682368681,True
multimodal_class,unknown,X,1.8554290700600786,1.6478976129855856,True
multimodal_class,unknown,X,1.0474891906947215,1.27289087749039,True
multimodal_class,unknown,X,1.533407399534679,1.8114641349055194,True
multimodal_class,unknown,X,1.6834418752545628,1.472098395360588,True
multimodal_class,unknown,X,0.46422156867452147,0.7391119772204753,True
internal_heterogeneity,source,A,-2.15435465311484,-1.0187636164249265,True
internal_heterogeneity,source,A,-2.7355235490105,-1.4025129892971169,True
internal_heterogeneity,source,A,-0.8024849241638665,-0.29475391424650477,True
internal_heterogeneity,source,A,-2.8947761765089055,-0.8598423592221541,True
internal_heterogeneity,source,A,-0.5341066856862982,0.6856893570467765,True
internal_heterogeneity,source,A,0.07729222554557325,-0.5069300420528243,True
internal_heterogeneity,source,A,-0.12297184840682762,0.0181100349475789,True
internal_heterogeneity,source,A,-4.10507989741744,-3.040866018790981,True
internal_heterogeneity,source,A,-0.9741924360203538,-1.0221709855615508,True
internal_heterogeneity,source,A,-4.2324671831332115,-1.7304140670246153,True
internal_heterogeneity,source,A,-1.776098236609984,0.5007845098782296,True
internal_heterogeneity,source,A,-3.0946279165301678,-0.4650827771347743,True
internal_heterogeneity,source,A,-2.610396572471446,-0.8032124032755024,True
internal_heterogeneity,source,A,-2.0826641284903182,-1.140772216800897,True
internal_heterogeneity,source,A,-2.4716683201539,-0.7237938711938319,True
internal_heterogeneity,source,A,-1.3749985455315814,-0.2930136460853425,True
internal_heterogeneity,source,A,0.6745089420784294,0.5102236844273483,True
internal_heterogeneity,source,A,-1.4879661258660732,-0.861944021490571,True
internal_heterogeneity,source,A,-1.0890721957226233,-0.6857517200797443,True
internal_heterogeneity,source,A,-2.114538824068435,-1.322999897011108,True
internal_heterogeneity,source,A,-1.5221511331486623,-0.08167573539701345,True
internal_heterogeneity,source,A,-1.9010299490901226,-1.3744581115319727,True
internal_heterogeneity,source,A,-2.2416617052229313,-1.7638302161013133,True
internal_heterogeneity,source,A,-2.2699753285799393,-0.6391062645330996,True
internal_heterogeneity,source,A,-4.023005232265275,-2.425439330289988,True
internal_heterogeneity,source,A,-3.1076948180590502,-0.7405781320019706,True
internal_heterogeneity,source,A,-2.4884638332746616,-1.441270952823663,True
internal_heterogeneity,source,A,-0.20281536603211459,0.26181209727177446,True
internal_heterogeneity,source,A,-2.3903248428310615,-1.262679111647014,True
internal_heterogeneity,source,A,-3.7429755155459388,-1.2008731135173631,True
internal_heterogeneity,source,A,-2.8689289804752875,-1.653252626991189,True
internal_heterogeneity,source,A,-2.2617647990671212,-1.4697322089478706,True
internal_heterogeneity,source,A,-3.5645412251619013,-1.7376716335001623,True
internal_heterogeneity,source,A,0.45909876674245886,-0.16947374421519334,True
internal_heterogeneity,source,A,-2.7532845010538987,-1.6003323313890367,True
internal_heterogeneity,source,A,-2.5711724280696853,-1.4832085104057877,True
internal_heterogeneity,source,A,-1.955274015129382,-1.6262363722403335,True
internal_heterogeneity,source,A,-1.7466060292948262,-0.3209816341228493,True
internal_heterogeneity,source,A,-0.7186430840954519,-0.7717697314386794,True
internal_heterogeneity,source,A,-2.412821735302163,-0.5666526484483617,True
internal_heterogeneity,source,A,-1.0449474953598097,-1.1367660187440989,True
internal_heterogeneity,source,A,-1.7488080188844606,-0.7733203118471551,True
internal_heterogeneity,source,A,-1.7381838843794708,-1.0308780411520344,True
internal_heterogeneity,source,A,-0.28312355212372076,0.5185484676983189,True
internal_heterogeneity,source,A,-0.09540068936100443,0.30788491931981465,True
internal_heterogeneity,source,A,-3.620140355417155,-1.375975533405392,True
internal_heterogeneity,source,A,-2.83728432503877,-0.8156458285484611,True
internal_heterogeneity,source,A,-3.1734331066246986,-1.0726162106536392,True
internal_heterogeneity,source,A,-2.035089337662729,0.013474334835091528,True
internal_heterogeneity,source,A,-1.0627477104515248,-0.3265192214171021,True
internal_heterogeneity,source,A,-2.6128797156501027,-1.3446740056025188,True
internal_heterogeneity,source,A,-1.6318189638263452,-0.9179340430506866,True
internal_heterogeneity,source,A,-1.9320898111063978,0.05154850567482816,True
internal_heterogeneity,source,A,0.19859176832197045,-0.3455321493406843,True
internal_heterogeneity,source,A,-1.437413285598104,-0.8168103911164615,True
internal_heterogeneity,source,A,-0.9379260656548425,-0.1578268833260711,True
internal_heterogeneity,source,A,-1.263025173380161,-0.32889105431070964,True
internal_heterogeneity,source,A,-3.528602872901595,-1.4901772720391064,True
internal_heterogeneity,source,A,-4.617557828064761,-2.617073680789008,True
internal_heterogeneity,source,A,-1.1883397736075596,-1.387876245312849,True
internal_heterogeneity,source,A,-1.3507114189508347,1.3122484976797455,True
internal_heterogeneity,source,A,0.3821035614029237,1.1193244344288291,True
internal_heterogeneity,source,A,-1.3799908880856955,1.241990361603895,True
internal_heterogeneity,source,A,-0.30172896617855816,1.2182698822883506,True
internal_heterogeneity,source,A,-0.6661652116262062,0.7234479578205063,True
internal_heterogeneity,source,A,0.4979888226539724,1.5152189658203863,True
internal_heterogeneity,source,A,1.774486448306157,0.5723167513304579,True
internal_heterogeneity,source,A,-0.7232399918773929,0.8979891924522753,True
internal_heterogeneity,source,A,0.47953846418384194,-0.13771630242357402,True
internal_heterogeneity,source,A,0.6059605050867866,0.06498882488043323,True
internal_heterogeneity,source,A,-1.0174293308136264,-0.11036558199747903,True
internal_heterogeneity,source,A,-0.01754060869096552,-0.1636315522592514,True
internal_heterogeneity,source,A,-2.4749185010734096,1.628790110027532,True
internal_heterogeneity,source,A,-1.3115671371098965,1.4690153819137897,True
internal_heterogeneity,source,A,-0.9500156132496657,0.12518197235429562,True
internal_heterogeneity,source,A,0.3396283613134323,0.7088210608158032,True
internal_heterogeneity,source,A,0.8962726543754987,0.14638318421771734,True
internal_heterogeneity,source,A,-1.5397819170852705,1.7732110817597388,True
internal_heterogeneity,source,A,-0.5203180055951271,1.3627910952850093,True
internal_heterogeneity,source,A,-0.7371200425459886,1.3113552536864987,True
internal_heterogeneity,source,A,-0.7535072531419634,1.171737624871654,True
internal_heterogeneity,source,A,0.2459540870671345,1.0725979365812053,True
internal_heterogeneity,source,A,-0.7302708675807605,1.591824366338664,True
internal_heterogeneity,source,A,0.11054052738028175,0.79642277752703,True
internal_heterogeneity,source,A,-1.6589820115529736,0.5857902835276443,True
internal_heterogeneity,source,A,-0.28554499875566175,1.4760391798952779,True
internal_heterogeneity,source,A,-2.317497241762451,1.4087344229471013,True
internal_heterogeneity,source,A,0.8356611519116873,0.7606019937616668,True
internal_heterogeneity,source,A,-0.9283634274709656,-0.11610814248911627,True
internal_heterogeneity,source,A,-0.6616470488950067,1.7834292322224128,True
internal_heterogeneity,source,A,1.4555425936195232,-0.04324084681294127,True
internal_heterogeneity,source,A,0.1358239267595498,0.7994216498013855,True
internal_heterogeneity,source,A,-2.7427640979994075,1.118730632565793,True
internal_heterogeneity,source,A,-2.1278566992392602,2.35664367199649,True
internal_heterogeneity,source,A,1.4894846264952442,1.3388955311774429,True
internal_heterogeneity,source,A,-0.8069759324111601,1.677045661424067,True
internal_heterogeneity,source,A,-1.333088189484572,1.0376543168487744,True
internal_heterogeneity,source,A,-2.0536418769312523,1.625668140951705,True
internal_heterogeneity,source,A,-2.950332696877745,1.7814442873032785,True
internal_heterogeneity,source,A,-0.8623479981352811,0.8407767538048958,True
internal_heterogeneity,source,A,0.07034667359818059,-0.2223323592295673,True
internal_heterogeneity,source,A,-0.8522132507735731,-0.5984113441578619,True
internal_heterogeneity,source,A,-0.7207145980918377,0.626587589446482,True
internal_heterogeneity,source,A,-1.0362239033740248,1.3394475801876635,True
internal_heterogeneity,source,A,0.00013448469657439954,0.6509577338203862,True
internal_heterogeneity,source,A,-0.9073680817967077,-0.7860050163212479,True
internal_heterogeneity,source,A,-2.7717560883773893,0.6195688719228232,True
internal_heterogeneity,source,A,-0.8890393494295166,0.45589619086590843,True
internal_heterogeneity,source,A,-1.3687094722808248,-0.3160953822579592,True
internal_heterogeneity,source,A,-0.5601572057399578,0.3639117268015545,True
internal_heterogeneity,source,A,-0.9378422716611408,-0.30861625375926993,True
internal_heterogeneity,source,A,-0.9144056135994616,1.3628511614414625,True
internal_heterogeneity,source,A,0.601637009278501,1.0090506366433052,True
internal_heterogeneity,source,A,-0.32436141013505054,1.7760463005158091,True
internal_heterogeneity,source,A,-0.6253291420020055,0.6806159909798439,True
internal_heterogeneity,source,A,-2.1462366826087034,1.7303844014777328,True
internal_heterogeneity,source,A,0.429321500269383,0.18256571308619618,True
internal_heterogeneity,source,A,0.31073990404041785,1.3680410246064691,True
internal_heterogeneity,source,A,-0.8477070588223872,1.5205067847889575,True
internal_heterogeneity,source,A,-1.3019225130443015,1.4044660432054612,True
internal_heterogeneity,source,B,1.3270053537325928,1.0197377061972892,False
internal_heterogeneity,source,B,-0.38135157255984686,0.04424478008640187,False
internal_heterogeneity,source,B,1.825956592275039,1.034550805102204,False
internal_heterogeneity,source,B,1.5967806124248116,0.781612926946913,False
internal_heterogeneity,source,B,2.6924751873320396,0.08830245080845511,False
internal_heterogeneity,source,B,0.8600166099375247,1.3818551627701767,False
internal_heterogeneity,source,B,1.049000787536078,0.5152879951364762,False
internal_heterogeneity,source,B,0.5792730039509886,0.5925365302121213,False
internal_heterogeneity,source,B,2.3363247184313836,1.470540841283496,False
internal_heterogeneity,source,B,-0.07501929581749933,0.6310187920691941,False
internal_heterogeneity,source,B,2.0900270137886623,0.22691212332999156,False
internal_heterogeneity,source,B,0.7299301348298624,1.5827566031477234,False
internal_heterogeneity,source,B,0.10145057110678612,1.371350462721744,False
internal_heterogeneity,source,B,3.5446613667840117,0.7561185735575551,False
internal_heterogeneity,source,B,0.3901980328228556,1.6091837572520762,False
internal_heterogeneity,source,B,0.3453426717080259,1.2549535085019643,False
internal_heterogeneity,source,B,1.6865496296386975,1.5206411721158535,False
internal_heterogeneity,source,B,-0.997377967138626,0.8804940846075875,False
internal_heterogeneity,source,B,0.6113238292933567,0.2595443393326604,False
internal_heterogeneity,source,B,-0.4721566023042516,1.458696662737847,False
internal_heterogeneity,source,B,1.6682249893653767,1.2827060400903043,False
internal_heterogeneity,source,B,0.2934243610483769,2.3428989375005274,False
internal_heterogeneity,source,B,0.1247276921593129,1.2482794379446578,False
internal_heterogeneity,source,B,0.695197104272677,1.3860378078273417,False
internal_heterogeneity,source,B,0.7598222655278359,2.0492198489179207,False
internal_heterogeneity,source,B,1.6625329469050856,0.4209898586137961,False
internal_heterogeneity,source,B,1.4778846504906742,1.0738812742294885,False
internal_heterogeneity,source,B,2.195139220597213,1.576188114404842,False
internal_heterogeneity,source,B,1.3734559659338248,0.7349693772501883,False
internal_heterogeneity,source,B,0.6137719084072226,0.9778183823842602,False
internal_heterogeneity,source,B,0.355385164859926,1.1261766676885376,False
internal_heterogeneity,source,B,-0.8541189005238679,1.2058654909574817,False
internal_heterogeneity,source,B,0.9105098884698976,0.516533380077249,False
internal_heterogeneity,source,B,1.2207742445404324,0.5127890338937479,False
internal_heterogeneity,source,B,1.9764788309236352,1.1584831931257409,False
internal_heterogeneity,source,B,-0.407886144228659,1.6439982190250853,False
internal_heterogeneity,source,B,3.096598114645655,1.094809120235652,False
internal_heterogeneity,source,B,0.65278411338156,1.593388260547604,False
internal_heterogeneity,source,B,-0.26100944797966097,0.08852655560258005,False
internal_heterogeneity,source,B,1.5806219685801617,0.3632846786697045,False
internal_heterogeneity,source,B,2.024468794704438,1.294506608651143,False
internal_heterogeneity,source,B,1.868613562482837,0.8845698210382797,False
internal_heterogeneity,source,B,0.9661073104275902,1.8007008474843325,False
internal_heterogeneity,source,B,1.0894462281903783,0.5401202566352377,False
internal_heterogeneity,source,B,3.904453528034466,0.7609777102533302,False
internal_heterogeneity,source,B,2.1211525408795255,1.5205782914393258,False
internal_heterogeneity,source,B,0.8436574192928761,1.5169015716748555,False
internal_heterogeneity,source,B,0.46900803383445544,1.4652258898215584,False
internal_heterogeneity,source,B,0.27686775028431787,1.0027443589450857,False
internal_heterogeneity,source,B,2.0655479758756536,0.44280397305150465,False
internal_heterogeneity,source,B,1.2300580366931277,1.165020932056827,False
internal_heterogeneity,source,B,1.3920462091649424,-0.026791093016671486,False
internal_heterogeneity,source,B,1.047647403042322,1.1651098796039168,False
internal_heterogeneity,source,B,1.0833667879863045,1.369242145788824,False
internal_heterogeneity,source,B,0.026578586501766144,1.7237571591954939,False
internal_heterogeneity,source,B,0.30066936923378074,1.2448417868417703,False
internal_heterogeneity,source,B,2.0001654888434404,1.265701824011604,False
internal_heterogeneity,source,B,0.11972654699223462,1.4216142027215064,False
internal_heterogeneity,source,B,2.0204600128993593,1.1236950369042242,False
internal_heterogeneity,source,B,-0.3177560816778795,1.3334181073486875,False
internal_heterogeneity,source,B,1.2353989923916764,1.207805222905345,False
internal_heterogeneity,source,B,-0.4459015679313705,0.9680492682646731,False
internal_heterogeneity,source,B,0.3989795755392497,1.7973965092568904,False
internal_heterogeneity,source,B,1.9401178494268208,1.9594325858337012,False
internal_heterogeneity,source,B,2.465830725666927,-0.40181634072280237,False
internal_heterogeneity,source,B,2.0554425322100527,1.4730631494074926,False
internal_heterogeneity,source,B,1.5209952643470277,1.53098754986235,False
internal_heterogeneity,source,B,1.0203939484618985,0.511375632619902,False
internal_heterogeneity,source,B,0.1857434381850699,2.155230783878146,False
internal_heterogeneity,source,B,-0.46384895742511434,0.8342773104409396,False
internal_heterogeneity,source,B,2.1895224597380407,1.2452688333748665,False
internal_heterogeneity,source,B,1.330914622178257,2.442543413875334,False
internal_heterogeneity,source,B,-0.9888020563567348,0.7194817572446152,False
internal_heterogeneity,source,B,0.07897662064054423,1.6588297493497872,False
internal_heterogeneity,source,B,0.7885609333702849,1.2968274287503452,False
internal_heterogeneity,source,B,1.9705511135669667,0.8477433583438394,False
internal_heterogeneity,source,B,0.6068114048458313,0.8727603083283297,False
internal_heterogeneity,source,B,-0.40097557173767595,1.2422233013580215,False
internal_heterogeneity,source,B,-0.731943328506806,1.200656634216327,False
internal_heterogeneity,source,B,-0.01636652624228918,1.2931141362323408,False
internal_heterogeneity,source,B,3.172903395442157,1.0127725330638553,False
internal_heterogeneity,source,B,-0.06572462300151005,1.7396867305124328,False
internal_heterogeneity,source,B,-1.20743276788047,1.6638362848012616,False
internal_heterogeneity,source,B,1.2279608717381532,1.1003807181654455,False
internal_heterogeneity,source,B,1.016704354568194,1.5131621986865649,False
internal_heterogeneity,source,B,1.0855657932151708,2.2995535387701596,False
internal_heterogeneity,source,B,2.155517829462405,0.6937606770108588,False
internal_heterogeneity,source,B,-0.6071597763393,1.252696575005015,False
internal_heterogeneity,source,B,2.297848255575939,1.6086848980791544,False
internal_heterogeneity,source,B,0.11032797176651632,2.1490133007730443,False
internal_heterogeneity,source,B,1.0602730615420817,1.3984338983499207,False
internal_heterogeneity,source,B,1.7915575155503176,0.7283560820801069,False
internal_heterogeneity,source,B,0.6991367044692147,0.41001381595791797,False
internal_heterogeneity,source,B,1.0739295483028446,3.0421765782279513,False
internal_heterogeneity,source,B,1.4765035722867428,1.0540496160361175,False
internal_heterogeneity,source,B,0.7251354169645885,1.4070164069687834,False
internal_heterogeneity,source,B,1.4771956777732607,0.8938058162299034,False
internal_heterogeneity,source,B,-0.3315995140930825,1.7820182994136684,False
internal_heterogeneity,source,B,-0.24906719102495223,0.5580277628185951,False
internal_heterogeneity,source,B,0.7910002317028059,0.7436728684786211,False
internal_heterogeneity,source,B,1.7433732866986924,2.3995568288422113,False
internal_heterogeneity,source,B,-0.7000823065067716,1.7092206968570216,False
internal_heterogeneity,source,B,1.8974295939512422,1.345043439508446,False
internal_heterogeneity,source,B,1.3570234371634524,1.1736909603895471,False
internal_heterogeneity,source,B,1.2581881022029853,0.46338887500886106,False
internal_heterogeneity,source,B,1.4713805058933844,0.9717088999959591,False
internal_heterogeneity,source,B,1.524518467298725,-0.349386380512658,False
internal_heterogeneity,source,B,0.9139354462460231,1.6392572321933052,False
internal_heterogeneity,source,B,1.5500724024146457,1.611715239481469,False
internal_heterogeneity,source,B,0.38480275708092604,0.7637772878362279,False
internal_heterogeneity,source,B,1.2972242985098212,0.9920854552340792,False
internal_heterogeneity,source,B,1.6338992069749187,1.2366382158617875,False
internal_heterogeneity,source,B,-0.0986260394161893,1.4661560523931343,False
internal_heterogeneity,source,B,1.951446739506459,1.1553369306737815,False
internal_heterogeneity,source,B,0.11618836080675854,1.6415416924218107,False
internal_heterogeneity,source,B,2.396286295565008,0.07116642489251901,False
internal_heterogeneity,source,B,0.7804571447393821,1.5192673878849858,False
internal_heterogeneity,source,B,1.8607470533957278,1.148196867494888,False
internal_heterogeneity,source,B,-0.4216136107211217,1.5111326678180228,False
internal_heterogeneity,source,B,0.5849523453607799,2.4067516248752012,False
internal_heterogeneity,source,C,4.067543077475786,-1.1951461875033003,False
internal_heterogeneity,source,C,3.4945310322871714,-1.3950913798156825,False
internal_heterogeneity,source,C,4.082330608697945,-2.284684413842134,False
internal_heterogeneity,source,C,3.5715196308028725,-3.2006526556028,False
internal_heterogeneity,source,C,3.250185198875696,-1.8489634594156317,False
internal_heterogeneity,source,C,3.9476569180957903,-1.6430407735590402,False
internal_heterogeneity,source,C,3.0257970067381934,-2.6551983232875545,False
internal_heterogeneity,source,C,4.490609936454938,-1.6943267093536312,False
internal_heterogeneity,source,C,4.355295122280445,-2.4699049222210414,False
internal_heterogeneity,source,C,4.1303755169382015,-2.6116445455703876,False
internal_heterogeneity,source,C,4.602628645053119,-1.8844152334298985,False
internal_heterogeneity,source,C,4.53652803225957,-2.5417881314848585,False
internal_heterogeneity,source,C,4.6955207464414075,-1.274979942560995,False
internal_heterogeneity,source,C,4.327216820306243,-1.9234118318513043,False
internal_heterogeneity,source,C,3.884348519609397,-1.764222552625809,False
internal_heterogeneity,source,C,3.923401263610772,-1.8560302509987054,False
internal_heterogeneity,source,C,4.366993968541017,-2.013745458905183,False
internal_heterogeneity,source,C,5.5245138535796166,-2.4981576380787747,False
internal_heterogeneity,source,C,4.17352720414515,-1.442432973691706,False
internal_heterogeneity,source,C,3.9134479474019117,-0.9345683932617612,False
internal_heterogeneity,source,C,3.055538649889379,-2.3270393692876805,False
internal_heterogeneity,source,C,2.6646601251432585,-3.1122391816741124,False
internal_heterogeneity,source,C,3.313786766566972,-2.122345287088795,False
internal_heterogeneity,source,C,4.387759930617628,-2.5173650168068926,False
internal_heterogeneity,source,C,3.7243739415617045,-1.7828932252856173,False
internal_heterogeneity,source,C,4.083613244254261,-1.0689140409470204,False
internal_heterogeneity,source,C,4.304934775358392,-2.564174652517841,False
internal_heterogeneity,source,C,2.4643444991357804,-2.5898676981492357,False
internal_heterogeneity,source,C,3.2421767878453953,-3.0800927520178165,False
internal_heterogeneity,source,C,3.655511604686695,-0.7831345710497959,False
internal_heterogeneity,source,C,4.540165009914386,-2.949315441804165,False
internal_heterogeneity,source,C,2.8074063812149124,-1.2815807567053827,False
internal_heterogeneity,source,C,4.012753411664722,-0.7468765498358036,False
internal_heterogeneity,source,C,3.1194813619572406,-2.6710948902877636,False
internal_heterogeneity,source,C,3.3578812164764433,-1.575422858834928,False
internal_heterogeneity,source,C,4.074422915368144,-1.8549712900469615,False
internal_heterogeneity,source,C,5.7871089745784765,-1.735528515626553,False
internal_heterogeneity,source,C,4.801278622213037,-1.9683098642653578,False
internal_heterogeneity,source,C,3.2942300677529754,-1.2185454821788602,False
internal_heterogeneity,source,C,3.6530085696400723,-1.5942810268379697,False
internal_heterogeneity,source,C,4.309378761547392,-2.101642801884134,False
internal_heterogeneity,source,C,3.4426476430796833,-2.048610086288064,False
internal_heterogeneity,source,C,4.188107105711038,-1.5687193754842845,False
internal_heterogeneity,source,C,4.273593848503187,-2.532985134823406,False
internal_heterogeneity,source,C,2.9496583020022333,-2.1650978617994543,False
internal_heterogeneity,source,C,4.125944667321123,-2.3160488512761157,False
internal_heterogeneity,source,C,4.363294384928634,-1.5951825146345753,False
internal_heterogeneity,source,C,3.013622054448176,-2.480435970378603,False
internal_heterogeneity,source,C,2.2539294727264494,-1.7530230760841905,False
internal_heterogeneity,source,C,4.231568568984685,-2.4658700524447057,False
internal_heterogeneity,source,C,3.692776410346588,-1.7412006917439864,False
internal_heterogeneity,source,C,2.7011642287982167,-3.5549106791272713,False
internal_heterogeneity,source,C,2.6917311970432074,-1.8072190264891652,False
internal_heterogeneity,source,C,4.404826316555036,-2.35176511905713,False
internal_heterogeneity,source,C,4.752763231185131,-1.1193092772890179,False
internal_heterogeneity,source,C,4.055832504105543,-1.6236357787157372,False
internal_heterogeneity,source,C,3.2598734339666335,-2.4245748533542217,False
internal_heterogeneity,source,C,4.180283791641971,-2.5364638216132995,False
internal_heterogeneity,source,C,4.409462144638173,-1.708903417696597,False
internal_heterogeneity,source,C,3.790000345754304,-1.473897733605738,False
internal_heterogeneity,source,C,4.811980469856808,-1.7774001946569504,False
internal_heterogeneity,source,C,3.292698463073736,-1.2926338659006102,False
internal_heterogeneity,source,C,3.3914175081748787,-2.105240463683694,False
internal_heterogeneity,source,C,5.0032747646335896,-2.468444212715125,False
internal_heterogeneity,source,C,3.779259923090824,-1.1749689806371042,False
internal_heterogeneity,source,C,4.091512390930396,-2.5723796113868147,False
internal_heterogeneity,source,C,5.246841008469676,-0.9157758492462822,False
internal_heterogeneity,source,C,4.663415484061992,-2.1375096012969745,False
internal_heterogeneity,source,C,3.8081177500636123,-2.106562986342401,False
internal_heterogeneity,source,C,3.8424897955649144,-1.9077752724836021,False
internal_heterogeneity,source,C,4.163553574465806,-2.423821889735727,False
internal_heterogeneity,source,C,3.745435633581298,-1.6392222497662965,False
internal_heterogeneity,source,C,3.9778826183754887,-2.28289831185343,False
internal_heterogeneity,source,C,4.218567471516924,-1.6788647617328314,False
internal_heterogeneity,source,C,3.607287757850345,-3.4081725803125744,False
internal_heterogeneity,source,C,4.047336968789557,-1.9426012677064701,False
internal_heterogeneity,source,C,2.9153086439182196,-2.2638983568363,False
internal_heterogeneity,source,C,4.315848299600719,-2.1066720292875383,False
internal_heterogeneity,source,C,1.9566482564829981,-2.291622365840591,False
internal_heterogeneity,source,C,6.424947936620544,-1.7762911181089382,False
internal_heterogeneity,source,C,3.714508432561596,-3.465821129750937,False
internal_heterogeneity,source,C,4.065950938302896,-1.7030263971736979,False
internal_heterogeneity,source,C,3.709494681216198,-0.8056257154401636,False
internal_heterogeneity,source,C,2.8212746704020653,-1.2171608170047175,False
internal_heterogeneity,source,C,3.218997634955532,-1.906402963530248,False
internal_heterogeneity,source,C,4.450889796334925,-2.6798535914791373,False
internal_heterogeneity,source,C,3.1594715773083495,-1.254438455514514,False
internal_heterogeneity,source,C,4.032771526656738,-2.364885949273875,False
internal_heterogeneity,source,C,3.207983571713233,-2.6016645374937744,False
internal_heterogeneity,source,C,3.904362662428856,-1.7574811193952797,False
internal_heterogeneity,source,C,4.131842238271852,-1.8859120545525345,False
internal_heterogeneity,source,C,4.493996294438571,-3.5699105500935184,False
internal_heterogeneity,source,C,3.522582971347912,-2.5080263567784136,False
internal_heterogeneity,source,C,4.316661425775438,-2.2449577486182624,False
internal_heterogeneity,source,C,3.4782339810640375,-1.2098823819102058,False
internal_heterogeneity,source,C,4.155746783649209,-3.0006853871739994,False
internal_heterogeneity,source,C,3.363492563200264,-3.0922050909598973,False
internal_heterogeneity,source,C,3.673196821145945,-2.1466055146632126,False
internal_heterogeneity,source,C,3.1710901403567977,-2.7446670966933224,False
internal_heterogeneity,source,C,4.467476228253185,-2.4383023012721043,False
internal_heterogeneity,source,C,4.531452689866893,-1.1257365525047724,False
internal_heterogeneity,source,C,4.27835544365407,-2.5475259690846435,False
internal_heterogeneity,source,C,3.4512745350396927,-1.9175212146956235,False
internal_heterogeneity,source,C,4.38985190569466,-2.1163895354789237,False
internal_heterogeneity,source,C,4.248466358744221,-1.4715608319594935,False
internal_heterogeneity,source,C,3.2061903277564716,-1.699244120711238,False
internal_heterogeneity,source,C,4.494727876028665,-3.1044572267204966,False
internal_heterogeneity,source,C,3.3759204308908983,-3.366581680471663,False
internal_heterogeneity,source,C,3.099558234084832,-1.4745900118173587,False
internal_heterogeneity,source,C,2.7595689119378664,-2.2263550810095114,False
internal_heterogeneity,source,C,4.04211583591257,-2.6056403940473216,False
internal_heterogeneity,source,C,5.3260286339984955,-1.7478507503071146,False
internal_heterogeneity,source,C,4.854350810685376,-2.1899172990612454,False
internal_heterogeneity,source,C,4.0527014812756414,-2.5738477193667104,False
internal_heterogeneity,source,C,3.774885089714971,-1.6945818938856787,False
internal_heterogeneity,source,C,3.9136326366204304,-2.759236426905608,False
internal_heterogeneity,source,C,3.0445404168703183,-2.3292216447806267,False
internal_heterogeneity,source,C,3.0545451894072557,-2.4139442957188,False
internal_heterogeneity,source,C,4.9897625832864385,-2.9483926240936658,False
internal_heterogeneity,source,C,3.5728539211670234,-2.3918020058961957,False
internal_heterogeneity,unknown,X,-1.5077203085403201,-0.2793263195231142,True
internal_heterogeneity,unknown,X,-2.343303038507591,-1.2263339343632658,True
internal_heterogeneity,unknown,X,-1.986666561846269,-0.6014511520552882,True
internal_heterogeneity,unknown,X,-2.0185560190398593,-1.065399865108235,True
internal_heterogeneity,unknown,X,-2.2308087365067277,-1.8309982660521853,True
internal_heterogeneity,unknown,X,-1.9293210089760686,-0.8393385585569498,True
internal_heterogeneity,unknown,X,-1.3714495055835023,-0.23132974642079096,True
internal_heterogeneity,unknown,X,-1.2967489195320872,0.018482416166579356,True
internal_heterogeneity,unknown,X,-0.7918293318692754,-0.10176196654387451,True
internal_heterogeneity,unknown,X,-1.5423564803174221,-0.37433448148111037,True
internal_heterogeneity,unknown,X,-1.0932076679334917,-0.022934720534733912,True
internal_heterogeneity,unknown,X,-1.2884853283005349,0.2574908312961687,True
internal_heterogeneity,unknown,X,-1.6779862144313054,0.6384313823415814,True
internal_heterogeneity,unknown,X,-0.8055935585915865,0.19728381522959337,True
internal_heterogeneity,unknown,X,0.40434986823150876,1.027498045510582,True
internal_heterogeneity,unknown,X,-1.146416415305664,0.6183249616345419,True
internal_heterogeneity,unknown,X,-1.34790144592808,0.6115439287126478,True
internal_heterogeneity,unknown,X,-0.8774906317413982,0.8690635664215747,True
internal_heterogeneity,unknown,X,0.19328393657542942,0.6223310523632357,True
internal_heterogeneity,unknown,X,-0.6438736363872584,1.4037521059407565,True
