"dataset_size_pct","sample_size","feature_space","model","source_class_key","case","n_runs","margin_mean","margin_std","margin_median","top1_true_fraction"
"100","1","Coupled","agglomerative","AI","negative","100","0.11974402297328186","0.1696457533402434","0.047148999564231214","0.0"
"100","1","Coupled","agglomerative","AI","positive","100","0.14354988364943316","0.0841778841703922","0.18478883607787036","0.84"
"100","1","Coupled","agglomerative","EV","negative","100","0.175700327454515","0.0794569120445367","0.21561177966430392","0.0"
"100","1","Coupled","agglomerative","EV","positive","100","0.3691678344363114","0.08202533717601516","0.38287071676050816","0.98"
"100","1","Coupled","agglomerative","PF","negative","100","0.07208370183917914","0.054980957628109665","0.05002643113776259","0.0"
"100","1","Coupled","agglomerative","PF","positive","100","0.08829173425624315","0.03874129396043127","0.09702727810303677","0.68"
"100","1","Coupled","agglomerative","PI","negative","100","0.13389432003051754","0.04945311662819105","0.12417484140762369","0.0"
"100","1","Coupled","agglomerative","PI","positive","100","0.14309372116256724","0.08697600814023358","0.12848482532576383","0.7"
"100","1","Coupled","agglomerative","RMP","negative","100","0.06560457928146424","0.05551045526867074","0.04862144528965259","0.0"
"100","1","Coupled","agglomerative","RMP","positive","100","0.12223778680214092","0.08512083397166383","0.13729910476495955","0.86"
"100","1","Coupled","agglomerative","VV","negative","100","0.0901027064616045","0.036967194432349276","0.08890160821952932","0.0"
"100","1","Coupled","agglomerative","VV","positive","100","0.07631176043612531","0.07254021650758377","0.03308285098125453","0.64"
"100","1","Coupled","gaussian","AI","negative","100","0.023201530373374885","0.02121181859694257","0.01754484572148171","0.0"
"100","1","Coupled","gaussian","AI","positive","100","0.12246907760171784","0.062123793490911905","0.14881952605023763","0.81"
"100","1","Coupled","gaussian","EV","negative","100","0.029147479166383786","0.045495471215365964","0.014137678369731094","0.0"
"100","1","Coupled","gaussian","EV","positive","100","0.18340727195002696","0.07496167006952184","0.20478276213267463","0.9"
"100","1","Coupled","gaussian","PF","negative","100","0.06629418018271999","0.06812042215830369","0.03194692129668469","0.0"
"100","1","Coupled","gaussian","PF","positive","100","0.05235066601717705","0.025669507800212724","0.050158596578763245","0.52"
"100","1","Coupled","gaussian","PI","negative","100","0.031170260897516608","0.01358358915101342","0.022337308558078292","0.0"
"100","1","Coupled","gaussian","PI","positive","100","0.11485898393984907","0.0898227477300863","0.14905455087090977","0.64"
"100","1","Coupled","gaussian","RMP","negative","100","0.02041990252425001","0.016025779340058385","0.018903877577763295","0.0"
"100","1","Coupled","gaussian","RMP","positive","100","0.07772849515028113","0.041566623207354145","0.07789683669258292","0.99"
"100","1","Coupled","gaussian","VV","negative","100","0.04237436413310602","0.019477270114415503","0.040783703305141444","0.0"
"100","1","Coupled","gaussian","VV","positive","100","0.09775523519232893","0.08481230611390467","0.05971200038577067","0.6"
"100","1","Coupled","kmeans","AI","negative","100","0.049800709341526195","0.07179475614097858","0.03550072615379887","0.0"
"100","1","Coupled","kmeans","AI","positive","100","0.1398386379542199","0.09215471792197143","0.11541783935523559","0.74"
"100","1","Coupled","kmeans","EV","negative","100","0.15739034963785337","0.11502349677535931","0.2531071652431481","0.0"
"100","1","Coupled","kmeans","EV","positive","100","0.3771937875812575","0.11903561272336416","0.4303272049525253","0.92"
"100","1","Coupled","kmeans","PF","negative","100","0.062254386038469424","0.061472833890621754","0.03863201516717418","0.0"
"100","1","Coupled","kmeans","PF","positive","100","0.09240827952878643","0.05707343958443308","0.1173142093290018","0.54"
"100","1","Coupled","kmeans","PI","negative","100","0.19057280167909382","0.05177415490969083","0.18339146638400788","0.0"
"100","1","Coupled","kmeans","PI","positive","100","0.18464252073688375","0.0956693666783347","0.19051558311624994","0.6"
"100","1","Coupled","kmeans","RMP","negative","100","0.09757717344898822","0.08313495133896008","0.06531013760099597","0.0"
"100","1","Coupled","kmeans","RMP","positive","100","0.07788447217238403","0.06516880374207114","0.054459654683418526","0.84"
"100","1","Coupled","kmeans","VV","negative","100","0.04586707390369587","0.029040498230704526","0.04826707095959315","0.0"
"100","1","Coupled","kmeans","VV","positive","100","0.1199185849129221","0.09251004284347747","0.08025917492623089","0.71"
"100","10","Coupled","agglomerative","AI","negative","100","0.10817402627892637","0.10082083496847559","0.06714481195361563","0.0"
"100","10","Coupled","agglomerative","AI","positive","100","0.38069518818565273","0.0635965421127885","0.38182155341348484","1.0"
"100","10","Coupled","agglomerative","EV","negative","100","0.1873963976771714","0.0412063819537552","0.19525138883397763","0.0"
"100","10","Coupled","agglomerative","EV","positive","100","0.587952727062198","0.06873586203170416","0.611848943301166","1.0"
"100","10","Coupled","agglomerative","PF","negative","100","0.10760258226890813","0.07328863359115431","0.09005915454795413","0.0"
"100","10","Coupled","agglomerative","PF","positive","100","0.1923241408320743","0.044803658741752114","0.19000046557947253","1.0"
"100","10","Coupled","agglomerative","PI","negative","100","0.049231187668238946","0.03681602749805597","0.04590207858446686","0.0"
"100","10","Coupled","agglomerative","PI","positive","100","0.4347708515934766","0.040759539426344304","0.4446311094338334","1.0"
"100","10","Coupled","agglomerative","RMP","negative","100","0.0826493079200984","0.044801852982878136","0.08145288060599157","0.0"
"100","10","Coupled","agglomerative","RMP","positive","100","0.3595878694071672","0.04355299535001686","0.36459163840157593","1.0"
"100","10","Coupled","agglomerative","VV","negative","100","0.046616821957512065","0.03117523715643526","0.042596552356075595","0.0"
"100","10","Coupled","agglomerative","VV","positive","100","0.28548445293363733","0.045641214811202264","0.29061646259462626","1.0"
"100","10","Coupled","gaussian","AI","negative","100","0.049807665369567065","0.03464246682775152","0.04517116650856391","0.0"
"100","10","Coupled","gaussian","AI","positive","100","0.30386810172463896","0.04654335545381222","0.3097319471620691","1.0"
"100","10","Coupled","gaussian","EV","negative","100","0.096688158859562","0.05915277711030812","0.10617759237003749","0.0"
"100","10","Coupled","gaussian","EV","positive","100","0.3955041843203942","0.03766966695057733","0.40026160264435884","1.0"
"100","10","Coupled","gaussian","PF","negative","100","0.0768236734659051","0.05186443578123421","0.06489487972968369","0.0"
"100","10","Coupled","gaussian","PF","positive","100","0.1751929249785449","0.049219134845363915","0.18085136074557334","1.0"
"100","10","Coupled","gaussian","PI","negative","100","0.06779730192917519","0.037643935762437415","0.07790718528815047","0.0"
"100","10","Coupled","gaussian","PI","positive","100","0.365525923221439","0.0362360875186254","0.36431741564290687","1.0"
"100","10","Coupled","gaussian","RMP","negative","100","0.022967361940861616","0.025367859128076965","0.015462077171520816","0.0"
"100","10","Coupled","gaussian","RMP","positive","100","0.3234838298069389","0.03817940919430685","0.330140660827802","1.0"
"100","10","Coupled","gaussian","VV","negative","100","0.09434935032819894","0.0466964334807246","0.09459554422263394","0.0"
"100","10","Coupled","gaussian","VV","positive","100","0.2779968321707937","0.0468628749377052","0.28537548872752655","1.0"
"100","10","Coupled","kmeans","AI","negative","100","0.08228389944169656","0.06329265048805352","0.07216631801865943","0.0"
"100","10","Coupled","kmeans","AI","positive","100","0.3489448573112158","0.0570525148352119","0.35243920815277474","1.0"
"100","10","Coupled","kmeans","EV","negative","100","0.15791391588599238","0.1136897985959443","0.16628951301468992","0.0"
"100","10","Coupled","kmeans","EV","positive","100","0.608452803078199","0.058473275569784176","0.6252091971579576","1.0"
"100","10","Coupled","kmeans","PF","negative","100","0.07238289618217968","0.05688235468383582","0.06664374430068803","0.0"
"100","10","Coupled","kmeans","PF","positive","100","0.2358465914177539","0.06719001719464197","0.24516310364843097","1.0"
"100","10","Coupled","kmeans","PI","negative","100","0.09107402327835952","0.06273902310538884","0.08712827618505324","0.0"
"100","10","Coupled","kmeans","PI","positive","100","0.4140860898377845","0.05584830573991675","0.42521377793953385","1.0"
"100","10","Coupled","kmeans","RMP","negative","100","0.15454525240749123","0.06814108090470643","0.1527588316669789","0.0"
"100","10","Coupled","kmeans","RMP","positive","100","0.28382099344317063","0.04800809232915604","0.28838490656129556","1.0"
"100","10","Coupled","kmeans","VV","negative","100","0.07330988037175615","0.04390903040112996","0.07174527844213849","0.0"
"100","10","Coupled","kmeans","VV","positive","100","0.3451518365826203","0.04873884318872593","0.35867179796722326","1.0"
"100","12","Coupled","agglomerative","AI","negative","100","0.08771551469724144","0.08376756477634385","0.059191475981364566","0.0"
"100","12","Coupled","agglomerative","AI","positive","100","0.3855696940207316","0.06145529456587306","0.3795796920607725","1.0"
"100","12","Coupled","agglomerative","EV","negative","100","0.1452003859873571","0.04829210426317598","0.12336390626078428","0.0"
"100","12","Coupled","agglomerative","EV","positive","100","0.6021559322594524","0.07363015528800633","0.6301764370951332","1.0"
"100","12","Coupled","agglomerative","PF","negative","100","0.0823680857251841","0.06376622041359652","0.07246504433655676","0.0"
"100","12","Coupled","agglomerative","PF","positive","100","0.21289171345010557","0.04077998250865909","0.21630154832650406","1.0"
"100","12","Coupled","agglomerative","PI","negative","100","0.0537226873665718","0.03322500692072698","0.05435439336187044","0.0"
"100","12","Coupled","agglomerative","PI","positive","100","0.4580158016821015","0.03484996945445233","0.46492605412697685","1.0"
"100","12","Coupled","agglomerative","RMP","negative","100","0.08422793806799429","0.047922261919835604","0.08436959513183362","0.0"
"100","12","Coupled","agglomerative","RMP","positive","100","0.38002849662129407","0.03909363960108517","0.3820397820013257","1.0"
"100","12","Coupled","agglomerative","VV","negative","100","0.04587715996916652","0.03628046349548889","0.0343528606589959","0.0"
"100","12","Coupled","agglomerative","VV","positive","100","0.3011079143802119","0.0376474469295885","0.30184183326642","1.0"
"100","12","Coupled","gaussian","AI","negative","100","0.051547627554629265","0.03426660081305851","0.0483862409930899","0.0"
"100","12","Coupled","gaussian","AI","positive","100","0.3072739016296945","0.05165307917076652","0.312400514872642","1.0"
"100","12","Coupled","gaussian","EV","negative","100","0.07582517501181787","0.061289983829920104","0.0619814069389633","0.0"
"100","12","Coupled","gaussian","EV","positive","100","0.413194780204543","0.038706387011320585","0.41707872182252603","1.0"
"100","12","Coupled","gaussian","PF","negative","100","0.06439046580480004","0.05717767926183439","0.047393864109946005","0.0"
"100","12","Coupled","gaussian","PF","positive","100","0.2059669413219104","0.03809330090913844","0.2072698673722189","1.0"
"100","12","Coupled","gaussian","PI","negative","100","0.0797736847209641","0.035845463853434685","0.09363322248058746","0.0"
"100","12","Coupled","gaussian","PI","positive","100","0.3825603951113138","0.03326557707236858","0.38851192585307337","1.0"
"100","12","Coupled","gaussian","RMP","negative","100","0.021008199222727755","0.020303294949788078","0.015039230303566131","0.0"
"100","12","Coupled","gaussian","RMP","positive","100","0.3486482492471311","0.03459169287699579","0.3532075115050971","1.0"
"100","12","Coupled","gaussian","VV","negative","100","0.10495204606725447","0.04575103587094867","0.10519825634261241","0.0"
"100","12","Coupled","gaussian","VV","positive","100","0.29111474022339534","0.031307706559846236","0.29174792904090685","1.0"
"100","12","Coupled","kmeans","AI","negative","100","0.07810927753391007","0.05885599049582423","0.06409899926355025","0.0"
"100","12","Coupled","kmeans","AI","positive","100","0.354341324228969","0.05746156309395048","0.3576579810446565","1.0"
"100","12","Coupled","kmeans","EV","negative","100","0.16767499399067898","0.09432641981336566","0.19176731004657524","0.0"
"100","12","Coupled","kmeans","EV","positive","100","0.6185019267366672","0.06135955989343362","0.6404578397771665","1.0"
"100","12","Coupled","kmeans","PF","negative","100","0.06096382984132396","0.053502388112051776","0.04546057973724513","0.0"
"100","12","Coupled","kmeans","PF","positive","100","0.26991868641134187","0.05910968039754271","0.27847510536927567","1.0"
"100","12","Coupled","kmeans","PI","negative","100","0.0748950148983152","0.05335045683143416","0.0695204030427633","0.0"
"100","12","Coupled","kmeans","PI","positive","100","0.43695488053642","0.05076628460510168","0.44647983214403764","1.0"
"100","12","Coupled","kmeans","RMP","negative","100","0.13963141510127713","0.056409184288788335","0.13884968853228935","0.0"
"100","12","Coupled","kmeans","RMP","positive","100","0.3101728293879078","0.036120429938257766","0.31382037797463336","1.0"
"100","12","Coupled","kmeans","VV","negative","100","0.08132147922703176","0.046076498594487","0.07991725084815052","0.0"
"100","12","Coupled","kmeans","VV","positive","100","0.35798846858311806","0.04460519560168266","0.360265948037638","1.0"
"100","15","Coupled","agglomerative","AI","negative","100","0.08128190963104305","0.07716377255969284","0.05338707353926908","0.0"
"100","15","Coupled","agglomerative","AI","positive","100","0.40531002397816984","0.060921355453774154","0.40273331877857654","1.0"
"100","15","Coupled","agglomerative","EV","negative","100","0.14708756925159241","0.05168335693941678","0.1233634263769671","0.0"
"100","15","Coupled","agglomerative","EV","positive","100","0.6218024743584469","0.0686141032769868","0.6529070490182418","1.0"
"100","15","Coupled","agglomerative","PF","negative","100","0.08803768874020475","0.06594906588832483","0.06865578309857553","0.0"
"100","15","Coupled","agglomerative","PF","positive","100","0.23876400526528468","0.03179374654275888","0.2404067146329077","1.0"
"100","15","Coupled","agglomerative","PI","negative","100","0.048392330711211524","0.030172186885055543","0.04147114732447452","0.0"
"100","15","Coupled","agglomerative","PI","positive","100","0.49009233769829125","0.03567383211015752","0.500097290224566","1.0"
"100","15","Coupled","agglomerative","RMP","negative","100","0.06586498736190277","0.047080353725387866","0.05942455892237089","0.0"
"100","15","Coupled","agglomerative","RMP","positive","100","0.38601174142815664","0.03764444023587464","0.3850165407082998","1.0"
"100","15","Coupled","agglomerative","VV","negative","100","0.04447810585373357","0.034854947640947376","0.033672319416185814","0.0"
"100","15","Coupled","agglomerative","VV","positive","100","0.31184115588005956","0.03344587412848532","0.3112871150118884","1.0"
"100","15","Coupled","gaussian","AI","negative","100","0.06316240207917533","0.0429813266389679","0.057020298768798744","0.0"
"100","15","Coupled","gaussian","AI","positive","100","0.33281199788615273","0.04237190996016876","0.32337871649406436","1.0"
"100","15","Coupled","gaussian","EV","negative","100","0.08275660469353417","0.056511133691038135","0.07547487378998881","0.0"
"100","15","Coupled","gaussian","EV","positive","100","0.43214733786262227","0.03551372722862203","0.43596917449357897","1.0"
"100","15","Coupled","gaussian","PF","negative","100","0.08417392885057344","0.05851085788122771","0.07474079881490789","0.0"
"100","15","Coupled","gaussian","PF","positive","100","0.21527598759461455","0.04131789352497377","0.21802191722142164","1.0"
"100","15","Coupled","gaussian","PI","negative","100","0.05995505692188334","0.03862862797747919","0.04987901313968604","0.0"
"100","15","Coupled","gaussian","PI","positive","100","0.4175664166380808","0.026674800190178954","0.41885760302773695","1.0"
"100","15","Coupled","gaussian","RMP","negative","100","0.023625299565350918","0.023132918546803237","0.017896837507785646","0.0"
"100","15","Coupled","gaussian","RMP","positive","100","0.3676854045952882","0.03054728956922483","0.3689101257874299","1.0"
"100","15","Coupled","gaussian","VV","negative","100","0.11483660990605069","0.044198626387228","0.11695521044892358","0.0"
"100","15","Coupled","gaussian","VV","positive","100","0.3032336050550456","0.03121631241609237","0.30945604602209925","1.0"
"100","15","Coupled","kmeans","AI","negative","100","0.06564651671317051","0.050308289520897026","0.05376673592572104","0.0"
"100","15","Coupled","kmeans","AI","positive","100","0.3791104825860532","0.05202793165327891","0.37934570735586837","1.0"
"100","15","Coupled","kmeans","EV","negative","100","0.1609887624640687","0.11819252095015262","0.2183020739862924","0.0"
"100","15","Coupled","kmeans","EV","positive","100","0.639087694508245","0.05271749434815587","0.6542499373267913","1.0"
"100","15","Coupled","kmeans","PF","negative","100","0.05375465738252027","0.049507047185274836","0.03686522544405982","0.0"
"100","15","Coupled","kmeans","PF","positive","100","0.2895897460435559","0.054532065960893376","0.2946430716066001","1.0"
"100","15","Coupled","kmeans","PI","negative","100","0.08137083809654147","0.055454473466512534","0.070779049648787","0.0"
"100","15","Coupled","kmeans","PI","positive","100","0.4698233000839791","0.05123929981560873","0.48627955149964514","1.0"
"100","15","Coupled","kmeans","RMP","negative","100","0.10739796657682911","0.05546879183926948","0.09831247014640151","0.0"
"100","15","Coupled","kmeans","RMP","positive","100","0.3201441338654608","0.04677829800437326","0.3281392075652156","1.0"
"100","15","Coupled","kmeans","VV","negative","100","0.10671635044762434","0.04344439628469031","0.11432282064972163","0.0"
"100","15","Coupled","kmeans","VV","positive","100","0.37153123911233804","0.036823534394871967","0.3727743364958416","1.0"
"100","18","Coupled","agglomerative","AI","negative","100","0.07205691908490529","0.06530607424817576","0.05524211513925481","0.0"
"100","18","Coupled","agglomerative","AI","positive","100","0.4107645173420847","0.058338114346919545","0.41025093489118564","1.0"
"100","18","Coupled","agglomerative","EV","negative","100","0.15470445730805255","0.0591043170359482","0.12336449127338442","0.0"
"100","18","Coupled","agglomerative","EV","positive","100","0.6283754551120139","0.0712856501390852","0.6641824399752789","1.0"
"100","18","Coupled","agglomerative","PF","negative","100","0.08845171658509518","0.06245168252791025","0.07978864112900239","0.0"
"100","18","Coupled","agglomerative","PF","positive","100","0.24623251640697524","0.0395071161159175","0.2502776940360769","1.0"
"100","18","Coupled","agglomerative","PI","negative","100","0.04807025139491436","0.032486145486386994","0.038571144705090626","0.0"
"100","18","Coupled","agglomerative","PI","positive","100","0.5093931967533016","0.03030892476544705","0.5146289125669092","1.0"
"100","18","Coupled","agglomerative","RMP","negative","100","0.06437949474053556","0.043718545791693424","0.06348830793611374","0.0"
"100","18","Coupled","agglomerative","RMP","positive","100","0.4112346899731038","0.037212921617420146","0.41678863868368055","1.0"
"100","18","Coupled","agglomerative","VV","negative","100","0.047886062138427665","0.03488030442609151","0.0401579406258909","0.0"
"100","18","Coupled","agglomerative","VV","positive","100","0.3260301647625778","0.03555202298784003","0.33179636606236207","1.0"
"100","18","Coupled","gaussian","AI","negative","100","0.0696454784669232","0.04254769463384575","0.0610889951309217","0.0"
"100","18","Coupled","gaussian","AI","positive","100","0.33692187252579414","0.05105251594545394","0.33510378220524195","1.0"
"100","18","Coupled","gaussian","EV","negative","100","0.07807528765593318","0.05986481996519341","0.06947588457874719","0.0"
"100","18","Coupled","gaussian","EV","positive","100","0.457420377838513","0.03427548137763487","0.46014252564192293","1.0"
"100","18","Coupled","gaussian","PF","negative","100","0.06380009303861024","0.047936315390123385","0.05689317438251615","0.0"
"100","18","Coupled","gaussian","PF","positive","100","0.2280300034743061","0.04044469140621853","0.2258527888898557","1.0"
"100","18","Coupled","gaussian","PI","negative","100","0.05977978448079341","0.03763726164849186","0.0502903444654976","0.0"
"100","18","Coupled","gaussian","PI","positive","100","0.4368760346845826","0.028299204836362606","0.437945963942826","1.0"
"100","18","Coupled","gaussian","RMP","negative","100","0.028721617995390143","0.021530774606896688","0.02204008000342772","0.0"
"100","18","Coupled","gaussian","RMP","positive","100","0.3795297534355692","0.03947741697171728","0.38611030617455244","1.0"
"100","18","Coupled","gaussian","VV","negative","100","0.1242145586499363","0.04199749693681417","0.12333930846168556","0.0"
"100","18","Coupled","gaussian","VV","positive","100","0.3174665760562935","0.03116231095289892","0.32030357839070944","1.0"
"100","18","Coupled","kmeans","AI","negative","100","0.06851302076078189","0.06496448649652041","0.05031447789739371","0.0"
"100","18","Coupled","kmeans","AI","positive","100","0.40559895418879194","0.05699956466322457","0.4174690842142097","1.0"
"100","18","Coupled","kmeans","EV","negative","100","0.1553354741405652","0.12469438992977035","0.22089384130468911","0.0"
"100","18","Coupled","kmeans","EV","positive","100","0.6637999318025121","0.06055883815668532","0.6869697580410492","1.0"
"100","18","Coupled","kmeans","PF","negative","100","0.07780108117905579","0.05089113242661156","0.07734668016358409","0.0"
"100","18","Coupled","kmeans","PF","positive","100","0.2968714327070803","0.06238839995985718","0.2877494924794139","1.0"
"100","18","Coupled","kmeans","PI","negative","100","0.08782030543346839","0.06415730610605222","0.0759398071716948","0.0"
"100","18","Coupled","kmeans","PI","positive","100","0.5153938348801559","0.04607219390995194","0.5262857872439167","1.0"
"100","18","Coupled","kmeans","RMP","negative","100","0.11023736897841482","0.06192259911449458","0.1053042780934311","0.0"
"100","18","Coupled","kmeans","RMP","positive","100","0.35312879529909225","0.046858898992663586","0.35932662433675455","1.0"
"100","18","Coupled","kmeans","VV","negative","100","0.1067307692562946","0.045902515489226296","0.11588942187158607","0.0"
"100","18","Coupled","kmeans","VV","positive","100","0.38698034333596537","0.04606342699592127","0.393133977247072","1.0"
"100","2","Coupled","agglomerative","AI","negative","100","0.14926462607373978","0.16465999235009973","0.07482621021269276","0.0"
"100","2","Coupled","agglomerative","AI","positive","100","0.2218037233077709","0.07402887004077242","0.23185165269918567","0.97"
"100","2","Coupled","agglomerative","EV","negative","100","0.20765699826782402","0.0462200934777351","0.21561177966430392","0.0"
"100","2","Coupled","agglomerative","EV","positive","100","0.4269666328313748","0.06760031373573502","0.4473452602217416","1.0"
"100","2","Coupled","agglomerative","PF","negative","100","0.12661856119782489","0.08613513412934776","0.11601615731992271","0.0"
"100","2","Coupled","agglomerative","PF","positive","100","0.08810588795895996","0.06124966737027642","0.07239217510172377","0.7"
"100","2","Coupled","agglomerative","PI","negative","100","0.1070075098704364","0.04371606084636107","0.1201221611375837","0.0"
"100","2","Coupled","agglomerative","PI","positive","100","0.2252709925466929","0.07624312073492026","0.25829890068341316","0.89"
"100","2","Coupled","agglomerative","RMP","negative","100","0.07905795642964226","0.057601879109826164","0.0685758251553604","0.0"
"100","2","Coupled","agglomerative","RMP","positive","100","0.1854369245813149","0.07459962359635317","0.18928689562691875","0.94"
"100","2","Coupled","agglomerative","VV","negative","100","0.1018041064003162","0.03109152534859951","0.10360183831716818","0.0"
"100","2","Coupled","agglomerative","VV","positive","100","0.17892814836844434","0.07108452517090551","0.19858859344821791","0.9"
"100","2","Coupled","gaussian","AI","negative","100","0.03748469269069792","0.029778744372989746","0.02977150433527384","0.0"
"100","2","Coupled","gaussian","AI","positive","100","0.18781842681548405","0.058819888681109656","0.19908015025867085","0.95"
"100","2","Coupled","gaussian","EV","negative","100","0.039426193253707574","0.06250847984924224","0.01708584248928828","0.0"
"100","2","Coupled","gaussian","EV","positive","100","0.24496212468753104","0.07780462898494658","0.2537486818416175","0.98"
"100","2","Coupled","gaussian","PF","negative","100","0.06576164606599598","0.05712678981057038","0.04958365757193714","0.0"
"100","2","Coupled","gaussian","PF","positive","100","0.0660670227940437","0.042001596527677855","0.06098881057946513","0.74"
"100","2","Coupled","gaussian","PI","negative","100","0.05417920537676111","0.036619050771209895","0.04670855942281657","0.0"
"100","2","Coupled","gaussian","PI","positive","100","0.2097435184531426","0.081550180076224","0.23550341093124566","0.97"
"100","2","Coupled","gaussian","RMP","negative","100","0.021074522328279385","0.027633877630054596","0.01252713549905965","0.0"
"100","2","Coupled","gaussian","RMP","positive","100","0.15229998958398683","0.0569149438751406","0.15611316225026128","1.0"
"100","2","Coupled","gaussian","VV","negative","100","0.042152771647504174","0.023220379466586036","0.0452834183705607","0.0"
"100","2","Coupled","gaussian","VV","positive","100","0.20365031598581468","0.07537168605332278","0.2332619900288342","0.91"
"100","2","Coupled","kmeans","AI","negative","100","0.06671977501268471","0.06941212393666564","0.048667155781879884","0.0"
"100","2","Coupled","kmeans","AI","positive","100","0.1930272588061588","0.07622525139163697","0.20326676219232126","0.96"
"100","2","Coupled","kmeans","EV","negative","100","0.1593434207833098","0.11653696413377017","0.1848899307803439","0.0"
"100","2","Coupled","kmeans","EV","positive","100","0.4621712328678742","0.0755084006746038","0.48396563373374474","1.0"
"100","2","Coupled","kmeans","PF","negative","100","0.09175238201397792","0.06190712928645708","0.08138154989524442","0.0"
"100","2","Coupled","kmeans","PF","positive","100","0.10597548965611905","0.0736703222954901","0.09887362496242258","0.74"
"100","2","Coupled","kmeans","PI","negative","100","0.1469230194445894","0.08719834288710694","0.18079081752000664","0.0"
"100","2","Coupled","kmeans","PI","positive","100","0.25062020342810226","0.10492492232713518","0.30452177137558917","0.89"
"100","2","Coupled","kmeans","RMP","negative","100","0.1417200877058486","0.07654443085764326","0.15837800681954534","0.0"
"100","2","Coupled","kmeans","RMP","positive","100","0.12709985946539218","0.06422061669848077","0.11452479088192723","0.96"
"100","2","Coupled","kmeans","VV","negative","100","0.046138073037866115","0.023694498631517128","0.04395599998894553","0.0"
"100","2","Coupled","kmeans","VV","positive","100","0.23148030188508645","0.08105168409877227","0.24820692241785952","0.96"
"100","20","Coupled","agglomerative","AI","negative","100","0.06844943482087323","0.06158604365447685","0.055554044839395494","0.0"
"100","20","Coupled","agglomerative","AI","positive","100","0.4126235808041152","0.04908352539448278","0.4122747362236828","1.0"
"100","20","Coupled","agglomerative","EV","negative","100","0.16381617866419382","0.06940816938536314","0.12336450261233722","0.0"
"100","20","Coupled","agglomerative","EV","positive","100","0.6201922091923636","0.07559016974401898","0.6661046882805193","1.0"
"100","20","Coupled","agglomerative","PF","negative","100","0.10341692980027622","0.0705131357697372","0.09037881261614575","0.0"
"100","20","Coupled","agglomerative","PF","positive","100","0.245970867531532","0.036720572904810275","0.25148432360813566","1.0"
"100","20","Coupled","agglomerative","PI","negative","100","0.04545003887385787","0.032049749081086445","0.0350376636779547","0.0"
"100","20","Coupled","agglomerative","PI","positive","100","0.5207757545942231","0.03380608701013245","0.5307581457574475","1.0"
"100","20","Coupled","agglomerative","RMP","negative","100","0.05842858458269031","0.04169416701204028","0.05143289625594427","0.0"
"100","20","Coupled","agglomerative","RMP","positive","100","0.40408662110939825","0.03758179880030845","0.4046010813123794","1.0"
"100","20","Coupled","agglomerative","VV","negative","100","0.05535933105965655","0.0392269689437698","0.05275038611702729","0.0"
"100","20","Coupled","agglomerative","VV","positive","100","0.3319800009559541","0.03502885907285507","0.3346862222066724","1.0"
"100","20","Coupled","gaussian","AI","negative","100","0.07031936159431953","0.04186772733769946","0.06315440327823979","0.0"
"100","20","Coupled","gaussian","AI","positive","100","0.35129828725484685","0.04115235536311233","0.35044973015434805","1.0"
"100","20","Coupled","gaussian","EV","negative","100","0.05698115388197174","0.04794657065655109","0.05312358641469196","0.0"
"100","20","Coupled","gaussian","EV","positive","100","0.46361174782975995","0.024471984204340276","0.46679301694165154","1.0"
"100","20","Coupled","gaussian","PF","negative","100","0.06616845184443948","0.04703431219866261","0.05681670543078307","0.0"
"100","20","Coupled","gaussian","PF","positive","100","0.2401270181879264","0.03691366069121933","0.24087252951591445","1.0"
"100","20","Coupled","gaussian","PI","negative","100","0.06430889001467051","0.0372014308544936","0.05578130600751843","0.0"
"100","20","Coupled","gaussian","PI","positive","100","0.4479993453654982","0.030106141552396458","0.44992441824492024","1.0"
"100","20","Coupled","gaussian","RMP","negative","100","0.025606184241738772","0.02549074673953938","0.018228060485880854","0.0"
"100","20","Coupled","gaussian","RMP","positive","100","0.3940349795354921","0.03409032071201946","0.397380124732035","1.0"
"100","20","Coupled","gaussian","VV","negative","100","0.12539396284289067","0.03972670846812914","0.12531655594670432","0.0"
"100","20","Coupled","gaussian","VV","positive","100","0.3260544013161033","0.028998605201634296","0.32602122693942326","1.0"
"100","20","Coupled","kmeans","AI","negative","100","0.06489229864754326","0.05764080235834951","0.047288562010033564","0.0"
"100","20","Coupled","kmeans","AI","positive","100","0.39641653572493724","0.05417048414386991","0.4040668546891981","1.0"
"100","20","Coupled","kmeans","EV","negative","100","0.16297053371799353","0.11141879422086053","0.20717722452868675","0.0"
"100","20","Coupled","kmeans","EV","positive","100","0.6491464020765813","0.05297436732189274","0.6623583114170388","1.0"
"100","20","Coupled","kmeans","PF","negative","100","0.0757755398645047","0.047394289242065686","0.0705104453283997","0.0"
"100","20","Coupled","kmeans","PF","positive","100","0.3016918829423935","0.055358988366311736","0.29717634254225156","1.0"
"100","20","Coupled","kmeans","PI","negative","100","0.08114327860042028","0.053885496096598685","0.0755149456959067","0.0"
"100","20","Coupled","kmeans","PI","positive","100","0.5055145095202117","0.04672326306536857","0.518731095282607","1.0"
"100","20","Coupled","kmeans","RMP","negative","100","0.09729669558193135","0.05244724462215173","0.09184120794394424","0.0"
"100","20","Coupled","kmeans","RMP","positive","100","0.34611996488731045","0.042510834557646426","0.35040022733463516","1.0"
"100","20","Coupled","kmeans","VV","negative","100","0.11340528154748371","0.04393224418261804","0.1224446769330978","0.0"
"100","20","Coupled","kmeans","VV","positive","100","0.3895697396302453","0.039976106690234985","0.3962370437502456","1.0"
"100","22","Coupled","agglomerative","AI","negative","100","0.06291189870460029","0.05018653621381904","0.0508612263111127","0.0"
"100","22","Coupled","agglomerative","AI","positive","100","0.4159112032834888","0.055540083328520146","0.41387944745255123","1.0"
"100","22","Coupled","agglomerative","EV","negative","100","0.1554804870840357","0.06309817100471503","0.12336125953206287","0.0"
"100","22","Coupled","agglomerative","EV","positive","100","0.6488199059831509","0.06565941172217943","0.6807334690401121","1.0"
"100","22","Coupled","agglomerative","PF","negative","100","0.09482202614025793","0.06202482663995415","0.09083377093440625","0.0"
"100","22","Coupled","agglomerative","PF","positive","100","0.2592897829386435","0.034750051032251136","0.2682350233119986","1.0"
"100","22","Coupled","agglomerative","PI","negative","100","0.04015388298479425","0.028767771333957408","0.03248262549846129","0.0"
"100","22","Coupled","agglomerative","PI","positive","100","0.5331465905481666","0.03283045319212998","0.540719359258157","1.0"
"100","22","Coupled","agglomerative","RMP","negative","100","0.06651758493776547","0.04227924932276254","0.06644035612443558","0.0"
"100","22","Coupled","agglomerative","RMP","positive","100","0.42230178067057067","0.032603908496264426","0.42582381915087214","1.0"
"100","22","Coupled","agglomerative","VV","negative","100","0.04885404266859676","0.04045144236910986","0.03606360838794606","0.0"
"100","22","Coupled","agglomerative","VV","positive","100","0.33990289244658434","0.028463217782336944","0.3420805782414009","1.0"
"100","22","Coupled","gaussian","AI","negative","100","0.07625426498675447","0.04176931796482705","0.07015238814924295","0.0"
"100","22","Coupled","gaussian","AI","positive","100","0.3567240322148597","0.04868612810088997","0.36756474449065324","1.0"
"100","22","Coupled","gaussian","EV","negative","100","0.0668743993811082","0.05226693478954524","0.060563138309934345","0.0"
"100","22","Coupled","gaussian","EV","positive","100","0.4807420142350402","0.027458605748969384","0.4838930906310447","1.0"
"100","22","Coupled","gaussian","PF","negative","100","0.06414047400915247","0.04419872716085576","0.056924062288552874","0.0"
"100","22","Coupled","gaussian","PF","positive","100","0.24947698411090044","0.03595181715532421","0.24634399866486192","1.0"
"100","22","Coupled","gaussian","PI","negative","100","0.06377072860040861","0.037762019595758436","0.05232771827998042","0.0"
"100","22","Coupled","gaussian","PI","positive","100","0.45336515568480296","0.027690813998223162","0.45626762200952603","1.0"
"100","22","Coupled","gaussian","RMP","negative","100","0.025809584312541704","0.021184043753781096","0.022680496483988927","0.0"
"100","22","Coupled","gaussian","RMP","positive","100","0.40385570382534164","0.029014792914321054","0.405004605990934","1.0"
"100","22","Coupled","gaussian","VV","negative","100","0.13560176704266133","0.04043626946446852","0.1403331205099947","0.0"
"100","22","Coupled","gaussian","VV","positive","100","0.33476223957189","0.02513017446848302","0.33383742863818955","1.0"
"100","22","Coupled","kmeans","AI","negative","100","0.06962531518624493","0.05174503416282756","0.05372977404416304","0.0"
"100","22","Coupled","kmeans","AI","positive","100","0.402934899818542","0.054476961262246146","0.41004466694271724","1.0"
"100","22","Coupled","kmeans","EV","negative","100","0.1939835732292276","0.08674673439736046","0.20601718215536324","0.0"
"100","22","Coupled","kmeans","EV","positive","100","0.6582416222520251","0.05790194693333927","0.6766173549912393","1.0"
"100","22","Coupled","kmeans","PF","negative","100","0.06836984467244897","0.04564464681604728","0.06171555513161084","0.0"
"100","22","Coupled","kmeans","PF","positive","100","0.3160672481274916","0.05542634262903023","0.3101014649198417","1.0"
"100","22","Coupled","kmeans","PI","negative","100","0.07857138043632494","0.046641982336604736","0.08257087222863096","0.0"
"100","22","Coupled","kmeans","PI","positive","100","0.5090257444288944","0.04207687122605234","0.5166481601649642","1.0"
"100","22","Coupled","kmeans","RMP","negative","100","0.10237544013887273","0.0567812044193519","0.09739736495526141","0.0"
"100","22","Coupled","kmeans","RMP","positive","100","0.36226534955975","0.04110555351813335","0.36735081593055297","1.0"
"100","22","Coupled","kmeans","VV","negative","100","0.11262262730706181","0.050159476320563265","0.12509842132186688","0.0"
"100","22","Coupled","kmeans","VV","positive","100","0.4011670114975403","0.036084152352948144","0.40326083255623435","1.0"
"100","25","Coupled","agglomerative","AI","negative","100","0.06062778350243435","0.04606452889918839","0.05461619957220648","0.0"
"100","25","Coupled","agglomerative","AI","positive","100","0.4241750689310975","0.05089413000175876","0.4192337286453075","1.0"
"100","25","Coupled","agglomerative","EV","negative","100","0.16144014130720852","0.06458079860116228","0.12336300351508578","0.0"
"100","25","Coupled","agglomerative","EV","positive","100","0.6444940748201838","0.07600149868501742","0.6900450812224235","1.0"
"100","25","Coupled","agglomerative","PF","negative","100","0.08896295513773358","0.064394995159289","0.08016486663656386","0.0"
"100","25","Coupled","agglomerative","PF","positive","100","0.26377445406993094","0.033748599363738196","0.266400468833349","1.0"
"100","25","Coupled","agglomerative","PI","negative","100","0.04250593661478986","0.02740502200183578","0.03560053928462309","0.0"
"100","25","Coupled","agglomerative","PI","positive","100","0.545982134604346","0.02808407252864739","0.5511723477769153","1.0"
"100","25","Coupled","agglomerative","RMP","negative","100","0.051288614872735845","0.03869498562659763","0.04249579769917608","0.0"
"100","25","Coupled","agglomerative","RMP","positive","100","0.43245488103203866","0.033207764787687444","0.43167891007284687","1.0"
"100","25","Coupled","agglomerative","VV","negative","100","0.05704469931575326","0.04288207931888779","0.04616477542540204","0.0"
"100","25","Coupled","agglomerative","VV","positive","100","0.3526663157226061","0.027458035088336195","0.35545110790535567","1.0"
"100","25","Coupled","gaussian","AI","negative","100","0.08624176397331552","0.04748300969180333","0.08706020176855941","0.0"
"100","25","Coupled","gaussian","AI","positive","100","0.36322351794060476","0.04405333741104379","0.3619523544782302","1.0"
"100","25","Coupled","gaussian","EV","negative","100","0.06218940383088265","0.0486368429587454","0.056050520786490116","0.0"
"100","25","Coupled","gaussian","EV","positive","100","0.4890727484496707","0.0314782747242562","0.4961185383167749","1.0"
"100","25","Coupled","gaussian","PF","negative","100","0.06093500158125618","0.042442290303131326","0.05062553988492191","0.0"
"100","25","Coupled","gaussian","PF","positive","100","0.2523783900213332","0.039853877315616064","0.25671432613908823","1.0"
"100","25","Coupled","gaussian","PI","negative","100","0.0587685704917339","0.03899397248174734","0.05192091685383783","0.0"
"100","25","Coupled","gaussian","PI","positive","100","0.47283335896721335","0.02849871703642363","0.4749133607818954","1.0"
"100","25","Coupled","gaussian","RMP","negative","100","0.022080242629623586","0.018149623984105547","0.01914171379543872","0.0"
"100","25","Coupled","gaussian","RMP","positive","100","0.4128232548670345","0.032115106969446444","0.41699735124999293","1.0"
"100","25","Coupled","gaussian","VV","negative","100","0.13627778997618492","0.03731702225664565","0.13598945313728092","0.0"
"100","25","Coupled","gaussian","VV","positive","100","0.3409066736054407","0.029428275426504596","0.3449746689141112","1.0"
"100","25","Coupled","kmeans","AI","negative","100","0.060969721398359294","0.05079815862591058","0.04507052199449402","0.0"
"100","25","Coupled","kmeans","AI","positive","100","0.40878879997853085","0.0538843356907493","0.41329351365174366","1.0"
"100","25","Coupled","kmeans","EV","negative","100","0.19663902094817448","0.08525839195109604","0.2005311693485523","0.0"
"100","25","Coupled","kmeans","EV","positive","100","0.6568725995423793","0.06733069882938492","0.6873001390223505","1.0"
"100","25","Coupled","kmeans","PF","negative","100","0.06700740088674226","0.04145875178714421","0.06243442570684177","0.0"
"100","25","Coupled","kmeans","PF","positive","100","0.31572766935033847","0.05016968655185283","0.3138016915123613","1.0"
"100","25","Coupled","kmeans","PI","negative","100","0.07007270980882688","0.0435150283621841","0.0701557052075654","0.0"
"100","25","Coupled","kmeans","PI","positive","100","0.5217779581191383","0.038314482351030285","0.5274972981222723","1.0"
"100","25","Coupled","kmeans","RMP","negative","100","0.08606194805887672","0.04953692904970108","0.08671876033561371","0.0"
"100","25","Coupled","kmeans","RMP","positive","100","0.3709241736512219","0.04000014014280876","0.37403852540109106","1.0"
"100","25","Coupled","kmeans","VV","negative","100","0.11142248500556341","0.04720408890260369","0.11441266785776905","0.0"
"100","25","Coupled","kmeans","VV","positive","100","0.39406807858532855","0.03561235052478416","0.39674126708923174","1.0"
"100","4","Coupled","agglomerative","AI","negative","100","0.1406874679698361","0.1281802116775342","0.10292915374124942","0.0"
"100","4","Coupled","agglomerative","AI","positive","100","0.29634911516801304","0.0850722924934221","0.3135957770694743","0.99"
"100","4","Coupled","agglomerative","EV","negative","100","0.20071996526522395","0.055651489973770125","0.2158047605186938","0.0"
"100","4","Coupled","agglomerative","EV","positive","100","0.5136051932794957","0.05175323428897133","0.5249038129901464","1.0"
"100","4","Coupled","agglomerative","PF","negative","100","0.13535052538549633","0.08393184502832783","0.1215696730305936","0.0"
"100","4","Coupled","agglomerative","PF","positive","100","0.11236396842250423","0.07991004130361434","0.1054895987946698","0.83"
"100","4","Coupled","agglomerative","PI","negative","100","0.07572469617199575","0.04709227251209345","0.06590295468933965","0.0"
"100","4","Coupled","agglomerative","PI","positive","100","0.32490460634466745","0.04745130679444382","0.3394347695812965","1.0"
"100","4","Coupled","agglomerative","RMP","negative","100","0.09965902601101971","0.06243002934365884","0.09490078900152538","0.0"
"100","4","Coupled","agglomerative","RMP","positive","100","0.2614839334216933","0.06524070656124974","0.27590154517287824","0.99"
"100","4","Coupled","agglomerative","VV","negative","100","0.07454134360243574","0.04304201856489654","0.07546624651942097","0.0"
"100","4","Coupled","agglomerative","VV","positive","100","0.22810262524920433","0.06900578515122914","0.24743408157316862","0.98"
"100","4","Coupled","gaussian","AI","negative","100","0.03136522256409338","0.028808262063218227","0.02366473043915196","0.0"
"100","4","Coupled","gaussian","AI","positive","100","0.22728002365807182","0.06916645436848153","0.23702338597397543","0.97"
"100","4","Coupled","gaussian","EV","negative","100","0.045906852974101214","0.05416449884026027","0.016306165219746316","0.0"
"100","4","Coupled","gaussian","EV","positive","100","0.30082405935948864","0.044946914929848016","0.3085336147509194","1.0"
"100","4","Coupled","gaussian","PF","negative","100","0.07056538382999969","0.0488334842194942","0.0668442462317216","0.0"
"100","4","Coupled","gaussian","PF","positive","100","0.10086055609296411","0.04785255722087586","0.09972131581216487","0.95"
"100","4","Coupled","gaussian","PI","negative","100","0.07163453238902341","0.039644626464286424","0.09191145994680762","0.0"
"100","4","Coupled","gaussian","PI","positive","100","0.27241273145086475","0.04226277677267117","0.27362354188197097","1.0"
"100","4","Coupled","gaussian","RMP","negative","100","0.015195981361920621","0.019008572655799635","0.010051691968713014","0.0"
"100","4","Coupled","gaussian","RMP","positive","100","0.2170222408285924","0.049985465395113574","0.2219742030834656","1.0"
"100","4","Coupled","gaussian","VV","negative","100","0.05143142660501849","0.03600499015803367","0.04197387057195147","0.0"
"100","4","Coupled","gaussian","VV","positive","100","0.21755188563843178","0.06386922017293527","0.23128747727344973","0.98"
"100","4","Coupled","kmeans","AI","negative","100","0.09065954831351351","0.07271467933899871","0.0816144730532631","0.0"
"100","4","Coupled","kmeans","AI","positive","100","0.24048285154021565","0.08171223076310045","0.2646345296348702","0.97"
"100","4","Coupled","kmeans","EV","negative","100","0.13648292562369743","0.04192424736882612","0.12747419065402407","0.0"
"100","4","Coupled","kmeans","EV","positive","100","0.516374264195607","0.05177244157800027","0.5217018252333454","1.0"
"100","4","Coupled","kmeans","PF","negative","100","0.09303180234175311","0.06516874219520184","0.08127308105545766","0.0"
"100","4","Coupled","kmeans","PF","positive","100","0.14792520902215606","0.08193338627835373","0.1494089380229639","0.95"
"100","4","Coupled","kmeans","PI","negative","100","0.09039122929762806","0.06600065106361626","0.06355751826236078","0.0"
"100","4","Coupled","kmeans","PI","positive","100","0.32481073811514355","0.06098563366265181","0.33533622074278424","1.0"
"100","4","Coupled","kmeans","RMP","negative","100","0.1491982488084693","0.07095579743150313","0.15706810341697475","0.0"
"100","4","Coupled","kmeans","RMP","positive","100","0.1862098335055659","0.05588355121292817","0.19807178497652678","1.0"
"100","4","Coupled","kmeans","VV","negative","100","0.03428817859955469","0.02910740973234095","0.027279599716205388","0.0"
"100","4","Coupled","kmeans","VV","positive","100","0.27297235660071234","0.06307793670679397","0.2849082180191981","1.0"
"100","5","Coupled","agglomerative","AI","negative","100","0.14638939401863818","0.1280672516326846","0.10663722875129822","0.0"
"100","5","Coupled","agglomerative","AI","positive","100","0.3132149986574918","0.08391026004654577","0.3216609643395719","1.0"
"100","5","Coupled","agglomerative","EV","negative","100","0.20107989437154217","0.05325865141606806","0.2158047605186938","0.0"
"100","5","Coupled","agglomerative","EV","positive","100","0.5322986199196804","0.058435634458539824","0.5522047642835249","1.0"
"100","5","Coupled","agglomerative","PF","negative","100","0.1179152208175851","0.06702907052983378","0.11527500243239966","0.0"
"100","5","Coupled","agglomerative","PF","positive","100","0.12339548524836476","0.07456682999423746","0.12663353398583585","0.93"
"100","5","Coupled","agglomerative","PI","negative","100","0.06818877396123106","0.04440091453448842","0.06647914924911164","0.0"
"100","5","Coupled","agglomerative","PI","positive","100","0.33984567238941266","0.0598445632748848","0.34617541863142137","1.0"
"100","5","Coupled","agglomerative","RMP","negative","100","0.10396326757488973","0.060980000866214225","0.09923377292686457","0.0"
"100","5","Coupled","agglomerative","RMP","positive","100","0.2844001601996814","0.052863576222058235","0.29513090154488475","1.0"
"100","5","Coupled","agglomerative","VV","negative","100","0.06159786641612923","0.0362826957956706","0.05812129100487573","0.0"
"100","5","Coupled","agglomerative","VV","positive","100","0.24807426003718455","0.05716521057822608","0.26096820717808356","1.0"
"100","5","Coupled","gaussian","AI","negative","100","0.03929838398562325","0.03005587859141651","0.03450553779990098","0.0"
"100","5","Coupled","gaussian","AI","positive","100","0.24299606783525898","0.0752675517145904","0.25719970590001545","0.98"
"100","5","Coupled","gaussian","EV","negative","100","0.07263226301889028","0.06513997078418887","0.06582559546475084","0.0"
"100","5","Coupled","gaussian","EV","positive","100","0.31659929820576094","0.045178118110629065","0.3222857072680843","1.0"
"100","5","Coupled","gaussian","PF","negative","100","0.07535853950338589","0.05597784986401562","0.06312578520488424","0.0"
"100","5","Coupled","gaussian","PF","positive","100","0.1244101612148127","0.050836991978426206","0.12935573172374615","0.94"
"100","5","Coupled","gaussian","PI","negative","100","0.07667668598072654","0.03554201033488614","0.09112316549605552","0.0"
"100","5","Coupled","gaussian","PI","positive","100","0.2847913684515535","0.041900230118708755","0.29414244905874415","1.0"
"100","5","Coupled","gaussian","RMP","negative","100","0.01824937989487322","0.024194231431890523","0.012137770823948957","0.0"
"100","5","Coupled","gaussian","RMP","positive","100","0.24298660135449635","0.04192906199939359","0.248529072840333","1.0"
"100","5","Coupled","gaussian","VV","negative","100","0.06685439838157171","0.04134709347723236","0.06312844076524193","0.0"
"100","5","Coupled","gaussian","VV","positive","100","0.23955613364663983","0.053597715816841085","0.24561884657585176","1.0"
"100","5","Coupled","kmeans","AI","negative","100","0.087088690381958","0.08364201103921612","0.0676238342655948","0.0"
"100","5","Coupled","kmeans","AI","positive","100","0.26770290342288894","0.0764309060377028","0.2924932041207506","0.99"
"100","5","Coupled","kmeans","EV","negative","100","0.17384067182595062","0.045427234366534716","0.17407906195316394","0.0"
"100","5","Coupled","kmeans","EV","positive","100","0.5361497483513331","0.05606644861350418","0.5463741652477371","1.0"
"100","5","Coupled","kmeans","PF","negative","100","0.09209119029373072","0.0627128697997585","0.08325237799252319","0.0"
"100","5","Coupled","kmeans","PF","positive","100","0.18163481308430002","0.0743937631350167","0.18103337252072746","0.98"
"100","5","Coupled","kmeans","PI","negative","100","0.08990896104058263","0.06391713956323873","0.06937620644572472","0.0"
"100","5","Coupled","kmeans","PI","positive","100","0.3258863575653676","0.08604567528250338","0.33857800552231276","0.99"
"100","5","Coupled","kmeans","RMP","negative","100","0.15756668018059602","0.06222092258240928","0.16748642418143764","0.0"
"100","5","Coupled","kmeans","RMP","positive","100","0.20224934834014424","0.05486996930339902","0.21095101291566457","1.0"
"100","5","Coupled","kmeans","VV","negative","100","0.03745012534709227","0.028578548610251938","0.03071619941777834","0.0"
"100","5","Coupled","kmeans","VV","positive","100","0.2966975722540743","0.054751607259125395","0.3102945624945108","1.0"
"100","7","Coupled","agglomerative","AI","negative","100","0.14170686525862294","0.12236097933261668","0.09329446276060621","0.0"
"100","7","Coupled","agglomerative","AI","positive","100","0.3518409750028308","0.07253578765820268","0.369030349619042","1.0"
"100","7","Coupled","agglomerative","EV","negative","100","0.19078842180743658","0.03915873875835484","0.19547212245757564","0.0"
"100","7","Coupled","agglomerative","EV","positive","100","0.5685100248895744","0.049556143562136196","0.5745868220953104","1.0"
"100","7","Coupled","agglomerative","PF","negative","100","0.1205029088755145","0.06839411612563681","0.12488949089076021","0.0"
"100","7","Coupled","agglomerative","PF","positive","100","0.16080582858076217","0.06162206308108353","0.16517076040258669","0.99"
"100","7","Coupled","agglomerative","PI","negative","100","0.059467239574657105","0.041345931152981075","0.06441791075962769","0.0"
"100","7","Coupled","agglomerative","PI","positive","100","0.3878425270801028","0.05298291555516857","0.40060522569445167","1.0"
"100","7","Coupled","agglomerative","RMP","negative","100","0.09596311213929001","0.05051727681073776","0.0941977358035686","0.0"
"100","7","Coupled","agglomerative","RMP","positive","100","0.32821187677998226","0.04232202064976777","0.33139011676632474","1.0"
"100","7","Coupled","agglomerative","VV","negative","100","0.04672639604171261","0.032367730933539576","0.038951248042693676","0.0"
"100","7","Coupled","agglomerative","VV","positive","100","0.2638295328727659","0.04786702706019458","0.2743973936793232","1.0"
"100","7","Coupled","gaussian","AI","negative","100","0.03831664776366876","0.03150777598243941","0.03232797314998179","0.0"
"100","7","Coupled","gaussian","AI","positive","100","0.2798958041870587","0.06109631984328011","0.2884546675223524","1.0"
"100","7","Coupled","gaussian","EV","negative","100","0.061440799095991136","0.05922271961094022","0.04022879227466929","0.0"
"100","7","Coupled","gaussian","EV","positive","100","0.3517374471198117","0.03927327551374392","0.3559720657695465","1.0"
"100","7","Coupled","gaussian","PF","negative","100","0.0801620247546492","0.04754369478230139","0.06958010125660158","0.0"
"100","7","Coupled","gaussian","PF","positive","100","0.1525408933238538","0.052730354102144245","0.15711613144857325","0.99"
"100","7","Coupled","gaussian","PI","negative","100","0.07299865120150062","0.03815825997788932","0.08738846503087724","0.0"
"100","7","Coupled","gaussian","PI","positive","100","0.32418849811052225","0.039133368222137796","0.32997579187326265","1.0"
"100","7","Coupled","gaussian","RMP","negative","100","0.021309358239011436","0.026379946464603107","0.01206492628424835","0.0"
"100","7","Coupled","gaussian","RMP","positive","100","0.288074746850536","0.035194185350581185","0.2902259604266807","1.0"
"100","7","Coupled","gaussian","VV","negative","100","0.07466425410759102","0.0430711992911934","0.07180396406377795","0.0"
"100","7","Coupled","gaussian","VV","positive","100","0.2532346828922181","0.04976934056798901","0.25300664695928055","1.0"
"100","7","Coupled","kmeans","AI","negative","100","0.09079337813164334","0.07364767169414552","0.0875228872497521","0.0"
"100","7","Coupled","kmeans","AI","positive","100","0.309298402452857","0.06910855715983556","0.32535373128587713","1.0"
"100","7","Coupled","kmeans","EV","negative","100","0.17834592208963176","0.05470913494024246","0.17862666456371548","0.0"
"100","7","Coupled","kmeans","EV","positive","100","0.575988670430799","0.04914060660458738","0.5841604461171748","1.0"
"100","7","Coupled","kmeans","PF","negative","100","0.08624091296286153","0.05752589998126995","0.07487393350863525","0.0"
"100","7","Coupled","kmeans","PF","positive","100","0.21947855682780554","0.06667842778316174","0.22849275368472136","1.0"
"100","7","Coupled","kmeans","PI","negative","100","0.0924209869325099","0.0665167298470894","0.08281904514504831","0.0"
"100","7","Coupled","kmeans","PI","positive","100","0.3826705212231184","0.06204128973675123","0.3962576223973068","1.0"
"100","7","Coupled","kmeans","RMP","negative","100","0.1516095529749798","0.06005028615261795","0.15451443619966407","0.0"
"100","7","Coupled","kmeans","RMP","positive","100","0.246958278051689","0.04597611677849577","0.2561925371857733","1.0"
"100","7","Coupled","kmeans","VV","negative","100","0.057500504081545965","0.040945442212016965","0.0493408046174916","0.0"
"100","7","Coupled","kmeans","VV","positive","100","0.32144597799611346","0.049728965738340423","0.3317815367375996","0.99"
"25","1","Coupled","agglomerative","AI","negative","100","0.16122021522280755","0.19788649920944756","0.05817863097583009","0.0"
"25","1","Coupled","agglomerative","AI","positive","100","0.30887863311106745","0.07563410120649142","0.3534918036498789","0.78"
"25","1","Coupled","agglomerative","EV","negative","100","0.24885149709863477","0.03643005893281831","0.2599514361491043","0.0"
"25","1","Coupled","agglomerative","EV","positive","100","0.5030798966142396","0.10651485126661744","0.5598678926914924","1.0"
"25","1","Coupled","agglomerative","PF","negative","100","0.18229863928982895","0.1194428857118578","0.18915303782030468","0.0"
"25","1","Coupled","agglomerative","PF","positive","100","0.1781289940851027","0.05639638348775388","0.20066634964640612","0.45"
"25","1","Coupled","agglomerative","PI","negative","100","0.18878385926835967","0.07879148367149492","0.17620636763813483","0.0"
"25","1","Coupled","agglomerative","PI","positive","100","0.2962697243590701","0.12251029260872026","0.3606190509603585","0.64"
"25","1","Coupled","agglomerative","RMP","negative","100","0.18358617286164583","0.05106097443825246","0.18453258682881946","0.0"
"25","1","Coupled","agglomerative","RMP","positive","100","0.3263386331842282","0.07031236452050652","0.33064174856520645","0.92"
"25","1","Coupled","agglomerative","VV","negative","100","0.11502436594586041","0.10876577619872542","0.057075973001558714","0.0"
"25","1","Coupled","agglomerative","VV","positive","100","0.21244053684709777","0.06345043776792315","0.21473587982082754","0.83"
"25","1","Coupled","gaussian","AI","negative","100","0.060700391057185214","0.03280074267170766","0.061410494936778415","0.0"
"25","1","Coupled","gaussian","AI","positive","100","0.26042921064979785","0.1263997855774041","0.3521541225273743","0.94"
"25","1","Coupled","gaussian","EV","negative","100","0.10107726300039724","0.10175610608211808","0.04989065602552506","0.0"
"25","1","Coupled","gaussian","EV","positive","100","0.30371313170667924","0.13452095250757223","0.30749752091630866","0.88"
"25","1","Coupled","gaussian","PF","negative","100","0.10671971245111674","0.06484028494632217","0.08512116700161532","0.0"
"25","1","Coupled","gaussian","PF","positive","100","0.1182017463044316","0.05470348414001214","0.10657288114871577","0.63"
"25","1","Coupled","gaussian","PI","negative","100","0.07653928477762649","0.06832723475240395","0.07289279254708511","0.0"
"25","1","Coupled","gaussian","PI","positive","100","0.22672924171307188","0.16420042697580517","0.3174402182200351","1.0"
"25","1","Coupled","gaussian","RMP","negative","100","0.10663306318089485","0.07171758072114127","0.12293097634961431","0.0"
"25","1","Coupled","gaussian","RMP","positive","100","0.14162901688185625","0.07610406749024394","0.14175557786109483","0.78"
"25","1","Coupled","gaussian","VV","negative","100","0.09013707174397251","0.03587872520227825","0.09011006929482812","0.0"
"25","1","Coupled","gaussian","VV","positive","100","0.10961943058163338","0.07546672676183179","0.12481863048946358","0.7"
"25","1","Coupled","kmeans","AI","negative","100","0.1365778450705565","0.10681477833795527","0.09537648366619318","0.0"
"25","1","Coupled","kmeans","AI","positive","100","0.21063209133816702","0.05639852019387016","0.2199813089702446","0.74"
"25","1","Coupled","kmeans","EV","negative","100","0.22707174606400013","0.07850396766780275","0.20292558864867216","0.0"
"25","1","Coupled","kmeans","EV","positive","100","0.3972075152125088","0.04972493387838053","0.3964260019197352","0.99"
"25","1","Coupled","kmeans","PF","negative","100","0.12037822949847513","0.09251746124960704","0.09080229375303758","0.0"
"25","1","Coupled","kmeans","PF","positive","100","0.1253503900111308","0.06994615054154413","0.15995211556622016","0.42"
"25","1","Coupled","kmeans","PI","negative","100","0.17999965044980545","0.060065715330851505","0.17242172584741583","0.0"
"25","1","Coupled","kmeans","PI","positive","100","0.23450145985318557","0.06424375376650149","0.2582770318581813","0.61"
"25","1","Coupled","kmeans","RMP","negative","100","0.07644034551309402","0.04961521012979668","0.06785825623841474","0.0"
"25","1","Coupled","kmeans","RMP","positive","100","0.25401650523567915","0.13459278043042106","0.26748140452542346","0.83"
"25","1","Coupled","kmeans","VV","negative","100","0.09958627982921672","0.11990474505411214","0.05419183481367201","0.0"
"25","1","Coupled","kmeans","VV","positive","100","0.2057708898469227","0.14174176700545435","0.20146932578984844","0.79"
"25","10","Coupled","agglomerative","AI","negative","100","0.11695119801194612","0.09167828653421552","0.0959110198396862","0.0"
"25","10","Coupled","agglomerative","AI","positive","100","0.38573046618573914","0.09752751381552349","0.38640160220745434","1.0"
"25","10","Coupled","agglomerative","EV","negative","100","0.1932322750750215","0.0683097693098734","0.22708674921095381","0.0"
"25","10","Coupled","agglomerative","EV","positive","100","0.71259637878769","0.032407361990013914","0.7207782828276742","1.0"
"25","10","Coupled","agglomerative","PF","negative","100","0.15464913320751178","0.0889729817501662","0.16140893629915803","0.0"
"25","10","Coupled","agglomerative","PF","positive","100","0.23834254842577157","0.04894672177291079","0.2447837508410513","1.0"
"25","10","Coupled","agglomerative","PI","negative","100","0.05213137099577774","0.05286221345082139","0.029612105390817323","0.0"
"25","10","Coupled","agglomerative","PI","positive","100","0.5911627877335682","0.05282916481237394","0.6024811592632591","1.0"
"25","10","Coupled","agglomerative","RMP","negative","100","0.07712858328585914","0.05633413224432852","0.07725611105457592","0.0"
"25","10","Coupled","agglomerative","RMP","positive","100","0.5387475443859032","0.070004109493988","0.5319675873230933","1.0"
"25","10","Coupled","agglomerative","VV","negative","100","0.08520285296284831","0.061086563167568136","0.07577544465669647","0.0"
"25","10","Coupled","agglomerative","VV","positive","100","0.4835323291280252","0.0311356683105347","0.48540755098355304","1.0"
"25","10","Coupled","gaussian","AI","negative","100","0.1330362977330325","0.07969908543729151","0.11992462860024966","0.0"
"25","10","Coupled","gaussian","AI","positive","100","0.44380580380072976","0.09050657111201496","0.469096141318059","1.0"
"25","10","Coupled","gaussian","EV","negative","100","0.16318208099269424","0.07095819682953264","0.17550795561559052","0.0"
"25","10","Coupled","gaussian","EV","positive","100","0.5544668841152638","0.07263287601445871","0.5724263602451205","1.0"
"25","10","Coupled","gaussian","PF","negative","100","0.15617033609185105","0.08871134495310588","0.15398253620714122","0.0"
"25","10","Coupled","gaussian","PF","positive","100","0.1962802283709477","0.067202199327521","0.19537882053159145","1.0"
"25","10","Coupled","gaussian","PI","negative","100","0.06462861024849208","0.033602026520659765","0.0709803538293117","0.0"
"25","10","Coupled","gaussian","PI","positive","100","0.5666612574595967","0.04376468643341657","0.5781610938772282","1.0"
"25","10","Coupled","gaussian","RMP","negative","100","0.0485051222232971","0.04340646131114578","0.03635147062818414","0.0"
"25","10","Coupled","gaussian","RMP","positive","100","0.44542025125537543","0.039215817843437695","0.453251590185513","1.0"
"25","10","Coupled","gaussian","VV","negative","100","0.04563431751196368","0.0318565966867377","0.03951608716153329","0.0"
"25","10","Coupled","gaussian","VV","positive","100","0.41783406898287345","0.04890673120340839","0.4206533306935553","1.0"
"25","10","Coupled","kmeans","AI","negative","100","0.09158713023448696","0.07054947201886534","0.07883280263728071","0.0"
"25","10","Coupled","kmeans","AI","positive","100","0.45160853395630185","0.09610908475316696","0.46678793360961895","1.0"
"25","10","Coupled","kmeans","EV","negative","100","0.1689523486683084","0.06747674574314283","0.173695598209482","0.0"
"25","10","Coupled","kmeans","EV","positive","100","0.652810309486394","0.030853212520903766","0.6606727368800709","1.0"
"25","10","Coupled","kmeans","PF","negative","100","0.17837758391837588","0.08269937222544725","0.18587745312662074","0.0"
"25","10","Coupled","kmeans","PF","positive","100","0.23924214000268593","0.05745716453633153","0.2452622938239225","1.0"
"25","10","Coupled","kmeans","PI","negative","100","0.05790475099709339","0.04614226249688264","0.04572414605119024","0.0"
"25","10","Coupled","kmeans","PI","positive","100","0.45826694079145136","0.055906296267117433","0.46659266679621114","1.0"
"25","10","Coupled","kmeans","RMP","negative","100","0.0926003482024066","0.055030093461001045","0.08914795997909508","0.0"
"25","10","Coupled","kmeans","RMP","positive","100","0.5012301044682669","0.03853569825597719","0.5018765116682782","1.0"
"25","10","Coupled","kmeans","VV","negative","100","0.06825728531032049","0.050854601881779794","0.0615120465763799","0.0"
"25","10","Coupled","kmeans","VV","positive","100","0.46304129958772444","0.04303492452644178","0.4722375155066873","1.0"
"25","12","Coupled","agglomerative","AI","negative","100","0.11623682898303953","0.0890901171886279","0.10546315892056855","0.0"
"25","12","Coupled","agglomerative","AI","positive","100","0.3836029373989235","0.09126981717941676","0.3892398577362264","1.0"
"25","12","Coupled","agglomerative","EV","negative","100","0.20565204970281564","0.07620932430805784","0.22708674921095381","0.0"
"25","12","Coupled","agglomerative","EV","positive","100","0.7229037272348624","0.025859710725995577","0.7295635745716573","1.0"
"25","12","Coupled","agglomerative","PF","negative","100","0.15394858012820306","0.08565020653170727","0.14112823920479323","0.0"
"25","12","Coupled","agglomerative","PF","positive","100","0.25007965517970876","0.05092186226383346","0.2487325524675525","1.0"
"25","12","Coupled","agglomerative","PI","negative","100","0.05182876190363505","0.05008377069026947","0.037176858564090975","0.0"
"25","12","Coupled","agglomerative","PI","positive","100","0.6182314063828036","0.047855486290123275","0.6211433122558312","1.0"
"25","12","Coupled","agglomerative","RMP","negative","100","0.08259867680120886","0.05297195477670916","0.0774957751678757","0.0"
"25","12","Coupled","agglomerative","RMP","positive","100","0.5301030501979137","0.07209057516344569","0.5048905685605026","1.0"
"25","12","Coupled","agglomerative","VV","negative","100","0.05167334516185823","0.03923210241107762","0.04234472449020357","0.0"
"25","12","Coupled","agglomerative","VV","positive","100","0.5054155498370883","0.03068563578134255","0.5117675732998145","1.0"
"25","12","Coupled","gaussian","AI","negative","100","0.1548417157725007","0.08028491084704206","0.12809118058781097","0.0"
"25","12","Coupled","gaussian","AI","positive","100","0.4457815489298803","0.09508538076482174","0.4649259493409655","1.0"
"25","12","Coupled","gaussian","EV","negative","100","0.1529897986132757","0.06263390458373944","0.15838995012564963","0.0"
"25","12","Coupled","gaussian","EV","positive","100","0.5861225908792473","0.056307598314198","0.5970381250219928","1.0"
"25","12","Coupled","gaussian","PF","negative","100","0.1617407630586689","0.09169316746318656","0.16539317849338145","0.0"
"25","12","Coupled","gaussian","PF","positive","100","0.21600921262756564","0.06745340575909425","0.22223106137885273","1.0"
"25","12","Coupled","gaussian","PI","negative","100","0.06892057368890836","0.03439582450471218","0.08553426591637123","0.0"
"25","12","Coupled","gaussian","PI","positive","100","0.586065005749303","0.0383849628695596","0.5915335121381843","1.0"
"25","12","Coupled","gaussian","RMP","negative","100","0.04971313725064008","0.0409003386091042","0.04067969261320892","0.0"
"25","12","Coupled","gaussian","RMP","positive","100","0.45002501080758117","0.04359403654848904","0.46267638308687253","1.0"
"25","12","Coupled","gaussian","VV","negative","100","0.04642785773188529","0.03970908181817424","0.03089035145344693","0.0"
"25","12","Coupled","gaussian","VV","positive","100","0.44290467511584297","0.0426150449556586","0.4499272684130694","1.0"
"25","12","Coupled","kmeans","AI","negative","100","0.10156228346266293","0.07819351968633693","0.07876439274004549","0.0"
"25","12","Coupled","kmeans","AI","positive","100","0.4539346629075889","0.11275968827802237","0.46798116879285656","1.0"
"25","12","Coupled","kmeans","EV","negative","100","0.18277281653248129","0.07103779102131623","0.1826785202670828","0.0"
"25","12","Coupled","kmeans","EV","positive","100","0.6570360510511096","0.0215932932765556","0.6601349764917791","1.0"
"25","12","Coupled","kmeans","PF","negative","100","0.17286081947419027","0.08265648539758622","0.17007333962459198","0.0"
"25","12","Coupled","kmeans","PF","positive","100","0.2497521505742169","0.06588646017020033","0.26147162389100387","1.0"
"25","12","Coupled","kmeans","PI","negative","100","0.06746603963059643","0.04894052848967329","0.056697725513947916","0.0"
"25","12","Coupled","kmeans","PI","positive","100","0.4916392344018224","0.061594658804213935","0.5091866101073839","1.0"
"25","12","Coupled","kmeans","RMP","negative","100","0.10151159102518409","0.06094975410649099","0.10008261571428026","0.0"
"25","12","Coupled","kmeans","RMP","positive","100","0.49692800814003346","0.04787461759551109","0.4997554824691648","1.0"
"25","12","Coupled","kmeans","VV","negative","100","0.06868393879407415","0.046513599240678695","0.06447825960061504","0.0"
"25","12","Coupled","kmeans","VV","positive","100","0.4778656522775931","0.03994936442845083","0.4893037436379485","1.0"
"25","15","Coupled","agglomerative","AI","negative","100","0.16267081600224403","0.09856732170766537","0.15407797427675332","0.0"
"25","15","Coupled","agglomerative","AI","positive","100","0.36786876562650095","0.08900303047385301","0.3785352651580662","1.0"
"25","15","Coupled","agglomerative","EV","negative","100","0.17673473546520857","0.09125915133226734","0.13842517781947417","0.0"
"25","15","Coupled","agglomerative","EV","positive","100","0.7344765798060529","0.0215720298081191","0.7393313700853257","1.0"
"25","15","Coupled","agglomerative","PF","negative","100","0.16562297513311544","0.08441629884191067","0.1645597939838238","0.0"
"25","15","Coupled","agglomerative","PF","positive","100","0.26762568065341624","0.04549579116168673","0.2740300423721946","1.0"
"25","15","Coupled","agglomerative","PI","negative","100","0.052551654306804536","0.04822913112593661","0.047575073935591794","0.0"
"25","15","Coupled","agglomerative","PI","positive","100","0.6410729825643466","0.0400606766070454","0.6441815394756705","1.0"
"25","15","Coupled","agglomerative","RMP","negative","100","0.09106271087722748","0.05304295986749464","0.09122365423540321","0.0"
"25","15","Coupled","agglomerative","RMP","positive","100","0.5204987802047303","0.059799730524411496","0.5017549545191254","1.0"
"25","15","Coupled","agglomerative","VV","negative","100","0.0420065797386317","0.03272113387692478","0.03054527061826598","0.0"
"25","15","Coupled","agglomerative","VV","positive","100","0.5235948622779807","0.026265255591260316","0.5260753846870316","1.0"
"25","15","Coupled","gaussian","AI","negative","100","0.18550921488640992","0.09113616388139091","0.1705014763718394","0.0"
"25","15","Coupled","gaussian","AI","positive","100","0.42421775016911634","0.09657779657590562","0.4122641599629799","1.0"
"25","15","Coupled","gaussian","EV","negative","100","0.1266372602859337","0.04641733306332128","0.12857994186052701","0.0"
"25","15","Coupled","gaussian","EV","positive","100","0.603287112817574","0.049495787912266234","0.609284436895803","1.0"
"25","15","Coupled","gaussian","PF","negative","100","0.16972407521146657","0.08464706701166952","0.17589966786397593","0.0"
"25","15","Coupled","gaussian","PF","positive","100","0.22650172707765248","0.050993636344966536","0.22449251499295125","1.0"
"25","15","Coupled","gaussian","PI","negative","100","0.06701526298705071","0.03346435786081016","0.07139831611698169","0.0"
"25","15","Coupled","gaussian","PI","positive","100","0.5963282344749077","0.0380768876800979","0.5997316450440212","1.0"
"25","15","Coupled","gaussian","RMP","negative","100","0.05334375743513066","0.04115433057972292","0.04710957638010124","0.0"
"25","15","Coupled","gaussian","RMP","positive","100","0.4651739435524133","0.04029859599725755","0.469401535938876","1.0"
"25","15","Coupled","gaussian","VV","negative","100","0.05399449357872135","0.04094041777145032","0.037106829639498184","0.0"
"25","15","Coupled","gaussian","VV","positive","100","0.45831912352065257","0.03521429230641585","0.46070909460338416","1.0"
"25","15","Coupled","kmeans","AI","negative","100","0.11156093618292014","0.07073666383606253","0.10828033603132789","0.0"
"25","15","Coupled","kmeans","AI","positive","100","0.43844155315141153","0.1044725846319878","0.4350334378549766","1.0"
"25","15","Coupled","kmeans","EV","negative","100","0.14155455851928964","0.06316213817458861","0.14025883331147695","0.0"
"25","15","Coupled","kmeans","EV","positive","100","0.6718159292418383","0.01746598748560202","0.67343572552368","1.0"
"25","15","Coupled","kmeans","PF","negative","100","0.193518346209061","0.07146884834001947","0.19407445068864726","0.0"
"25","15","Coupled","kmeans","PF","positive","100","0.27364537198995725","0.058319474952134825","0.2879329769460357","1.0"
"25","15","Coupled","kmeans","PI","negative","100","0.04954545574356841","0.04138051172252827","0.03719466071632077","0.0"
"25","15","Coupled","kmeans","PI","positive","100","0.4960170133092571","0.05036500239892772","0.503521116856606","1.0"
"25","15","Coupled","kmeans","RMP","negative","100","0.09562185283755731","0.06113694828287066","0.08518397562257951","0.0"
"25","15","Coupled","kmeans","RMP","positive","100","0.5090604025323939","0.044036270891245746","0.5156514552531026","1.0"
"25","15","Coupled","kmeans","VV","negative","100","0.060118018958642765","0.03905584663390252","0.0537342522989655","0.0"
"25","15","Coupled","kmeans","VV","positive","100","0.4979394280206165","0.035421628262979024","0.5092668279877401","1.0"
"25","18","Coupled","agglomerative","AI","negative","100","0.17436480174215352","0.09410490688748836","0.17355940112851106","0.0"
"25","18","Coupled","agglomerative","AI","positive","100","0.366597687543971","0.09487632152384864","0.3584967903466646","1.0"
"25","18","Coupled","agglomerative","EV","negative","100","0.12904772290256042","0.0762443313050181","0.1531337062625261","0.0"
"25","18","Coupled","agglomerative","EV","positive","100","0.737616846664594","0.020417534998268705","0.7435014546952456","1.0"
"25","18","Coupled","agglomerative","PF","negative","100","0.17412662218016753","0.09678144607632795","0.1684141747727148","0.0"
"25","18","Coupled","agglomerative","PF","positive","100","0.2700406503798367","0.039899684090768585","0.2763702950816511","1.0"
"25","18","Coupled","agglomerative","PI","negative","100","0.045850440353494976","0.041802739208495546","0.0286229358028373","0.0"
"25","18","Coupled","agglomerative","PI","positive","100","0.6595827461291316","0.04137555896493074","0.6655989761560093","1.0"
"25","18","Coupled","agglomerative","RMP","negative","100","0.09131977099184306","0.05494038132719081","0.08856704466622778","0.0"
"25","18","Coupled","agglomerative","RMP","positive","100","0.5251345072726333","0.05641648904596227","0.5023481199731838","1.0"
"25","18","Coupled","agglomerative","VV","negative","100","0.04068761056191279","0.029458708492765922","0.031878519331763305","0.0"
"25","18","Coupled","agglomerative","VV","positive","100","0.5381192738282248","0.022345855088864636","0.5400657985948623","1.0"
"25","18","Coupled","gaussian","AI","negative","100","0.19833945959382976","0.09374373332612732","0.18513462785723422","0.0"
"25","18","Coupled","gaussian","AI","positive","100","0.41954626387250227","0.09471586820514914","0.41030454047908904","1.0"
"25","18","Coupled","gaussian","EV","negative","100","0.10705825441436354","0.043234376204732","0.11287300510214146","0.0"
"25","18","Coupled","gaussian","EV","positive","100","0.6319902004919468","0.0502372520107602","0.6322025269044034","1.0"
"25","18","Coupled","gaussian","PF","negative","100","0.1955738627303964","0.08711830955594613","0.20015171334381524","0.0"
"25","18","Coupled","gaussian","PF","positive","100","0.23016151854307432","0.04729352308313148","0.22702009142723467","1.0"
"25","18","Coupled","gaussian","PI","negative","100","0.07033391970456838","0.033539271189018297","0.08456588459097564","0.0"
"25","18","Coupled","gaussian","PI","positive","100","0.6124212723655077","0.03166009583310857","0.6148538941537296","1.0"
"25","18","Coupled","gaussian","RMP","negative","100","0.046039749308696774","0.03524973609857231","0.036655677822778565","0.0"
"25","18","Coupled","gaussian","RMP","positive","100","0.4781172795951249","0.03265401476286867","0.4847093818316815","1.0"
"25","18","Coupled","gaussian","VV","negative","100","0.06475515980083424","0.04656798434255316","0.05323160385948966","0.0"
"25","18","Coupled","gaussian","VV","positive","100","0.47659055623355945","0.029481524222075357","0.48012977009511704","1.0"
"25","18","Coupled","kmeans","AI","negative","100","0.128635865530628","0.07355897890425508","0.11891022319454184","0.0"
"25","18","Coupled","kmeans","AI","positive","100","0.4305233120089136","0.11373997673126796","0.41286321957631655","1.0"
"25","18","Coupled","kmeans","EV","negative","100","0.15386375636719798","0.07216884838473922","0.14589151911113304","0.0"
"25","18","Coupled","kmeans","EV","positive","100","0.678892679129103","0.013952371143398735","0.6789291467916405","1.0"
"25","18","Coupled","kmeans","PF","negative","100","0.20803802205457422","0.07715267190355894","0.21947499767600415","0.0"
"25","18","Coupled","kmeans","PF","positive","100","0.27420007889018544","0.05194928892101463","0.27749328766926834","1.0"
"25","18","Coupled","kmeans","PI","negative","100","0.054954298257947995","0.04498279828546326","0.041554152064141175","0.0"
"25","18","Coupled","kmeans","PI","positive","100","0.5004903597654728","0.050274494167151816","0.5121588791069722","1.0"
"25","18","Coupled","kmeans","RMP","negative","100","0.09021991828115615","0.05879688964904753","0.0796868848805388","0.0"
"25","18","Coupled","kmeans","RMP","positive","100","0.5126696214706904","0.04164550470891036","0.5157901655789782","1.0"
"25","18","Coupled","kmeans","VV","negative","100","0.06444447331124599","0.048167169835353164","0.05654171903738675","0.0"
"25","18","Coupled","kmeans","VV","positive","100","0.49459122378580384","0.03401685334665343","0.5014864326036776","1.0"
"25","2","Coupled","agglomerative","AI","negative","100","0.2039967078261623","0.19551917199004748","0.1322429442917388","0.0"
"25","2","Coupled","agglomerative","AI","positive","100","0.32137512329299023","0.11786993941802618","0.36573328373229813","0.96"
"25","2","Coupled","agglomerative","EV","negative","100","0.2517810341131828","0.03563119172086207","0.2610510627430852","0.0"
"25","2","Coupled","agglomerative","EV","positive","100","0.5825451555604201","0.07412152043529747","0.5960850702797564","1.0"
"25","2","Coupled","agglomerative","PF","negative","100","0.20977116632050358","0.12273404603909686","0.22093545757374797","0.0"
"25","2","Coupled","agglomerative","PF","positive","100","0.1202392250121044","0.1055027486572533","0.07954483472704599","0.56"
"25","2","Coupled","agglomerative","PI","negative","100","0.12656744900995856","0.05019091721558535","0.1310536451945757","0.0"
"25","2","Coupled","agglomerative","PI","positive","100","0.36916669037776584","0.10251237770636328","0.36214461911910895","0.9"
"25","2","Coupled","agglomerative","RMP","negative","100","0.12892287243050396","0.07904923799073169","0.1568888586553061","0.0"
"25","2","Coupled","agglomerative","RMP","positive","100","0.4292879302598932","0.09457728926584004","0.45274521645095867","0.99"
"25","2","Coupled","agglomerative","VV","negative","100","0.10754242481993606","0.06951567886779764","0.1255342507428205","0.0"
"25","2","Coupled","agglomerative","VV","positive","100","0.29801919798994486","0.052042918438148476","0.30595152325513836","0.99"
"25","2","Coupled","gaussian","AI","negative","100","0.06629069003372297","0.04498108309864456","0.050297966377879255","0.0"
"25","2","Coupled","gaussian","AI","positive","100","0.3384059310957415","0.11125804727284795","0.37468046371383057","0.97"
"25","2","Coupled","gaussian","EV","negative","100","0.13292304920093576","0.08801270089209072","0.1605280442584867","0.0"
"25","2","Coupled","gaussian","EV","positive","100","0.3915610158023482","0.1376271098299817","0.4563803557156514","0.97"
"25","2","Coupled","gaussian","PF","negative","100","0.1204977441025831","0.08233713391088637","0.10052206998303201","0.0"
"25","2","Coupled","gaussian","PF","positive","100","0.1453111798504686","0.10007098916995907","0.12416577658818122","0.6"
"25","2","Coupled","gaussian","PI","negative","100","0.09200676329013029","0.05528673407033002","0.10261054947988502","0.0"
"25","2","Coupled","gaussian","PI","positive","100","0.3654276925973417","0.12683962058107354","0.4020306049789268","1.0"
"25","2","Coupled","gaussian","RMP","negative","100","0.08486206875951105","0.06507793610813924","0.06710103319144256","0.0"
"25","2","Coupled","gaussian","RMP","positive","100","0.2273780663054824","0.1077519922740987","0.22155471553562014","0.98"
"25","2","Coupled","gaussian","VV","negative","100","0.0695004379148749","0.03827904038312026","0.0657787598764567","0.0"
"25","2","Coupled","gaussian","VV","positive","100","0.2129732843886551","0.0809644883479502","0.2239007713873094","0.99"
"25","2","Coupled","kmeans","AI","negative","100","0.10519448644159736","0.072779859627639","0.08249735999133319","0.0"
"25","2","Coupled","kmeans","AI","positive","100","0.2710040854008508","0.075866573592431","0.276881755926191","0.92"
"25","2","Coupled","kmeans","EV","negative","100","0.20769282914301634","0.07842360106200663","0.20189545284820687","0.0"
"25","2","Coupled","kmeans","EV","positive","100","0.4900162244646708","0.07177397902986284","0.47734628267831825","1.0"
"25","2","Coupled","kmeans","PF","negative","100","0.14018232268988587","0.09421093611619517","0.13415976083976452","0.0"
"25","2","Coupled","kmeans","PF","positive","100","0.11201943390665813","0.0827773602646033","0.09574563227164784","0.58"
"25","2","Coupled","kmeans","PI","negative","100","0.1283507304103334","0.0646555930127392","0.12136650199484242","0.0"
"25","2","Coupled","kmeans","PI","positive","100","0.2770394418271491","0.08380469172962135","0.27009052948131884","0.9"
"25","2","Coupled","kmeans","RMP","negative","100","0.0673815952453794","0.06459432708940724","0.0527162961704169","0.0"
"25","2","Coupled","kmeans","RMP","positive","100","0.32720597791282235","0.11545928772521925","0.37071373947252545","0.96"
"25","2","Coupled","kmeans","VV","negative","100","0.1218108141174488","0.1265654804838896","0.0768599956770579","0.0"
"25","2","Coupled","kmeans","VV","positive","100","0.3199861394112117","0.09254710657556692","0.3319838931977017","0.98"
"25","20","Coupled","agglomerative","AI","negative","100","0.1853472768580456","0.09903225221269142","0.18842482080267767","0.0"
"25","20","Coupled","agglomerative","AI","positive","100","0.3787600861508772","0.08106479100703916","0.3899820808950426","1.0"
"25","20","Coupled","agglomerative","EV","negative","100","0.10487756515980629","0.060493269082273426","0.1004790637339241","0.0"
"25","20","Coupled","agglomerative","EV","positive","100","0.7403968795833252","0.021407449553896955","0.7463996811574964","1.0"
"25","20","Coupled","agglomerative","PF","negative","100","0.18035404288607138","0.09372896860970015","0.18488490731791823","0.0"
"25","20","Coupled","agglomerative","PF","positive","100","0.2848775982174753","0.0361940354421249","0.2857967387733135","1.0"
"25","20","Coupled","agglomerative","PI","negative","100","0.045814644242453545","0.04640590029132187","0.025271092660697353","0.0"
"25","20","Coupled","agglomerative","PI","positive","100","0.6633882462121004","0.04427435863019165","0.6733723208314701","1.0"
"25","20","Coupled","agglomerative","RMP","negative","100","0.09446089021596345","0.054499437456568274","0.09083091320207792","0.0"
"25","20","Coupled","agglomerative","RMP","positive","100","0.5214883837544307","0.05181239962150892","0.5050628668281669","1.0"
"25","20","Coupled","agglomerative","VV","negative","100","0.05241989493681677","0.032902601959088514","0.044985997563842","0.0"
"25","20","Coupled","agglomerative","VV","positive","100","0.5483785729572388","0.019765855673917358","0.5494419769753931","1.0"
"25","20","Coupled","gaussian","AI","negative","100","0.18603410138015447","0.09652501472083216","0.17892580436332312","0.0"
"25","20","Coupled","gaussian","AI","positive","100","0.42365546511605345","0.09414768824866997","0.41211442544120325","1.0"
"25","20","Coupled","gaussian","EV","negative","100","0.11310293265399647","0.03939305489040595","0.11720620083285367","0.0"
"25","20","Coupled","gaussian","EV","positive","100","0.6353408780805999","0.04961706005089987","0.6410617294293104","1.0"
"25","20","Coupled","gaussian","PF","negative","100","0.186598823945386","0.07231699817677988","0.19473690292436843","0.0"
"25","20","Coupled","gaussian","PF","positive","100","0.23919465358418016","0.04101589705061026","0.23699849675213863","1.0"
"25","20","Coupled","gaussian","PI","negative","100","0.05856118816615331","0.030395516636672094","0.05937303562200816","0.0"
"25","20","Coupled","gaussian","PI","positive","100","0.6137831615896537","0.03459323136779885","0.6155954814965005","1.0"
"25","20","Coupled","gaussian","RMP","negative","100","0.053714660291063386","0.04070862839068536","0.0466287649699374","0.0"
"25","20","Coupled","gaussian","RMP","positive","100","0.48579528067203137","0.02942913330814185","0.49246674165340115","1.0"
"25","20","Coupled","gaussian","VV","negative","100","0.05824856585711036","0.03573817701662965","0.059403127628043007","0.0"
"25","20","Coupled","gaussian","VV","positive","100","0.4854965560353391","0.029227202827330247","0.4854000102131699","1.0"
"25","20","Coupled","kmeans","AI","negative","100","0.1276972406086072","0.07042367746269043","0.12349603909596946","0.0"
"25","20","Coupled","kmeans","AI","positive","100","0.4376742301703975","0.11632505824339155","0.4186327145446256","1.0"
"25","20","Coupled","kmeans","EV","negative","100","0.1311483715923644","0.06633369038329834","0.12336891224234917","0.0"
"25","20","Coupled","kmeans","EV","positive","100","0.6825137743999642","0.014018731193687874","0.6849060441658271","1.0"
"25","20","Coupled","kmeans","PF","negative","100","0.20468853950825852","0.07516106994935817","0.2154971285885699","0.0"
"25","20","Coupled","kmeans","PF","positive","100","0.2868419347335482","0.05744946563453627","0.28711832237776624","1.0"
"25","20","Coupled","kmeans","PI","negative","100","0.05238316559030141","0.041695209509089635","0.04195040724977411","0.0"
"25","20","Coupled","kmeans","PI","positive","100","0.5088415232049407","0.05357696145539416","0.5141396038297334","1.0"
"25","20","Coupled","kmeans","RMP","negative","100","0.0885392690390931","0.06512226415822146","0.06541530832964831","0.0"
"25","20","Coupled","kmeans","RMP","positive","100","0.5126109228501003","0.039365450223064945","0.5100369522228023","1.0"
"25","20","Coupled","kmeans","VV","negative","100","0.06174674634629514","0.04673959324490785","0.05541618098870682","0.0"
"25","20","Coupled","kmeans","VV","positive","100","0.5071784095338064","0.02823005675826546","0.5067202395170645","1.0"
"25","22","Coupled","agglomerative","AI","negative","100","0.17683860113499927","0.0800555792557613","0.18562313190908106","0.0"
"25","22","Coupled","agglomerative","AI","positive","100","0.3715770558107608","0.07336123525150932","0.37267713986668505","1.0"
"25","22","Coupled","agglomerative","EV","negative","100","0.08427563962177409","0.05297254204016428","0.06115150078464848","0.0"
"25","22","Coupled","agglomerative","EV","positive","100","0.7385316031931701","0.02135631200672064","0.7436428787608829","1.0"
"25","22","Coupled","agglomerative","PF","negative","100","0.1652373085771636","0.08480787655674282","0.15753840852841683","0.0"
"25","22","Coupled","agglomerative","PF","positive","100","0.28303025932677595","0.03885943530269168","0.2835197496215243","1.0"
"25","22","Coupled","agglomerative","PI","negative","100","0.0396144101498694","0.04045741651050549","0.024740648752619623","0.0"
"25","22","Coupled","agglomerative","PI","positive","100","0.6791548822360178","0.040190917368865375","0.6830297202974613","1.0"
"25","22","Coupled","agglomerative","RMP","negative","100","0.08764337171514386","0.048958279576624464","0.08619510460445798","0.0"
"25","22","Coupled","agglomerative","RMP","positive","100","0.5124304025817793","0.04713551480661291","0.5054967012547498","1.0"
"25","22","Coupled","agglomerative","VV","negative","100","0.05479945145195467","0.02924703867316449","0.04848359446376227","0.0"
"25","22","Coupled","agglomerative","VV","positive","100","0.558315230197692","0.01849145088182731","0.5574437671494432","1.0"
"25","22","Coupled","gaussian","AI","negative","100","0.19835261537764848","0.08754323264870018","0.19814454760695624","0.0"
"25","22","Coupled","gaussian","AI","positive","100","0.4281539232364833","0.0833595686408848","0.408596905303916","1.0"
"25","22","Coupled","gaussian","EV","negative","100","0.10410679116283954","0.03634874247167175","0.1033899336709869","0.0"
"25","22","Coupled","gaussian","EV","positive","100","0.6492865071190879","0.04533289227470187","0.6555902843542776","1.0"
"25","22","Coupled","gaussian","PF","negative","100","0.1922841884134186","0.07542432444585989","0.1891744666002834","0.0"
"25","22","Coupled","gaussian","PF","positive","100","0.2382851643900007","0.0439316758399005","0.23635690525549674","1.0"
"25","22","Coupled","gaussian","PI","negative","100","0.05827898799234679","0.03196120541941063","0.053675674204223034","0.0"
"25","22","Coupled","gaussian","PI","positive","100","0.618844954721639","0.028462121313303616","0.6190221949102221","1.0"
"25","22","Coupled","gaussian","RMP","negative","100","0.04825758801889168","0.03773712254711704","0.04063735503732138","0.0"
"25","22","Coupled","gaussian","RMP","positive","100","0.4874598484685768","0.03363762742911617","0.495640279713654","1.0"
"25","22","Coupled","gaussian","VV","negative","100","0.06148200251825218","0.0369566803900403","0.053843305290635246","0.0"
"25","22","Coupled","gaussian","VV","positive","100","0.4943083413510093","0.026994405116311314","0.4962769419283526","1.0"
"25","22","Coupled","kmeans","AI","negative","100","0.13976326531299452","0.07045308421599894","0.15338650665131476","0.0"
"25","22","Coupled","kmeans","AI","positive","100","0.44440778683368004","0.09769779383519826","0.4230550089000057","1.0"
"25","22","Coupled","kmeans","EV","negative","100","0.12560646671724895","0.05954102058717438","0.12751484671559896","0.0"
"25","22","Coupled","kmeans","EV","positive","100","0.6824645772048277","0.011609941244245416","0.6826621231763834","1.0"
"25","22","Coupled","kmeans","PF","negative","100","0.2160973251117704","0.07187359574807724","0.2123523219653613","0.0"
"25","22","Coupled","kmeans","PF","positive","100","0.28830165378793554","0.05324516403363439","0.2953377120849509","1.0"
"25","22","Coupled","kmeans","PI","negative","100","0.05150682597024199","0.03857454581412668","0.041397244875664346","0.0"
"25","22","Coupled","kmeans","PI","positive","100","0.5173839387925908","0.04931959707726454","0.5255285740255199","1.0"
"25","22","Coupled","kmeans","RMP","negative","100","0.09057570071218216","0.06283509928957799","0.07918470871013947","0.0"
"25","22","Coupled","kmeans","RMP","positive","100","0.5159775388178415","0.041457171175593416","0.5214457802067826","1.0"
"25","22","Coupled","kmeans","VV","negative","100","0.05973976981307182","0.03753618448821645","0.056553291937895406","0.0"
"25","22","Coupled","kmeans","VV","positive","100","0.5137024403201135","0.031067282524532235","0.5219045282798641","1.0"
"25","25","Coupled","agglomerative","AI","negative","100","0.1837286023716889","0.08920846354168577","0.19239632837524337","0.0"
"25","25","Coupled","agglomerative","AI","positive","100","0.37046454472905005","0.07768785149088626","0.36749883914881815","1.0"
"25","25","Coupled","agglomerative","EV","negative","100","0.0700558453896572","0.03261732351005481","0.06115150078464848","0.0"
"25","25","Coupled","agglomerative","EV","positive","100","0.7471614817351196","0.016332322045969534","0.7511785363408828","1.0"
"25","25","Coupled","agglomerative","PF","negative","100","0.20310155348401074","0.08868660774023947","0.20111246363039723","0.0"
"25","25","Coupled","agglomerative","PF","positive","100","0.28153672749769404","0.0426245178846084","0.2854152337674888","1.0"
"25","25","Coupled","agglomerative","PI","negative","100","0.04224218222017131","0.033626465470463905","0.023937727833078237","0.0"
"25","25","Coupled","agglomerative","PI","positive","100","0.6868067150667505","0.043089012934712366","0.6810537398369035","1.0"
"25","25","Coupled","agglomerative","RMP","negative","100","0.09387364250515541","0.06207580356264683","0.08225819527318495","0.0"
"25","25","Coupled","agglomerative","RMP","positive","100","0.5101550335703835","0.04428707987066168","0.5035574390443833","1.0"
"25","25","Coupled","agglomerative","VV","negative","100","0.05645617588791216","0.035481498241787465","0.05124574630688514","0.0"
"25","25","Coupled","agglomerative","VV","positive","100","0.5628818919845915","0.01969526847632419","0.5654954507031502","1.0"
"25","25","Coupled","gaussian","AI","negative","100","0.203266751750971","0.08692789557182434","0.19255399675667056","0.0"
"25","25","Coupled","gaussian","AI","positive","100","0.4250637354516077","0.08931113729940228","0.4096179628174841","1.0"
"25","25","Coupled","gaussian","EV","negative","100","0.10820431214863387","0.034300997853554456","0.11062341581229244","0.0"
"25","25","Coupled","gaussian","EV","positive","100","0.6600125566827346","0.0418650219144483","0.6617939967091361","1.0"
"25","25","Coupled","gaussian","PF","negative","100","0.19623624845589466","0.08036798603342733","0.1953805192560914","0.0"
"25","25","Coupled","gaussian","PF","positive","100","0.2412844285157631","0.038112810222185184","0.24407132134098852","1.0"
"25","25","Coupled","gaussian","PI","negative","100","0.04907701592581259","0.030617145055539332","0.04073911059320884","0.0"
"25","25","Coupled","gaussian","PI","positive","100","0.6245415966025025","0.03122200294688387","0.6342427669812103","1.0"
"25","25","Coupled","gaussian","RMP","negative","100","0.049159480738122194","0.03922231191908889","0.03942945914854265","0.0"
"25","25","Coupled","gaussian","RMP","positive","100","0.4898118074183831","0.029296961136857484","0.49551266207993194","1.0"
"25","25","Coupled","gaussian","VV","negative","100","0.06254732024156415","0.04735133525381925","0.05582090519634372","0.0"
"25","25","Coupled","gaussian","VV","positive","100","0.4977705139339961","0.024532298165704004","0.49735248599825055","1.0"
"25","25","Coupled","kmeans","AI","negative","100","0.147153439626312","0.07442346673789088","0.14078844858346495","0.0"
"25","25","Coupled","kmeans","AI","positive","100","0.44908393180597556","0.10747531810189176","0.43178714445089034","1.0"
"25","25","Coupled","kmeans","EV","negative","100","0.11598069182877158","0.061142584696367894","0.11032590290030983","0.0"
"25","25","Coupled","kmeans","EV","positive","100","0.685506289398301","0.01085347259273642","0.6858727949051823","1.0"
"25","25","Coupled","kmeans","PF","negative","100","0.22414338839286332","0.08649466641204022","0.22861538875716272","0.0"
"25","25","Coupled","kmeans","PF","positive","100","0.2866522073974317","0.05495837268286749","0.2843949003786138","1.0"
"25","25","Coupled","kmeans","PI","negative","100","0.0445421724216398","0.034011702524791874","0.03864589521588638","0.0"
"25","25","Coupled","kmeans","PI","positive","100","0.5214490377937621","0.05053311759506813","0.5241699333448616","1.0"
"25","25","Coupled","kmeans","RMP","negative","100","0.08515579881740251","0.062272007594759766","0.0773340305093371","0.0"
"25","25","Coupled","kmeans","RMP","positive","100","0.5072494608382552","0.04021838846040649","0.505901872318498","1.0"
"25","25","Coupled","kmeans","VV","negative","100","0.06538913598135615","0.040728884002945345","0.05381477145453717","0.0"
"25","25","Coupled","kmeans","VV","positive","100","0.513194354627405","0.03191890205109698","0.5184671216054708","1.0"
"25","4","Coupled","agglomerative","AI","negative","100","0.13357613054394785","0.12287657105499508","0.07099262858715191","0.0"
"25","4","Coupled","agglomerative","AI","positive","100","0.3602067932766697","0.11470180978384341","0.3584913781252859","1.0"
"25","4","Coupled","agglomerative","EV","negative","100","0.2517507414561018","0.04076321616285639","0.2610510627430852","0.0"
"25","4","Coupled","agglomerative","EV","positive","100","0.6430732258689993","0.05433483011530729","0.6605189969777685","1.0"
"25","4","Coupled","agglomerative","PF","negative","100","0.17190910868667914","0.11495433341917195","0.16181841399557567","0.0"
"25","4","Coupled","agglomerative","PF","positive","100","0.1385822001802928","0.07805255606976785","0.13768675047950052","0.92"
"25","4","Coupled","agglomerative","PI","negative","100","0.09840597362859961","0.046539122658179596","0.10885494904451254","0.0"
"25","4","Coupled","agglomerative","PI","positive","100","0.46915848105972585","0.07827017510631172","0.48100235285203996","0.99"
"25","4","Coupled","agglomerative","RMP","negative","100","0.10393347169288396","0.07381080911255336","0.09675459267626663","0.0"
"25","4","Coupled","agglomerative","RMP","positive","100","0.49533390338730654","0.08059700976454132","0.52153117684785","1.0"
"25","4","Coupled","agglomerative","VV","negative","100","0.14698586899064614","0.09341238596482081","0.13275889978597338","0.0"
"25","4","Coupled","agglomerative","VV","positive","100","0.3732234581650377","0.04311067190377579","0.37801819932239866","1.0"
"25","4","Coupled","gaussian","AI","negative","100","0.08844272385110327","0.06423961262213722","0.08644179639361921","0.0"
"25","4","Coupled","gaussian","AI","positive","100","0.40683687594392354","0.09928676352680482","0.4411751919379848","1.0"
"25","4","Coupled","gaussian","EV","negative","100","0.16039189991353106","0.08785169974570803","0.16652238131331015","0.0"
"25","4","Coupled","gaussian","EV","positive","100","0.481521338314185","0.10801145330147363","0.5004709514972536","1.0"
"25","4","Coupled","gaussian","PF","negative","100","0.10570097240018793","0.0962365298059979","0.08501220021708616","0.0"
"25","4","Coupled","gaussian","PF","positive","100","0.1536885010140189","0.1022322951482088","0.1412872687876028","0.86"
"25","4","Coupled","gaussian","PI","negative","100","0.0643596395443304","0.044208087688123426","0.053610421377190964","0.0"
"25","4","Coupled","gaussian","PI","positive","100","0.47447717117544175","0.05395417700651915","0.47359201174658033","1.0"
"25","4","Coupled","gaussian","RMP","negative","100","0.06335348673700883","0.054028920983750076","0.05291516468600738","0.0"
"25","4","Coupled","gaussian","RMP","positive","100","0.33354263279328855","0.0817601856507682","0.34454444754976643","1.0"
"25","4","Coupled","gaussian","VV","negative","100","0.06550237168587421","0.03912034114998376","0.06017793460291854","0.0"
"25","4","Coupled","gaussian","VV","positive","100","0.31369628066530214","0.07003991567724414","0.32257833693761784","1.0"
"25","4","Coupled","kmeans","AI","negative","100","0.0736983491337059","0.04645189382417635","0.06958365510836925","0.0"
"25","4","Coupled","kmeans","AI","positive","100","0.3619283335516408","0.09546484402525046","0.3952846210789951","1.0"
"25","4","Coupled","kmeans","EV","negative","100","0.1981866944619182","0.06953042879030578","0.18443911113280118","0.0"
"25","4","Coupled","kmeans","EV","positive","100","0.5754904806343862","0.06077325463880914","0.5975702418507477","1.0"
"25","4","Coupled","kmeans","PF","negative","100","0.15625649065000446","0.09892419013524219","0.15445309991490966","0.0"
"25","4","Coupled","kmeans","PF","positive","100","0.1478830312105972","0.08470096886537261","0.1571352134410822","0.94"
"25","4","Coupled","kmeans","PI","negative","100","0.08826867081471783","0.06440193760092708","0.06973680107063979","0.0"
"25","4","Coupled","kmeans","PI","positive","100","0.34077704728242386","0.08916905697908738","0.3577458912712149","0.99"
"25","4","Coupled","kmeans","RMP","negative","100","0.07830198329563505","0.05753638734460229","0.06469559849469039","0.0"
"25","4","Coupled","kmeans","RMP","positive","100","0.4224091431317838","0.06783684392967024","0.4378856174103772","1.0"
"25","4","Coupled","kmeans","VV","negative","100","0.11273802566402509","0.10855606875958686","0.07555839396383277","0.0"
"25","4","Coupled","kmeans","VV","positive","100","0.38420229143778295","0.07315122035274388","0.40583225442654547","1.0"
"25","5","Coupled","agglomerative","AI","negative","100","0.1089159184032212","0.10883359112833003","0.06305170486981923","0.0"
"25","5","Coupled","agglomerative","AI","positive","100","0.37341187613373267","0.10328798124917857","0.3622902763685277","1.0"
"25","5","Coupled","agglomerative","EV","negative","100","0.24994173666719818","0.04427785971421745","0.2610510627430852","0.0"
"25","5","Coupled","agglomerative","EV","positive","100","0.6726945518919532","0.04775185194591789","0.68539427546405","1.0"
"25","5","Coupled","agglomerative","PF","negative","100","0.17553395042482084","0.10783415983410151","0.1771080355470403","0.0"
"25","5","Coupled","agglomerative","PF","positive","100","0.1792506349040689","0.0737739022336106","0.1740502894995317","0.98"
"25","5","Coupled","agglomerative","PI","negative","100","0.08498624569136215","0.044335767097199","0.07789718126450912","0.0"
"25","5","Coupled","agglomerative","PI","positive","100","0.4876535011110471","0.06350289012589437","0.4993023344871743","1.0"
"25","5","Coupled","agglomerative","RMP","negative","100","0.08488932217677254","0.06381728140961286","0.07438247652067806","0.0"
"25","5","Coupled","agglomerative","RMP","positive","100","0.5043715646238117","0.08822602334082365","0.5291714823075191","1.0"
"25","5","Coupled","agglomerative","VV","negative","100","0.11089469994276052","0.07488876892552039","0.09591443301333538","0.0"
"25","5","Coupled","agglomerative","VV","positive","100","0.40969646574131374","0.04536647822475995","0.4184491389883773","1.0"
"25","5","Coupled","gaussian","AI","negative","100","0.0974347005558052","0.058349203162728826","0.09798780658933037","0.0"
"25","5","Coupled","gaussian","AI","positive","100","0.416243484880201","0.09158717679322625","0.44598650360631437","1.0"
"25","5","Coupled","gaussian","EV","negative","100","0.16426300803498034","0.07220136636845358","0.1642952246428742","0.0"
"25","5","Coupled","gaussian","EV","positive","100","0.4818454389969709","0.0822811935116392","0.49652639969918155","1.0"
"25","5","Coupled","gaussian","PF","negative","100","0.10660284751077975","0.08594608600005943","0.08818877278154176","0.0"
"25","5","Coupled","gaussian","PF","positive","100","0.17605713806349185","0.10286960777096082","0.17357063102858214","0.94"
"25","5","Coupled","gaussian","PI","negative","100","0.059562455315197854","0.03390373598083649","0.050145248719947466","0.0"
"25","5","Coupled","gaussian","PI","positive","100","0.49178139697271966","0.043894005456329065","0.4911217039670132","1.0"
"25","5","Coupled","gaussian","RMP","negative","100","0.05314406191564203","0.04876712046732785","0.040140674950057714","0.0"
"25","5","Coupled","gaussian","RMP","positive","100","0.36323461535382573","0.07160900866845134","0.3663697499235704","1.0"
"25","5","Coupled","gaussian","VV","negative","100","0.054697729416359614","0.04091494106455491","0.05039580546043268","0.0"
"25","5","Coupled","gaussian","VV","positive","100","0.33948258610495985","0.06435571762374721","0.3496639499402855","1.0"
"25","5","Coupled","kmeans","AI","negative","100","0.07749205726340484","0.05792725116281997","0.062765235199013","0.0"
"25","5","Coupled","kmeans","AI","positive","100","0.39681556946123886","0.10032927289809622","0.4172820072820927","1.0"
"25","5","Coupled","kmeans","EV","negative","100","0.2278208249917945","0.07441638222423684","0.22007619104600168","0.0"
"25","5","Coupled","kmeans","EV","positive","100","0.6209376577679468","0.04339389448278477","0.6346459691672944","1.0"
"25","5","Coupled","kmeans","PF","negative","100","0.15955764126867278","0.09958636277066985","0.15071462045900863","0.0"
"25","5","Coupled","kmeans","PF","positive","100","0.17059205574785788","0.08394142094563982","0.17692101167740876","0.97"
"25","5","Coupled","kmeans","PI","negative","100","0.08564516047924396","0.06127371863184733","0.06842816337657434","0.0"
"25","5","Coupled","kmeans","PI","positive","100","0.38407473552606997","0.09313987997112505","0.39870378996567063","1.0"
"25","5","Coupled","kmeans","RMP","negative","100","0.09565276017640971","0.07248011701732056","0.07778319853486482","0.0"
"25","5","Coupled","kmeans","RMP","positive","100","0.4446551472363371","0.05691590626209329","0.45796097616871456","1.0"
"25","5","Coupled","kmeans","VV","negative","100","0.09959226488639386","0.06994536431419976","0.08701558083357716","0.0"
"25","5","Coupled","kmeans","VV","positive","100","0.42422987925905603","0.059498744316061475","0.4395372210320636","0.99"
"25","7","Coupled","agglomerative","AI","negative","100","0.08503079747224186","0.08216483673218179","0.057099280140402525","0.0"
"25","7","Coupled","agglomerative","AI","positive","100","0.37440193821437384","0.10311677559117033","0.3620289834625392","1.0"
"25","7","Coupled","agglomerative","EV","negative","100","0.23639153990820347","0.05886054328587421","0.2610510627430852","0.0"
"25","7","Coupled","agglomerative","EV","positive","100","0.6974583820924248","0.03220882844346944","0.7071141264391102","1.0"
"25","7","Coupled","agglomerative","PF","negative","100","0.1718245340035404","0.11385518647294636","0.15178973552619945","0.0"
"25","7","Coupled","agglomerative","PF","positive","100","0.19397574333287224","0.061270983925184805","0.20146181676543884","1.0"
"25","7","Coupled","agglomerative","PI","negative","100","0.06302192824454687","0.045901322390000956","0.050398810716100945","0.0"
"25","7","Coupled","agglomerative","PI","positive","100","0.5374914531593746","0.0577552378418959","0.5514014960592992","1.0"
"25","7","Coupled","agglomerative","RMP","negative","100","0.07759369875104098","0.061394201407351155","0.053598586432436424","0.0"
"25","7","Coupled","agglomerative","RMP","positive","100","0.5261221881424034","0.07629947929939188","0.5407477336284978","1.0"
"25","7","Coupled","agglomerative","VV","negative","100","0.11832667071066336","0.07351208542738547","0.11412128329839416","0.0"
"25","7","Coupled","agglomerative","VV","positive","100","0.44955712657885344","0.036648614011672034","0.4571964471741612","1.0"
"25","7","Coupled","gaussian","AI","negative","100","0.12024146484793906","0.07562300104410577","0.11660046033712557","0.0"
"25","7","Coupled","gaussian","AI","positive","100","0.42324511150726224","0.10352826675664158","0.4602153378655406","1.0"
"25","7","Coupled","gaussian","EV","negative","100","0.20292803713857577","0.06631937029415386","0.2229962245361772","0.0"
"25","7","Coupled","gaussian","EV","positive","100","0.5577714920136168","0.08726172145540911","0.57997678070915","1.0"
"25","7","Coupled","gaussian","PF","negative","100","0.13134631457599594","0.09071991322020653","0.11597426525520965","0.0"
"25","7","Coupled","gaussian","PF","positive","100","0.167846206251988","0.09804325082045862","0.17002043094685698","0.92"
"25","7","Coupled","gaussian","PI","negative","100","0.06408379275428143","0.038016199617720695","0.05828902199983743","0.0"
"25","7","Coupled","gaussian","PI","positive","100","0.5345477187955964","0.04391454396648262","0.5356267148346658","1.0"
"25","7","Coupled","gaussian","RMP","negative","100","0.045469205100813107","0.037413149055891326","0.035708799110758666","0.0"
"25","7","Coupled","gaussian","RMP","positive","100","0.40413309831814526","0.05912581481812671","0.4241314663342526","1.0"
"25","7","Coupled","gaussian","VV","negative","100","0.05224198199124511","0.04105776976462757","0.037846048143099414","0.0"
"25","7","Coupled","gaussian","VV","positive","100","0.4011535670339937","0.05461274164171349","0.4078141857554247","1.0"
"25","7","Coupled","kmeans","AI","negative","100","0.06874217465777525","0.05370496536820902","0.05867713559048551","0.0"
"25","7","Coupled","kmeans","AI","positive","100","0.41505088712770283","0.10178056858001006","0.42979397699709415","1.0"
"25","7","Coupled","kmeans","EV","negative","100","0.2017389077980264","0.06995458471650402","0.2046974020651124","0.0"
"25","7","Coupled","kmeans","EV","positive","100","0.6366291951841981","0.03861604733839415","0.644731857755964","1.0"
"25","7","Coupled","kmeans","PF","negative","100","0.15967084411038635","0.09199389224923508","0.14762896160670375","0.0"
"25","7","Coupled","kmeans","PF","positive","100","0.19625500097999077","0.07981021603787875","0.20589706746698236","0.98"
"25","7","Coupled","kmeans","PI","negative","100","0.06860200798536101","0.05458357642284028","0.057585645437142535","0.0"
"25","7","Coupled","kmeans","PI","positive","100","0.39763006218485275","0.07088814128399151","0.40653022727703747","1.0"
"25","7","Coupled","kmeans","RMP","negative","100","0.09202794258310537","0.0629775812967813","0.0846542374931728","0.0"
"25","7","Coupled","kmeans","RMP","positive","100","0.47356337535842774","0.05526826501851216","0.4869306592951551","1.0"
"25","7","Coupled","kmeans","VV","negative","100","0.08571498605020399","0.06579636386950281","0.08063185304352197","0.0"
"25","7","Coupled","kmeans","VV","positive","100","0.44348809881919593","0.03742308843611719","0.4496635740080707","1.0"
"50","1","Coupled","agglomerative","AI","negative","100","0.17703718627687887","0.19887369292421297","0.08503961211543618","0.0"
"50","1","Coupled","agglomerative","AI","positive","100","0.24705422635637395","0.06126705272278365","0.2641250181453507","0.89"
"50","1","Coupled","agglomerative","EV","negative","100","0.3332444233362441","0.0474751460960594","0.34676832853392825","0.0"
"50","1","Coupled","agglomerative","EV","positive","100","0.4618574285991383","0.09175035587562513","0.49936848911419274","1.0"
"50","1","Coupled","agglomerative","PF","negative","100","0.14020018921446545","0.08087313383852665","0.12974599794612895","0.0"
"50","1","Coupled","agglomerative","PF","positive","100","0.15079008103859276","0.05238890231819998","0.13634757340169334","0.67"
"50","1","Coupled","agglomerative","PI","negative","100","0.17927671260259065","0.0734857640071016","0.16407585201252184","0.0"
"50","1","Coupled","agglomerative","PI","positive","100","0.24671081424077676","0.10618552290621315","0.28317019479467676","0.67"
"50","1","Coupled","agglomerative","RMP","negative","100","0.17469869685856132","0.05345873652120515","0.20527036180580482","0.0"
"50","1","Coupled","agglomerative","RMP","positive","100","0.2685509490988549","0.13849758959919342","0.33768125694619017","0.9"
"50","1","Coupled","agglomerative","VV","negative","100","0.1911195851635374","0.05798537912875567","0.22753799302219924","0.0"
"50","1","Coupled","agglomerative","VV","positive","100","0.12449297316312449","0.059377014799191545","0.11631600836974182","0.89"
"50","1","Coupled","gaussian","AI","negative","100","0.06477585293939224","0.04637385186896171","0.059988109904121636","0.0"
"50","1","Coupled","gaussian","AI","positive","100","0.13201804961851848","0.07922020614159414","0.165100090588586","0.75"
"50","1","Coupled","gaussian","EV","negative","100","0.17852265282894983","0.06689419436954133","0.21113862575496525","0.0"
"50","1","Coupled","gaussian","EV","positive","100","0.2222004980299986","0.09810904904560296","0.24255674869010152","0.85"
"50","1","Coupled","gaussian","PF","negative","100","0.08160063159741109","0.06036520943108438","0.0635311967010026","0.0"
"50","1","Coupled","gaussian","PF","positive","100","0.0970807617269306","0.048380829385123246","0.10996298858157164","0.54"
"50","1","Coupled","gaussian","PI","negative","100","0.03297189597312453","0.023531296427959314","0.022525305502309703","0.0"
"50","1","Coupled","gaussian","PI","positive","100","0.1614636911933966","0.10185485686809358","0.1906773244308093","0.8"
"50","1","Coupled","gaussian","RMP","negative","100","0.10841878126941858","0.040278653852959964","0.11236440674124927","0.0"
"50","1","Coupled","gaussian","RMP","positive","100","0.1815374247799352","0.11473341904035717","0.22891674532489303","0.87"
"50","1","Coupled","gaussian","VV","negative","100","0.03403705734690016","0.03813627272386823","0.011537472218162093","0.0"
"50","1","Coupled","gaussian","VV","positive","100","0.14049509799583867","0.0930045759126535","0.19626306880746272","0.88"
"50","1","Coupled","kmeans","AI","negative","100","0.12668283205614922","0.16173914821170962","0.048799904893170876","0.0"
"50","1","Coupled","kmeans","AI","positive","100","0.20539216839025048","0.1060980534808834","0.25160630772973364","0.67"
"50","1","Coupled","kmeans","EV","negative","100","0.13095989839383604","0.13041566695530207","0.05565949230658493","0.0"
"50","1","Coupled","kmeans","EV","positive","100","0.4646620972711461","0.1554006794660541","0.4887260226277784","0.96"
"50","1","Coupled","kmeans","PF","negative","100","0.11808018740834311","0.11114437585137461","0.07383334927039464","0.0"
"50","1","Coupled","kmeans","PF","positive","100","0.12453016956751385","0.06029413899816437","0.11595893187831902","0.68"
"50","1","Coupled","kmeans","PI","negative","100","0.1678949674949279","0.05525389827724428","0.17294113988993354","0.0"
"50","1","Coupled","kmeans","PI","positive","100","0.22331916126327717","0.12410435138136355","0.21335156151630946","0.65"
"50","1","Coupled","kmeans","RMP","negative","100","0.07086618169384823","0.05289171049123852","0.06273700500975746","0.0"
"50","1","Coupled","kmeans","RMP","positive","100","0.15592970303088205","0.06514143701067114","0.19357907451993753","0.78"
"50","1","Coupled","kmeans","VV","negative","100","0.11064169205091126","0.11374716622895857","0.07645850847953872","0.0"
"50","1","Coupled","kmeans","VV","positive","100","0.14855551995882163","0.0938355681317966","0.18352978769697617","0.89"
"50","10","Coupled","agglomerative","AI","negative","100","0.14502991801617104","0.10713410675607153","0.11362532870927824","0.0"
"50","10","Coupled","agglomerative","AI","positive","100","0.37448976610207635","0.11541062342423822","0.33791781390562337","1.0"
"50","10","Coupled","agglomerative","EV","negative","100","0.3080810264944715","0.026378103199812937","0.3177103337763922","0.0"
"50","10","Coupled","agglomerative","EV","positive","100","0.6437562541865463","0.01705638278848399","0.6477241383679364","1.0"
"50","10","Coupled","agglomerative","PF","negative","100","0.22602892346201753","0.09958156075967989","0.22463312259484502","0.0"
"50","10","Coupled","agglomerative","PF","positive","100","0.26926235937868587","0.056730238106691436","0.27550018646388336","1.0"
"50","10","Coupled","agglomerative","PI","negative","100","0.08508208070734918","0.05817779488781558","0.0769893766409378","0.0"
"50","10","Coupled","agglomerative","PI","positive","100","0.3862412145470575","0.0858889719799315","0.41081137371804827","1.0"
"50","10","Coupled","agglomerative","RMP","negative","100","0.05432418183433646","0.04020271368454909","0.04436825469692268","0.0"
"50","10","Coupled","agglomerative","RMP","positive","100","0.48808632850194456","0.05910476230606773","0.49454730615771014","1.0"
"50","10","Coupled","agglomerative","VV","negative","100","0.08307721597581458","0.05515433484487297","0.07351714465023604","0.0"
"50","10","Coupled","agglomerative","VV","positive","100","0.4337682922044443","0.03882588584243003","0.44031779504325486","1.0"
"50","10","Coupled","gaussian","AI","negative","100","0.09522051030085028","0.06188006544081641","0.09144953639866792","0.0"
"50","10","Coupled","gaussian","AI","positive","100","0.36146813867383737","0.08336061013879219","0.3749250998188599","1.0"
"50","10","Coupled","gaussian","EV","negative","100","0.11352047848353056","0.06867866883900182","0.12062576279857577","0.0"
"50","10","Coupled","gaussian","EV","positive","100","0.4736184476011903","0.03857301089974937","0.47906009231108054","1.0"
"50","10","Coupled","gaussian","PF","negative","100","0.08868838561969332","0.06645562862346775","0.07816459642229145","0.0"
"50","10","Coupled","gaussian","PF","positive","100","0.2154878202878905","0.047748047615594216","0.21558178748614626","1.0"
"50","10","Coupled","gaussian","PI","negative","100","0.06643125238414277","0.04394543156181909","0.06591148637903688","0.0"
"50","10","Coupled","gaussian","PI","positive","100","0.4404337113029209","0.05192278459709838","0.447029169204215","1.0"
"50","10","Coupled","gaussian","RMP","negative","100","0.038211168618232524","0.029860490200415587","0.0330283992696315","0.0"
"50","10","Coupled","gaussian","RMP","positive","100","0.48929839823256727","0.04349836623632677","0.4978083389204623","1.0"
"50","10","Coupled","gaussian","VV","negative","100","0.08107084209973921","0.05615691219265882","0.06993242192292581","0.0"
"50","10","Coupled","gaussian","VV","positive","100","0.3775797962072278","0.045683057257003695","0.38513075895162363","1.0"
"50","10","Coupled","kmeans","AI","negative","100","0.1157544730730916","0.0811716875455878","0.0999588344010578","0.0"
"50","10","Coupled","kmeans","AI","positive","100","0.32860572886813466","0.10296900627464146","0.3445871585926349","1.0"
"50","10","Coupled","kmeans","EV","negative","100","0.13639020356824744","0.06738462969759805","0.1385907435651217","0.0"
"50","10","Coupled","kmeans","EV","positive","100","0.6755091139395428","0.06223688097100697","0.7048388517094051","1.0"
"50","10","Coupled","kmeans","PF","negative","100","0.1522091041196897","0.0791576788298498","0.15134558585429783","0.0"
"50","10","Coupled","kmeans","PF","positive","100","0.286216062639916","0.0571579712689928","0.2885663908034053","1.0"
"50","10","Coupled","kmeans","PI","negative","100","0.09023072706583214","0.05528494576173455","0.08272284595537355","0.0"
"50","10","Coupled","kmeans","PI","positive","100","0.4769259964230439","0.0606629341684343","0.48276996570671604","1.0"
"50","10","Coupled","kmeans","RMP","negative","100","0.1438224119619946","0.06886218707428779","0.14975605240690856","0.0"
"50","10","Coupled","kmeans","RMP","positive","100","0.4004906672199304","0.06618561123158381","0.4178772171169084","1.0"
"50","10","Coupled","kmeans","VV","negative","100","0.10002635133632666","0.06502571708316093","0.09147467760283892","0.0"
"50","10","Coupled","kmeans","VV","positive","100","0.38543236737962794","0.052474656421813655","0.39332502429428895","1.0"
"50","12","Coupled","agglomerative","AI","negative","100","0.1425782795881469","0.10545057461955806","0.12725788097892826","0.0"
"50","12","Coupled","agglomerative","AI","positive","100","0.39765843522094985","0.10940719174409848","0.3607341191822442","1.0"
"50","12","Coupled","agglomerative","EV","negative","100","0.29056513578783894","0.02179237487720782","0.2822641286054164","0.0"
"50","12","Coupled","agglomerative","EV","positive","100","0.6562023422757871","0.014273676835980088","0.6578426207568416","1.0"
"50","12","Coupled","agglomerative","PF","negative","100","0.22147191070649577","0.1009086291624197","0.23199820890984432","0.0"
"50","12","Coupled","agglomerative","PF","positive","100","0.29036621533540413","0.05307658693149189","0.29099858329467027","1.0"
"50","12","Coupled","agglomerative","PI","negative","100","0.07086844650626067","0.056745062762521836","0.0627240966794265","0.0"
"50","12","Coupled","agglomerative","PI","positive","100","0.3895280498019868","0.08540302404134532","0.42473655216278594","1.0"
"50","12","Coupled","agglomerative","RMP","negative","100","0.056231428993706783","0.039531459122180534","0.04987930039965163","0.0"
"50","12","Coupled","agglomerative","RMP","positive","100","0.5029110339232297","0.05346471116574591","0.5092751851849708","1.0"
"50","12","Coupled","agglomerative","VV","negative","100","0.07424420904809788","0.04971541383105235","0.06815345032156317","0.0"
"50","12","Coupled","agglomerative","VV","positive","100","0.4499326412784692","0.03519772567400193","0.4550825749590076","1.0"
"50","12","Coupled","gaussian","AI","negative","100","0.10315747034722517","0.06275931061430881","0.10013912068009259","0.0"
"50","12","Coupled","gaussian","AI","positive","100","0.3785442717020967","0.07804525181993241","0.38045549796190276","1.0"
"50","12","Coupled","gaussian","EV","negative","100","0.10579221148986863","0.06884930648016256","0.09434365757673088","0.0"
"50","12","Coupled","gaussian","EV","positive","100","0.4917300194974921","0.038161727534388595","0.4981318903275823","1.0"
"50","12","Coupled","gaussian","PF","negative","100","0.09585361947087546","0.0656862075536893","0.08765530750286302","0.0"
"50","12","Coupled","gaussian","PF","positive","100","0.23082575124692284","0.051001310707187705","0.23149389579274815","1.0"
"50","12","Coupled","gaussian","PI","negative","100","0.07449542022856295","0.043625771503809425","0.07479531963577729","0.0"
"50","12","Coupled","gaussian","PI","positive","100","0.4630698451771362","0.050426617691322874","0.4671273617025927","1.0"
"50","12","Coupled","gaussian","RMP","negative","100","0.04076246831201508","0.030521300569865205","0.0342859447303919","0.0"
"50","12","Coupled","gaussian","RMP","positive","100","0.5081059212272442","0.035436104622102615","0.508600644100194","1.0"
"50","12","Coupled","gaussian","VV","negative","100","0.07139474540753575","0.047619901618021494","0.06625000568720171","0.0"
"50","12","Coupled","gaussian","VV","positive","100","0.39678785947137707","0.038077531155654966","0.4004206024701332","1.0"
"50","12","Coupled","kmeans","AI","negative","100","0.11812940739183002","0.07307031681918111","0.11393294195579923","0.0"
"50","12","Coupled","kmeans","AI","positive","100","0.34171097664408334","0.09606628217324094","0.35028507861321717","1.0"
"50","12","Coupled","kmeans","EV","negative","100","0.1265220307653249","0.07606345528198945","0.11442941572926134","0.0"
"50","12","Coupled","kmeans","EV","positive","100","0.6575151366945355","0.08653840503782272","0.6498350265720905","1.0"
"50","12","Coupled","kmeans","PF","negative","100","0.18183651382416183","0.08638656494896434","0.17913683125235264","0.0"
"50","12","Coupled","kmeans","PF","positive","100","0.2945697391562782","0.05480924253236892","0.30761848893847243","1.0"
"50","12","Coupled","kmeans","PI","negative","100","0.0900079507979624","0.062435012626996717","0.08170238374319055","0.0"
"50","12","Coupled","kmeans","PI","positive","100","0.5197241750054956","0.055256187177772115","0.5159395840483443","1.0"
"50","12","Coupled","kmeans","RMP","negative","100","0.15786093700967782","0.08440392290749042","0.1644078718491617","0.0"
"50","12","Coupled","kmeans","RMP","positive","100","0.43500917570546654","0.0691692090786107","0.4573372264149107","1.0"
"50","12","Coupled","kmeans","VV","negative","100","0.10925043015434274","0.06336596193771979","0.0961747803513664","0.0"
"50","12","Coupled","kmeans","VV","positive","100","0.4275651235606223","0.04705736010787476","0.43462347009570546","1.0"
"50","15","Coupled","agglomerative","AI","negative","100","0.16173415307987554","0.10801049035729833","0.15373391654374696","0.0"
"50","15","Coupled","agglomerative","AI","positive","100","0.3890082651918136","0.11535038698540143","0.36167497268400356","1.0"
"50","15","Coupled","agglomerative","EV","negative","100","0.289919556765565","0.020685539883593073","0.2822641286054164","0.0"
"50","15","Coupled","agglomerative","EV","positive","100","0.6634933461993731","0.013686118208540966","0.666576290541635","1.0"
"50","15","Coupled","agglomerative","PF","negative","100","0.24717157280155558","0.10408429453117368","0.26168252140824977","0.0"
"50","15","Coupled","agglomerative","PF","positive","100","0.29060763526966166","0.04040399165157037","0.29334801058385185","1.0"
"50","15","Coupled","agglomerative","PI","negative","100","0.0787420138408094","0.06186468689828732","0.06341462755158667","0.0"
"50","15","Coupled","agglomerative","PI","positive","100","0.42333038256901295","0.08119825404799887","0.4616658877995641","1.0"
"50","15","Coupled","agglomerative","RMP","negative","100","0.05218269154853168","0.03927806949397763","0.044480681935630845","0.0"
"50","15","Coupled","agglomerative","RMP","positive","100","0.496244256662381","0.050161547229382805","0.5058516628853015","1.0"
"50","15","Coupled","agglomerative","VV","negative","100","0.08302684177854512","0.057744866171463724","0.0729279249752735","0.0"
"50","15","Coupled","agglomerative","VV","positive","100","0.47634499666325714","0.02943656606650421","0.48310397886646217","1.0"
"50","15","Coupled","gaussian","AI","negative","100","0.09850712697715695","0.05743925308722622","0.09321743703926516","0.0"
"50","15","Coupled","gaussian","AI","positive","100","0.39133602749234647","0.08115397571190716","0.39848678373790747","1.0"
"50","15","Coupled","gaussian","EV","negative","100","0.10409401542227802","0.061396376604328055","0.09321912131162016","0.0"
"50","15","Coupled","gaussian","EV","positive","100","0.5124341546967389","0.0394326296457723","0.5197156458006982","1.0"
"50","15","Coupled","gaussian","PF","negative","100","0.09213214745290205","0.06179095554202082","0.08371156809338404","0.0"
"50","15","Coupled","gaussian","PF","positive","100","0.2468310512340867","0.04985473508932169","0.24984739372585613","1.0"
"50","15","Coupled","gaussian","PI","negative","100","0.07826086721726574","0.04523673510294059","0.07350200770092855","0.0"
"50","15","Coupled","gaussian","PI","positive","100","0.4933306718572904","0.0513094774687444","0.5003381636477218","1.0"
"50","15","Coupled","gaussian","RMP","negative","100","0.04281147940186024","0.032506000347222216","0.033208725527895167","0.0"
"50","15","Coupled","gaussian","RMP","positive","100","0.5286760031295775","0.03305268564694689","0.5346958168154822","1.0"
"50","15","Coupled","gaussian","VV","negative","100","0.07815730602550242","0.05451207396976262","0.07111856478470699","0.0"
"50","15","Coupled","gaussian","VV","positive","100","0.42168677430461166","0.038605458452310046","0.42179777926327156","1.0"
"50","15","Coupled","kmeans","AI","negative","100","0.11175910004596484","0.0835443862096704","0.09074607891196163","0.0"
"50","15","Coupled","kmeans","AI","positive","100","0.34568230487020996","0.10000315048948241","0.3618505107445867","1.0"
"50","15","Coupled","kmeans","EV","negative","100","0.1041861695954438","0.06066278583187233","0.10670857891790142","0.0"
"50","15","Coupled","kmeans","EV","positive","100","0.6660445018088089","0.06485606381409181","0.6584651769052811","1.0"
"50","15","Coupled","kmeans","PF","negative","100","0.179616179646102","0.06947421953164276","0.18381007134532112","0.0"
"50","15","Coupled","kmeans","PF","positive","100","0.3171993398363263","0.04681580487744827","0.32352952157956155","1.0"
"50","15","Coupled","kmeans","PI","negative","100","0.08065165454567208","0.05759535086872791","0.07116940373683425","0.0"
"50","15","Coupled","kmeans","PI","positive","100","0.5255637849688305","0.052672244296284594","0.5315693661960788","1.0"
"50","15","Coupled","kmeans","RMP","negative","100","0.14411632542142627","0.0692785805075503","0.1539930818987025","0.0"
"50","15","Coupled","kmeans","RMP","positive","100","0.4294075370126899","0.06004250042227483","0.4474982501451843","1.0"
"50","15","Coupled","kmeans","VV","negative","100","0.10151089414448372","0.06481678775258792","0.09524997301431584","0.0"
"50","15","Coupled","kmeans","VV","positive","100","0.42955047655201684","0.046717986771289174","0.43868683558445304","1.0"
"50","18","Coupled","agglomerative","AI","negative","100","0.18645641960396644","0.10263174200305662","0.1836091378297206","0.0"
"50","18","Coupled","agglomerative","AI","positive","100","0.37715095984568014","0.09600086129861204","0.3520871616266488","1.0"
"50","18","Coupled","agglomerative","EV","negative","100","0.28072976778090836","0.030731216192697388","0.2822641286054164","0.0"
"50","18","Coupled","agglomerative","EV","positive","100","0.6701630123255345","0.013646777449277666","0.6725776429376471","1.0"
"50","18","Coupled","agglomerative","PF","negative","100","0.24395690861756564","0.0986178218148575","0.24393742662113252","0.0"
"50","18","Coupled","agglomerative","PF","positive","100","0.31053959858103736","0.03795224579155956","0.3035329616368253","1.0"
"50","18","Coupled","agglomerative","PI","negative","100","0.08067373569366829","0.05774308510902017","0.06719989586957947","0.0"
"50","18","Coupled","agglomerative","PI","positive","100","0.437504022333687","0.07953771291637646","0.46877665095321897","1.0"
"50","18","Coupled","agglomerative","RMP","negative","100","0.0591269892861587","0.03969338220932732","0.05297794007586709","0.0"
"50","18","Coupled","agglomerative","RMP","positive","100","0.5103995443210297","0.05091614004817538","0.522183232027437","1.0"
"50","18","Coupled","agglomerative","VV","negative","100","0.08038122325594779","0.053359355409282855","0.07220475718355374","0.0"
"50","18","Coupled","agglomerative","VV","positive","100","0.4995306278375744","0.02556103377666675","0.5024873040848931","1.0"
"50","18","Coupled","gaussian","AI","negative","100","0.10975457586228353","0.06579697029904469","0.113239264772799","0.0"
"50","18","Coupled","gaussian","AI","positive","100","0.39190968589616426","0.06634122612889791","0.3829177012766648","1.0"
"50","18","Coupled","gaussian","EV","negative","100","0.10610416255306912","0.05831148964114958","0.09443867754957212","0.0"
"50","18","Coupled","gaussian","EV","positive","100","0.5422202179658235","0.035541356281346644","0.5489966001730046","1.0"
"50","18","Coupled","gaussian","PF","negative","100","0.10062348383937661","0.06078229485100609","0.10195798907725837","0.0"
"50","18","Coupled","gaussian","PF","positive","100","0.2679096420498321","0.04151548666775099","0.26739776398838744","1.0"
"50","18","Coupled","gaussian","PI","negative","100","0.07943140829169075","0.03418710833855378","0.07317734568709836","0.0"
"50","18","Coupled","gaussian","PI","positive","100","0.5096567096485001","0.04398865888647386","0.5126114483330428","1.0"
"50","18","Coupled","gaussian","RMP","negative","100","0.049329907138330735","0.03165727214936776","0.04930011033147519","0.0"
"50","18","Coupled","gaussian","RMP","positive","100","0.5414930031638329","0.03283863308296166","0.5419258726871685","1.0"
"50","18","Coupled","gaussian","VV","negative","100","0.07397442371595304","0.04998418921508625","0.06784712031180021","0.0"
"50","18","Coupled","gaussian","VV","positive","100","0.4469556224726095","0.030498497668565407","0.450208280064493","1.0"
"50","18","Coupled","kmeans","AI","negative","100","0.11178851524860872","0.07311379619614283","0.11066243737317927","0.0"
"50","18","Coupled","kmeans","AI","positive","100","0.34424778178177773","0.08445030295967552","0.33238439882981047","1.0"
"50","18","Coupled","kmeans","EV","negative","100","0.10856449202899926","0.06136295825917483","0.10357362645622567","0.0"
"50","18","Coupled","kmeans","EV","positive","100","0.6764587997111223","0.06616227027549658","0.6631542602017002","1.0"
"50","18","Coupled","kmeans","PF","negative","100","0.19461663722757855","0.08174141806713701","0.20160753354977493","0.0"
"50","18","Coupled","kmeans","PF","positive","100","0.33070781682961425","0.0399563118486156","0.33344041127786284","1.0"
"50","18","Coupled","kmeans","PI","negative","100","0.07473979827292569","0.04905591701652158","0.07056253318666872","0.0"
"50","18","Coupled","kmeans","PI","positive","100","0.5337796901061573","0.051656233554692024","0.5356883266210208","1.0"
"50","18","Coupled","kmeans","RMP","negative","100","0.15020767316950923","0.07722728444192539","0.16443003117517377","0.0"
"50","18","Coupled","kmeans","RMP","positive","100","0.43639057631727174","0.05739164576344833","0.45245218855911973","1.0"
"50","18","Coupled","kmeans","VV","negative","100","0.08518217410567562","0.05945010511937813","0.07667467366017078","0.0"
"50","18","Coupled","kmeans","VV","positive","100","0.44709113922752236","0.04038981246961289","0.4506015872717246","1.0"
"50","2","Coupled","agglomerative","AI","negative","100","0.18986539516567227","0.17764863021782779","0.12181742637020426","0.0"
"50","2","Coupled","agglomerative","AI","positive","100","0.3192932895139218","0.09751234928511508","0.33363849354283237","1.0"
"50","2","Coupled","agglomerative","EV","negative","100","0.3327402110812666","0.03887738648137938","0.34593673857576923","0.0"
"50","2","Coupled","agglomerative","EV","positive","100","0.5269537741011433","0.05276983565489222","0.5378026078752316","1.0"
"50","2","Coupled","agglomerative","PF","negative","100","0.1683478483770885","0.0949763818609754","0.1879983478691008","0.0"
"50","2","Coupled","agglomerative","PF","positive","100","0.14528616717846046","0.08733611637885362","0.14794390398791635","0.79"
"50","2","Coupled","agglomerative","PI","negative","100","0.13512991840374344","0.05318489253642993","0.15277150418643493","0.0"
"50","2","Coupled","agglomerative","PI","positive","100","0.2690214798533498","0.11339576405626556","0.28048610428454224","0.88"
"50","2","Coupled","agglomerative","RMP","negative","100","0.12093117156299511","0.08970585447176611","0.13289105312645666","0.0"
"50","2","Coupled","agglomerative","RMP","positive","100","0.3529216804626733","0.103164558001325","0.3658804346752756","0.97"
"50","2","Coupled","agglomerative","VV","negative","100","0.14297777603343875","0.09599754893387179","0.20850393530812594","0.0"
"50","2","Coupled","agglomerative","VV","positive","100","0.2251337625994103","0.06462771756407608","0.2319678039341076","0.99"
"50","2","Coupled","gaussian","AI","negative","100","0.07461586460673486","0.028290147192334407","0.07157015879060663","0.0"
"50","2","Coupled","gaussian","AI","positive","100","0.22095960709105303","0.0749896350871294","0.23813074201360968","0.97"
"50","2","Coupled","gaussian","EV","negative","100","0.18271966790049382","0.07017472909876225","0.21769119208740534","0.0"
"50","2","Coupled","gaussian","EV","positive","100","0.2958468727771884","0.07572627642972136","0.3229206671245938","0.99"
"50","2","Coupled","gaussian","PF","negative","100","0.08371755325111736","0.0540757090504865","0.07499188126752465","0.0"
"50","2","Coupled","gaussian","PF","positive","100","0.0994496970544423","0.056594010376685426","0.09568202622997929","0.81"
"50","2","Coupled","gaussian","PI","negative","100","0.038442737858848865","0.027035738649641445","0.02906752397546996","0.0"
"50","2","Coupled","gaussian","PI","positive","100","0.2510418607656304","0.07883935141799747","0.2716720032684861","0.97"
"50","2","Coupled","gaussian","RMP","negative","100","0.07435553317171752","0.04805338232862398","0.07286380661696566","0.0"
"50","2","Coupled","gaussian","RMP","positive","100","0.2793164888996863","0.10500966085451198","0.3098509309977216","0.97"
"50","2","Coupled","gaussian","VV","negative","100","0.029158068729802575","0.03332256943742884","0.0180793022966671","0.0"
"50","2","Coupled","gaussian","VV","positive","100","0.21501700649995875","0.07994276687231476","0.2451741110832686","0.99"
"50","2","Coupled","kmeans","AI","negative","100","0.204959996671718","0.15865516058887755","0.14325144014987126","0.0"
"50","2","Coupled","kmeans","AI","positive","100","0.3104517866470175","0.11128758299946485","0.33937958293631015","0.97"
"50","2","Coupled","kmeans","EV","negative","100","0.2340146013051734","0.13930705268078328","0.27501495456535974","0.0"
"50","2","Coupled","kmeans","EV","positive","100","0.6101700219964621","0.10082102602950777","0.6329401712953114","1.0"
"50","2","Coupled","kmeans","PF","negative","100","0.15114839852605008","0.13765907886668466","0.10262775470586433","0.0"
"50","2","Coupled","kmeans","PF","positive","100","0.13459713308132856","0.09046510495682437","0.1266491989745736","0.8"
"50","2","Coupled","kmeans","PI","negative","100","0.16524107720839507","0.09759803406733414","0.17362003218462485","0.0"
"50","2","Coupled","kmeans","PI","positive","100","0.3501614283445187","0.1421947075974697","0.41671481411041983","0.89"
"50","2","Coupled","kmeans","RMP","negative","100","0.0945933179511308","0.07883109956497798","0.06747602496943811","0.0"
"50","2","Coupled","kmeans","RMP","positive","100","0.25301961271034046","0.0862643870614022","0.2555054646982546","0.92"
"50","2","Coupled","kmeans","VV","negative","100","0.12046768099996497","0.08856684662539804","0.10731347474386957","0.0"
"50","2","Coupled","kmeans","VV","positive","100","0.2617994096434431","0.09766673000746037","0.29229358606661016","0.97"
"50","20","Coupled","agglomerative","AI","negative","100","0.19528577368408814","0.10350156951522112","0.21270029196935816","0.0"
"50","20","Coupled","agglomerative","AI","positive","100","0.37337212660859825","0.10284601981853216","0.3455002613450514","1.0"
"50","20","Coupled","agglomerative","EV","negative","100","0.28897594898432527","0.027392882830602573","0.2822641286054164","0.0"
"50","20","Coupled","agglomerative","EV","positive","100","0.6734777378277876","0.012187594520237417","0.6765653957360934","1.0"
"50","20","Coupled","agglomerative","PF","negative","100","0.22816918614722492","0.10327405699434881","0.2131199417216653","0.0"
"50","20","Coupled","agglomerative","PF","positive","100","0.3120302931277948","0.04155890482185677","0.3180048855276036","1.0"
"50","20","Coupled","agglomerative","PI","negative","100","0.08043082201415176","0.06488481816355494","0.06037758005101035","0.0"
"50","20","Coupled","agglomerative","PI","positive","100","0.4446613951361196","0.07737171023227302","0.4791979941270892","1.0"
"50","20","Coupled","agglomerative","RMP","negative","100","0.06330104958324206","0.04402348479890056","0.057399074541168854","0.0"
"50","20","Coupled","agglomerative","RMP","positive","100","0.5068158575258672","0.04612830127023985","0.5103312974040531","1.0"
"50","20","Coupled","agglomerative","VV","negative","100","0.08636205965470392","0.04792316700707229","0.08587222156402335","0.0"
"50","20","Coupled","agglomerative","VV","positive","100","0.5042791542999492","0.026748775823981143","0.5028613571466035","1.0"
"50","20","Coupled","gaussian","AI","negative","100","0.10960847704971881","0.06651978450411801","0.11204220276859439","0.0"
"50","20","Coupled","gaussian","AI","positive","100","0.3952635783591728","0.07068491422242111","0.37780325499457906","1.0"
"50","20","Coupled","gaussian","EV","negative","100","0.10641138352622954","0.046628396674205","0.09608602896523827","0.0"
"50","20","Coupled","gaussian","EV","positive","100","0.5465355471279706","0.037168347494223916","0.5554744587450153","1.0"
"50","20","Coupled","gaussian","PF","negative","100","0.10569492365224496","0.07189078422909387","0.10023058104000937","0.0"
"50","20","Coupled","gaussian","PF","positive","100","0.27701595563866266","0.04173299010857462","0.2767032115264587","1.0"
"50","20","Coupled","gaussian","PI","negative","100","0.07799911103311735","0.037661431059945114","0.0782441131816822","0.0"
"50","20","Coupled","gaussian","PI","positive","100","0.5203106715797575","0.042990573094484286","0.5213539761208574","1.0"
"50","20","Coupled","gaussian","RMP","negative","100","0.0537549131628214","0.033172125556209506","0.04852630560607771","0.0"
"50","20","Coupled","gaussian","RMP","positive","100","0.5502779128924447","0.029372701329592025","0.5496305020513123","1.0"
"50","20","Coupled","gaussian","VV","negative","100","0.08609515643381567","0.05263465362889193","0.09379407084812805","0.0"
"50","20","Coupled","gaussian","VV","positive","100","0.45486048931356604","0.02959482169385661","0.45263876356897714","1.0"
"50","20","Coupled","kmeans","AI","negative","100","0.12198814808813871","0.07208262903266098","0.12695393086426882","0.0"
"50","20","Coupled","kmeans","AI","positive","100","0.3355892478855568","0.07429904410791666","0.31514610427012674","1.0"
"50","20","Coupled","kmeans","EV","negative","100","0.08930119153737326","0.05506545097894416","0.08184950584332093","0.0"
"50","20","Coupled","kmeans","EV","positive","100","0.6684394258488965","0.06259225755302439","0.66217648203284","1.0"
"50","20","Coupled","kmeans","PF","negative","100","0.1809948241164596","0.07986084750499069","0.18202044945693463","0.0"
"50","20","Coupled","kmeans","PF","positive","100","0.3311132058710848","0.040354108394991164","0.33450658307969566","1.0"
"50","20","Coupled","kmeans","PI","negative","100","0.07199318874712198","0.052407726023961966","0.06284827681933747","0.0"
"50","20","Coupled","kmeans","PI","positive","100","0.5417381272000644","0.05081827347392111","0.5422266943433157","1.0"
"50","20","Coupled","kmeans","RMP","negative","100","0.1526711173426995","0.07412805790628219","0.1585868641932047","0.0"
"50","20","Coupled","kmeans","RMP","positive","100","0.4443048143305278","0.06203945990055813","0.4596966658913306","1.0"
"50","20","Coupled","kmeans","VV","negative","100","0.09310941195527452","0.05351194725018154","0.09375981112280432","0.0"
"50","20","Coupled","kmeans","VV","positive","100","0.45252748693133626","0.04627399469411617","0.4516021081340405","1.0"
"50","22","Coupled","agglomerative","AI","negative","100","0.21581203306909053","0.09499458105703613","0.22596613948799193","0.0"
"50","22","Coupled","agglomerative","AI","positive","100","0.3554221075346419","0.08940908967311186","0.33583576398581877","1.0"
"50","22","Coupled","agglomerative","EV","negative","100","0.2813046935721269","0.03880046283189763","0.2822641286054164","0.0"
"50","22","Coupled","agglomerative","EV","positive","100","0.6769611240904077","0.01056935674299006","0.6774153745127274","1.0"
"50","22","Coupled","agglomerative","PF","negative","100","0.23111795882688782","0.1053601731209784","0.22110168841474","0.0"
"50","22","Coupled","agglomerative","PF","positive","100","0.3054870085250454","0.03796373795103027","0.3067944677979742","1.0"
"50","22","Coupled","agglomerative","PI","negative","100","0.09232250359087027","0.07477705312478548","0.06323281920902443","0.0"
"50","22","Coupled","agglomerative","PI","positive","100","0.43971270147275077","0.08451836140736653","0.4839200176353067","1.0"
"50","22","Coupled","agglomerative","RMP","negative","100","0.06730150036992058","0.05447862044411612","0.05763295509133845","0.0"
"50","22","Coupled","agglomerative","RMP","positive","100","0.5072344763601212","0.04666796107356057","0.5091860194790496","1.0"
"50","22","Coupled","agglomerative","VV","negative","100","0.08389262994405489","0.046006514600246955","0.08687774141863924","0.0"
"50","22","Coupled","agglomerative","VV","positive","100","0.5156468073773852","0.02688548904309576","0.5137262515052481","1.0"
"50","22","Coupled","gaussian","AI","negative","100","0.1207282037862993","0.0639971877391845","0.12681968262013113","0.0"
"50","22","Coupled","gaussian","AI","positive","100","0.39085087836929916","0.0662931033625098","0.3796946067527842","1.0"
"50","22","Coupled","gaussian","EV","negative","100","0.09994583169079832","0.04954663254929662","0.09327102851180774","0.0"
"50","22","Coupled","gaussian","EV","positive","100","0.5590873647086168","0.028776796567206664","0.5630667073713452","1.0"
"50","22","Coupled","gaussian","PF","negative","100","0.11121628591094886","0.06257727291833806","0.1064948723531785","0.0"
"50","22","Coupled","gaussian","PF","positive","100","0.2925407100631481","0.04018545157416566","0.2920708537239395","1.0"
"50","22","Coupled","gaussian","PI","negative","100","0.08062240424021945","0.0387327142062951","0.08125176540014557","0.0"
"50","22","Coupled","gaussian","PI","positive","100","0.523950607512824","0.04621189447892409","0.5243665168449602","1.0"
"50","22","Coupled","gaussian","RMP","negative","100","0.05480281191413048","0.033502740934668644","0.047414775513686114","0.0"
"50","22","Coupled","gaussian","RMP","positive","100","0.56017301959647","0.03075696591349944","0.5607727756754348","1.0"
"50","22","Coupled","gaussian","VV","negative","100","0.08412715267595221","0.050692073926002515","0.07669327143434876","0.0"
"50","22","Coupled","gaussian","VV","positive","100","0.4701197716593141","0.02835826144054285","0.46998948026373466","1.0"
"50","22","Coupled","kmeans","AI","negative","100","0.1132146835945101","0.08132807877358884","0.09994875714928653","0.0"
"50","22","Coupled","kmeans","AI","positive","100","0.3388737253437483","0.08481798707587558","0.31858922666786255","1.0"
"50","22","Coupled","kmeans","EV","negative","100","0.09171619311334284","0.050655272397758085","0.08500398797263374","0.0"
"50","22","Coupled","kmeans","EV","positive","100","0.6707411449529316","0.05588734191777206","0.6604368755992869","1.0"
"50","22","Coupled","kmeans","PF","negative","100","0.17840583382913258","0.07892460112340444","0.18803615394098172","0.0"
"50","22","Coupled","kmeans","PF","positive","100","0.33857099467931173","0.03699360855315113","0.34005917914336686","1.0"
"50","22","Coupled","kmeans","PI","negative","100","0.07026214045117903","0.04736429415511371","0.06348845727713444","0.0"
"50","22","Coupled","kmeans","PI","positive","100","0.5450192229248347","0.04470410882261535","0.5479233427523906","1.0"
"50","22","Coupled","kmeans","RMP","negative","100","0.1631092372740001","0.06826693578663987","0.1713063558255824","0.0"
"50","22","Coupled","kmeans","RMP","positive","100","0.455309660118661","0.05805331387443909","0.4674896926519932","1.0"
"50","22","Coupled","kmeans","VV","negative","100","0.07893446424719545","0.04737332467564263","0.0803357429250468","0.0"
"50","22","Coupled","kmeans","VV","positive","100","0.47135210117129056","0.03478375429925095","0.47067300110086085","1.0"
"50","25","Coupled","agglomerative","AI","negative","100","0.21848477814440762","0.10088535888506284","0.24028558162468877","0.0"
"50","25","Coupled","agglomerative","AI","positive","100","0.35233199661631553","0.08128695532070722","0.33271233222887453","1.0"
"50","25","Coupled","agglomerative","EV","negative","100","0.23357410591667713","0.0634462178414407","0.24741994397193906","0.0"
"50","25","Coupled","agglomerative","EV","positive","100","0.6801282988796008","0.010583794358336946","0.6810964029258664","1.0"
"50","25","Coupled","agglomerative","PF","negative","100","0.221204807313104","0.09072302878359602","0.21033222729318543","0.0"
"50","25","Coupled","agglomerative","PF","positive","100","0.312132125379702","0.034307385407679344","0.30690891953151406","1.0"
"50","25","Coupled","agglomerative","PI","negative","100","0.09911202359296045","0.08307893302802923","0.06941470423672003","0.0"
"50","25","Coupled","agglomerative","PI","positive","100","0.4559116929970148","0.07387744791903121","0.48115210272426867","1.0"
"50","25","Coupled","agglomerative","RMP","negative","100","0.06818034315133147","0.04614043912261371","0.06430532006461182","0.0"
"50","25","Coupled","agglomerative","RMP","positive","100","0.49921970063839055","0.043245244551194086","0.48291196476136694","1.0"
"50","25","Coupled","agglomerative","VV","negative","100","0.07475950353339038","0.04789891730578055","0.06849491853628889","0.0"
"50","25","Coupled","agglomerative","VV","positive","100","0.5250666649612103","0.023993543245561497","0.5239842867121632","1.0"
"50","25","Coupled","gaussian","AI","negative","100","0.12131198632746257","0.06992282494690825","0.11243761211408816","0.0"
"50","25","Coupled","gaussian","AI","positive","100","0.40140773219041137","0.07063691943713551","0.38327264109028336","1.0"
"50","25","Coupled","gaussian","EV","negative","100","0.08782545695150777","0.0465387770620003","0.0864152495583774","0.0"
"50","25","Coupled","gaussian","EV","positive","100","0.5673336085916444","0.03532989425737765","0.5737862961624157","1.0"
"50","25","Coupled","gaussian","PF","negative","100","0.13554022095519117","0.06643103207007134","0.13256235541450093","0.0"
"50","25","Coupled","gaussian","PF","positive","100","0.2955264102142168","0.03489644957481963","0.293759397793209","1.0"
"50","25","Coupled","gaussian","PI","negative","100","0.08615019319123403","0.040074290923882205","0.08252850697277962","0.0"
"50","25","Coupled","gaussian","PI","positive","100","0.5396503519086836","0.04024135894850745","0.5418974782865777","1.0"
"50","25","Coupled","gaussian","RMP","negative","100","0.06284828269820766","0.03443177003369265","0.06372286358752202","0.0"
"50","25","Coupled","gaussian","RMP","positive","100","0.5733719979642531","0.02599193026103006","0.5747667880976441","1.0"
"50","25","Coupled","gaussian","VV","negative","100","0.09096845399265911","0.05076040111630151","0.0913290194039729","0.0"
"50","25","Coupled","gaussian","VV","positive","100","0.477613129032661","0.03135917767680554","0.48130377252354983","1.0"
"50","25","Coupled","kmeans","AI","negative","100","0.12100978071351237","0.07325505472607366","0.11968575740442325","0.0"
"50","25","Coupled","kmeans","AI","positive","100","0.3439758877805788","0.07533570331191393","0.32602755714681014","1.0"
"50","25","Coupled","kmeans","EV","negative","100","0.09264366769079313","0.04750625596970816","0.08594330063737513","0.0"
"50","25","Coupled","kmeans","EV","positive","100","0.6661831730482615","0.0619591942128729","0.6653992612265124","1.0"
"50","25","Coupled","kmeans","PF","negative","100","0.18150986746142808","0.06699066148960137","0.1803107068060036","0.0"
"50","25","Coupled","kmeans","PF","positive","100","0.33763381515036445","0.030335354982532172","0.33485168742395066","1.0"
"50","25","Coupled","kmeans","PI","negative","100","0.0705790616374441","0.04593917351455208","0.07093398477285545","0.0"
"50","25","Coupled","kmeans","PI","positive","100","0.5623299271164498","0.04548577278000049","0.5633221754646465","1.0"
"50","25","Coupled","kmeans","RMP","negative","100","0.15218257095781185","0.07114072151593183","0.16905777272249226","0.0"
"50","25","Coupled","kmeans","RMP","positive","100","0.4564738582903802","0.05654249481604495","0.4728584707732511","1.0"
"50","25","Coupled","kmeans","VV","negative","100","0.08993370797284113","0.05204757169671402","0.08314477906453188","0.0"
"50","25","Coupled","kmeans","VV","positive","100","0.4677865288351443","0.04440991267820859","0.47371753619847257","1.0"
"50","4","Coupled","agglomerative","AI","negative","100","0.1261803248108408","0.1081395449273604","0.07554333320248155","0.0"
"50","4","Coupled","agglomerative","AI","positive","100","0.3520333594574738","0.11275944909762471","0.39510110371490303","1.0"
"50","4","Coupled","agglomerative","EV","negative","100","0.31910409960508673","0.02001483751743553","0.3177103337763922","0.0"
"50","4","Coupled","agglomerative","EV","positive","100","0.586031788685255","0.027362963031741024","0.5889581578512386","1.0"
"50","4","Coupled","agglomerative","PF","negative","100","0.1921136445136497","0.09007334166058922","0.19428108067486677","0.0"
"50","4","Coupled","agglomerative","PF","positive","100","0.17640664105223947","0.09569919200103577","0.17198894007824356","0.98"
"50","4","Coupled","agglomerative","PI","negative","100","0.09684306680188948","0.054709619155508635","0.09507461591072508","0.0"
"50","4","Coupled","agglomerative","PI","positive","100","0.3044739232995803","0.10977291357079431","0.3142696011632652","1.0"
"50","4","Coupled","agglomerative","RMP","negative","100","0.06891468405933696","0.07454399355544661","0.03667237374406532","0.0"
"50","4","Coupled","agglomerative","RMP","positive","100","0.42857475535598516","0.06796203220174926","0.43669002029763715","1.0"
"50","4","Coupled","agglomerative","VV","negative","100","0.12079182771042409","0.08253257606688232","0.1245084373468559","0.0"
"50","4","Coupled","agglomerative","VV","positive","100","0.31826229136425066","0.06192099987620666","0.32215962774160845","1.0"
"50","4","Coupled","gaussian","AI","negative","100","0.0838574529088501","0.044209141590182015","0.07619136636034217","0.0"
"50","4","Coupled","gaussian","AI","positive","100","0.29582415890645947","0.07445494831162072","0.3131236870978199","1.0"
"50","4","Coupled","gaussian","EV","negative","100","0.139961671249622","0.07375481588591828","0.1459232883263779","0.0"
"50","4","Coupled","gaussian","EV","positive","100","0.36598580541024367","0.05986845113748133","0.3818226203004693","1.0"
"50","4","Coupled","gaussian","PF","negative","100","0.09152737091432657","0.06255230614953668","0.08849518207453239","0.0"
"50","4","Coupled","gaussian","PF","positive","100","0.11812454463803507","0.06025279534745853","0.12182719587267504","0.93"
"50","4","Coupled","gaussian","PI","negative","100","0.06124734011688881","0.043865345232757175","0.05427379370757096","0.0"
"50","4","Coupled","gaussian","PI","positive","100","0.3327169892019974","0.055742830847641145","0.34173747394259646","1.0"
"50","4","Coupled","gaussian","RMP","negative","100","0.053150845144228735","0.05587895128960412","0.03244497515658101","0.0"
"50","4","Coupled","gaussian","RMP","positive","100","0.373992191845944","0.07510014891494077","0.3871680202901031","1.0"
"50","4","Coupled","gaussian","VV","negative","100","0.051631857396694035","0.042600332934736335","0.035592465821296465","0.0"
"50","4","Coupled","gaussian","VV","positive","100","0.28553309858597314","0.06881251792311614","0.2979331947590065","1.0"
"50","4","Coupled","kmeans","AI","negative","100","0.15678850562312224","0.10798187756916758","0.12577426975448086","0.0"
"50","4","Coupled","kmeans","AI","positive","100","0.3118233994967198","0.11502869233070909","0.3164066484731175","1.0"
"50","4","Coupled","kmeans","EV","negative","100","0.2260161316982741","0.08129688312242613","0.23800338627821188","0.0"
"50","4","Coupled","kmeans","EV","positive","100","0.644937013132841","0.08739691416549208","0.6684679489419246","1.0"
"50","4","Coupled","kmeans","PF","negative","100","0.15317201737138134","0.09859661702168127","0.1383173363765367","0.0"
"50","4","Coupled","kmeans","PF","positive","100","0.18071256527917495","0.09213970993994754","0.18081034031379767","0.95"
"50","4","Coupled","kmeans","PI","negative","100","0.11465883069595235","0.07058065535538452","0.10629399029974441","0.0"
"50","4","Coupled","kmeans","PI","positive","100","0.4045081094890022","0.09677384632297223","0.42926487595998886","1.0"
"50","4","Coupled","kmeans","RMP","negative","100","0.1055383628557962","0.08530467303975557","0.08693487112674905","0.0"
"50","4","Coupled","kmeans","RMP","positive","100","0.318125709196179","0.08245284236203398","0.33764081371936383","0.98"
"50","4","Coupled","kmeans","VV","negative","100","0.11123216467879704","0.08552734885761967","0.11003999560867991","0.0"
"50","4","Coupled","kmeans","VV","positive","100","0.3312815551612186","0.07994832382361355","0.36022432815084815","0.99"
"50","5","Coupled","agglomerative","AI","negative","100","0.11305042283186664","0.09932025244917199","0.08048682454411618","0.0"
"50","5","Coupled","agglomerative","AI","positive","100","0.36017805830676086","0.1151421195871735","0.3768031034986933","1.0"
"50","5","Coupled","agglomerative","EV","negative","100","0.31715845470658377","0.020005848601385556","0.3177103337763922","0.0"
"50","5","Coupled","agglomerative","EV","positive","100","0.6019607282351536","0.02648542579944243","0.6059807902388276","1.0"
"50","5","Coupled","agglomerative","PF","negative","100","0.2049772601694884","0.09248595245756086","0.20222389673731445","0.0"
"50","5","Coupled","agglomerative","PF","positive","100","0.20080832743988716","0.09402219724382621","0.20292053733766552","1.0"
"50","5","Coupled","agglomerative","PI","negative","100","0.09521771222224668","0.057375431809213444","0.07767237623450621","0.0"
"50","5","Coupled","agglomerative","PI","positive","100","0.3329537931248845","0.09782337487871651","0.3316162376281655","1.0"
"50","5","Coupled","agglomerative","RMP","negative","100","0.07176723275612855","0.07080664384478504","0.04121486355196699","0.0"
"50","5","Coupled","agglomerative","RMP","positive","100","0.4547212142212992","0.0640367435110019","0.46508328189038395","1.0"
"50","5","Coupled","agglomerative","VV","negative","100","0.09904497223725497","0.067137976013995","0.09906831809028122","0.0"
"50","5","Coupled","agglomerative","VV","positive","100","0.3432653684462725","0.058230906427269864","0.34705074632196414","1.0"
"50","5","Coupled","gaussian","AI","negative","100","0.10250588410080143","0.058270959681998184","0.09010620056636781","0.0"
"50","5","Coupled","gaussian","AI","positive","100","0.3261655133258866","0.0843339171009793","0.3235048166283423","1.0"
"50","5","Coupled","gaussian","EV","negative","100","0.14741317557084316","0.08744827931436003","0.13666725928465012","0.0"
"50","5","Coupled","gaussian","EV","positive","100","0.421534558093431","0.06561292024889366","0.4327537463033362","1.0"
"50","5","Coupled","gaussian","PF","negative","100","0.10621390172650318","0.0764253126522213","0.09485530315858606","0.0"
"50","5","Coupled","gaussian","PF","positive","100","0.14161530458033164","0.0709308986998679","0.14961050721001543","0.93"
"50","5","Coupled","gaussian","PI","negative","100","0.054831326704460955","0.03780058098625773","0.04804411466539649","0.0"
"50","5","Coupled","gaussian","PI","positive","100","0.38109992587865954","0.05344175142858718","0.384792024981243","1.0"
"50","5","Coupled","gaussian","RMP","negative","100","0.04629871142575384","0.0368813926985811","0.03640726129080782","0.0"
"50","5","Coupled","gaussian","RMP","positive","100","0.4306181513599611","0.06051836257793919","0.43579430791665197","1.0"
"50","5","Coupled","gaussian","VV","negative","100","0.05472824497261703","0.05177144861413146","0.033944333446246644","0.0"
"50","5","Coupled","gaussian","VV","positive","100","0.33209127986365006","0.06527143789597734","0.3444229808961178","1.0"
"50","5","Coupled","kmeans","AI","negative","100","0.13600889824043091","0.11457916148166362","0.09294353112298309","0.0"
"50","5","Coupled","kmeans","AI","positive","100","0.31148321233486553","0.1073027119691417","0.29815592479865594","1.0"
"50","5","Coupled","kmeans","EV","negative","100","0.20182255027893825","0.06912355262184237","0.19680650648029446","0.0"
"50","5","Coupled","kmeans","EV","positive","100","0.6526293578936678","0.08043986479724688","0.677994242060813","1.0"
"50","5","Coupled","kmeans","PF","negative","100","0.14708298038771317","0.10416720249558638","0.11758575325465558","0.0"
"50","5","Coupled","kmeans","PF","positive","100","0.1998638862176927","0.0984487157810507","0.2072238743293046","0.93"
"50","5","Coupled","kmeans","PI","negative","100","0.12068641159968035","0.07623490409664455","0.11721002956914438","0.0"
"50","5","Coupled","kmeans","PI","positive","100","0.4442855974211031","0.06689215848801665","0.4598348481376908","1.0"
"50","5","Coupled","kmeans","RMP","negative","100","0.11519189843294057","0.08622696227740083","0.10412053879788755","0.0"
"50","5","Coupled","kmeans","RMP","positive","100","0.3491966701533126","0.07957643553497264","0.3644417772575858","1.0"
"50","5","Coupled","kmeans","VV","negative","100","0.11850634145542659","0.07180035115422477","0.10632656100751381","0.0"
"50","5","Coupled","kmeans","VV","positive","100","0.3464726386149305","0.07537339235471835","0.3703661711494743","1.0"
"50","7","Coupled","agglomerative","AI","negative","100","0.13581925963410463","0.09110171886341561","0.11979654070180598","0.0"
"50","7","Coupled","agglomerative","AI","positive","100","0.3712314352230338","0.1215937404178647","0.3911229502531482","1.0"
"50","7","Coupled","agglomerative","EV","negative","100","0.3194051236723323","0.018392692362368807","0.3177103337763922","0.0"
"50","7","Coupled","agglomerative","EV","positive","100","0.6244067508856784","0.021998328621788445","0.6259906583717145","1.0"
"50","7","Coupled","agglomerative","PF","negative","100","0.21599799630226013","0.0917893617025856","0.21788651078546464","0.0"
"50","7","Coupled","agglomerative","PF","positive","100","0.24427518047864666","0.07618911193577044","0.24567570711696357","1.0"
"50","7","Coupled","agglomerative","PI","negative","100","0.07397611020599722","0.04834651428066029","0.05631807715059456","0.0"
"50","7","Coupled","agglomerative","PI","positive","100","0.3533248993149931","0.09845163932146772","0.3744460223592232","1.0"
"50","7","Coupled","agglomerative","RMP","negative","100","0.059467491949039185","0.053331368150038","0.04362913671385801","0.0"
"50","7","Coupled","agglomerative","RMP","positive","100","0.47753552245174063","0.057103104955073286","0.4846676301770117","1.0"
"50","7","Coupled","agglomerative","VV","negative","100","0.08136836034416067","0.056734138516474644","0.07852256162748739","0.0"
"50","7","Coupled","agglomerative","VV","positive","100","0.380414907408868","0.045191178479444725","0.37930484227597605","1.0"
"50","7","Coupled","gaussian","AI","negative","100","0.08509301448307525","0.04992817686484953","0.07955762287426735","0.0"
"50","7","Coupled","gaussian","AI","positive","100","0.3288854071144323","0.08798737126337877","0.33211112875625814","1.0"
"50","7","Coupled","gaussian","EV","negative","100","0.13042431102399488","0.0780261507374845","0.12155927971405046","0.0"
"50","7","Coupled","gaussian","EV","positive","100","0.43306609967051934","0.0523090895109055","0.44642623474237675","1.0"
"50","7","Coupled","gaussian","PF","negative","100","0.0835196210624918","0.06424620078618677","0.07304595064719537","0.0"
"50","7","Coupled","gaussian","PF","positive","100","0.18150419209500998","0.05210106811591883","0.1800886627096518","1.0"
"50","7","Coupled","gaussian","PI","negative","100","0.059144931328033765","0.0394754353655908","0.05555484518323807","0.0"
"50","7","Coupled","gaussian","PI","positive","100","0.3975594608878275","0.05334045801314582","0.4058381629785577","1.0"
"50","7","Coupled","gaussian","RMP","negative","100","0.039967816878275976","0.03923863819486018","0.030122156403383477","0.0"
"50","7","Coupled","gaussian","RMP","positive","100","0.4493095754607278","0.04722603169715606","0.45279581893097465","1.0"
"50","7","Coupled","gaussian","VV","negative","100","0.05740885509104143","0.047643617909141775","0.04185150006860744","0.0"
"50","7","Coupled","gaussian","VV","positive","100","0.34026435009262834","0.041928082389298765","0.3458729009666941","1.0"
"50","7","Coupled","kmeans","AI","negative","100","0.14144566121407695","0.09567607942437176","0.12553179111075358","0.0"
"50","7","Coupled","kmeans","AI","positive","100","0.30795878034684504","0.11740164432645032","0.3158073394621088","1.0"
"50","7","Coupled","kmeans","EV","negative","100","0.18613208572176007","0.07613099897427074","0.19666559145705098","0.0"
"50","7","Coupled","kmeans","EV","positive","100","0.6752833051912975","0.07116770384496678","0.70428053807038","1.0"
"50","7","Coupled","kmeans","PF","negative","100","0.15623510325151294","0.09244494943938042","0.13704004177532295","0.0"
"50","7","Coupled","kmeans","PF","positive","100","0.25814349670024234","0.06306951150537846","0.2608137205178973","1.0"
"50","7","Coupled","kmeans","PI","negative","100","0.093582122945085","0.05589599987974002","0.09004597258860988","0.0"
"50","7","Coupled","kmeans","PI","positive","100","0.47870996374973757","0.06496649940574296","0.47844681511444476","1.0"
"50","7","Coupled","kmeans","RMP","negative","100","0.1312742084332195","0.08258785206471422","0.13770506682014041","0.0"
"50","7","Coupled","kmeans","RMP","positive","100","0.3798671327132159","0.07793777954523255","0.3959436686158696","1.0"
"50","7","Coupled","kmeans","VV","negative","100","0.1100663198721339","0.07500465983134834","0.10218035336358022","0.0"
"50","7","Coupled","kmeans","VV","positive","100","0.37800660943902803","0.0576617453434424","0.39129010664810243","1.0"
"75","1","Coupled","agglomerative","AI","negative","100","0.13541787587576232","0.16557312950446057","0.05546521293004181","0.0"
"75","1","Coupled","agglomerative","AI","positive","100","0.12881797246853582","0.06941130155124366","0.12598196323467425","0.86"
"75","1","Coupled","agglomerative","EV","negative","100","0.24522579123122312","0.02980328198319883","0.2514408742013448","0.0"
"75","1","Coupled","agglomerative","EV","positive","100","0.506108509903705","0.08168406169338459","0.5345170940765546","1.0"
"75","1","Coupled","agglomerative","PF","negative","100","0.10634192613357638","0.07457098713531056","0.11921954835807322","0.0"
"75","1","Coupled","agglomerative","PF","positive","100","0.120661074021784","0.05226489544097952","0.11542864408340353","0.74"
"75","1","Coupled","agglomerative","PI","negative","100","0.17585873253754652","0.05539400567033704","0.20213348373566975","0.0"
"75","1","Coupled","agglomerative","PI","positive","100","0.20359529972458304","0.11139154246579498","0.20738889903799368","0.61"
"75","1","Coupled","agglomerative","RMP","negative","100","0.183076141550357","0.0706431988895674","0.24059050295248458","0.0"
"75","1","Coupled","agglomerative","RMP","positive","100","0.08000530693363911","0.06673436474443348","0.06371409644363218","0.9"
"75","1","Coupled","agglomerative","VV","negative","100","0.20355732124510623","0.0838315616767787","0.21466288156328506","0.0"
"75","1","Coupled","agglomerative","VV","positive","100","0.15654259278693503","0.13062181805506765","0.23281557557250146","0.65"
"75","1","Coupled","gaussian","AI","negative","100","0.05826788681707185","0.027120377996349646","0.05733632417506371","0.0"
"75","1","Coupled","gaussian","AI","positive","100","0.14739348828764323","0.08003246406659656","0.16261112150982313","0.73"
"75","1","Coupled","gaussian","EV","negative","100","0.15267546016137024","0.1207191702256895","0.22163818462973758","0.0"
"75","1","Coupled","gaussian","EV","positive","100","0.2194729963942883","0.08108103266136209","0.21838221517189757","0.86"
"75","1","Coupled","gaussian","PF","negative","100","0.0854755751480998","0.04488056076727653","0.09598699801364183","0.0"
"75","1","Coupled","gaussian","PF","positive","100","0.09810599600229777","0.03465872273165354","0.10418227773986122","0.49"
"75","1","Coupled","gaussian","PI","negative","100","0.03985871650190976","0.019894656410079946","0.044589014747393185","0.0"
"75","1","Coupled","gaussian","PI","positive","100","0.24129310844483892","0.13242948666056886","0.31945443239371085","1.0"
"75","1","Coupled","gaussian","RMP","negative","100","0.06064237905849614","0.04714175571259229","0.06376602746038262","0.0"
"75","1","Coupled","gaussian","RMP","positive","100","0.20651158697109612","0.127348541089665","0.2811239107873774","0.9"
"75","1","Coupled","gaussian","VV","negative","100","0.0776674118571669","0.02832739099674927","0.0840723602257306","0.0"
"75","1","Coupled","gaussian","VV","positive","100","0.13183185459642052","0.09722081128273131","0.191046621059121","0.83"
"75","1","Coupled","kmeans","AI","negative","100","0.12380908750769277","0.06921078909842542","0.1252800324930059","0.0"
"75","1","Coupled","kmeans","AI","positive","100","0.21106246462487754","0.09828321841267287","0.2518094431461066","0.65"
"75","1","Coupled","kmeans","EV","negative","100","0.23802553981733354","0.08667133412920283","0.2707981965244277","0.0"
"75","1","Coupled","kmeans","EV","positive","100","0.41343122387689163","0.11266646002175931","0.4474208064264881","0.97"
"75","1","Coupled","kmeans","PF","negative","100","0.09329165596882298","0.1134203812765713","0.04321420169225395","0.0"
"75","1","Coupled","kmeans","PF","positive","100","0.08576065842425949","0.09243301677263951","0.04760282249887382","0.37"
"75","1","Coupled","kmeans","PI","negative","100","0.1976228897799297","0.07414053211108196","0.18650234941081792","0.0"
"75","1","Coupled","kmeans","PI","positive","100","0.2476866775099586","0.14282854681266172","0.3270118760071892","0.68"
"75","1","Coupled","kmeans","RMP","negative","100","0.05023163620911556","0.053162258601472716","0.026524362922698747","0.0"
"75","1","Coupled","kmeans","RMP","positive","100","0.15596201586198583","0.07398283587092236","0.162961808460353","0.79"
"75","1","Coupled","kmeans","VV","negative","100","0.10190335627965226","0.09974349013314421","0.06555814260749636","0.0"
"75","1","Coupled","kmeans","VV","positive","100","0.13034399548927333","0.0794879498220794","0.09071468335353777","0.74"
"75","10","Coupled","agglomerative","AI","negative","100","0.13511144266024785","0.0899195407046236","0.11762700420685135","0.0"
"75","10","Coupled","agglomerative","AI","positive","100","0.36339171045132823","0.11832865563342079","0.3452781065886333","1.0"
"75","10","Coupled","agglomerative","EV","negative","100","0.22859140576525697","0.03923277928890205","0.22427843563208247","0.0"
"75","10","Coupled","agglomerative","EV","positive","100","0.726760549154975","0.027037081603394936","0.7319659340293689","1.0"
"75","10","Coupled","agglomerative","PF","negative","100","0.19503035159890772","0.08876092331956316","0.18249904857966046","0.0"
"75","10","Coupled","agglomerative","PF","positive","100","0.32978631384558993","0.06032284256159938","0.33403239513657823","1.0"
"75","10","Coupled","agglomerative","PI","negative","100","0.07377009615726729","0.05010791996942008","0.07090995349157486","0.0"
"75","10","Coupled","agglomerative","PI","positive","100","0.5062348961391606","0.04423099314670366","0.5094814351640498","1.0"
"75","10","Coupled","agglomerative","RMP","negative","100","0.05938721152324112","0.035286824616316444","0.06020727280879115","0.0"
"75","10","Coupled","agglomerative","RMP","positive","100","0.3505223646168924","0.049561943711476694","0.3635994222097809","1.0"
"75","10","Coupled","agglomerative","VV","negative","100","0.11889977446258998","0.07483198886875485","0.11072072507586678","0.0"
"75","10","Coupled","agglomerative","VV","positive","100","0.4463185888473237","0.0372577763185985","0.45086869707449995","1.0"
"75","10","Coupled","gaussian","AI","negative","100","0.10081397161654064","0.05331343081862738","0.08893490892510114","0.0"
"75","10","Coupled","gaussian","AI","positive","100","0.3754836627327748","0.07393477334286908","0.3657792521733822","1.0"
"75","10","Coupled","gaussian","EV","negative","100","0.12764572714711014","0.07803197772863261","0.14564610617094137","0.0"
"75","10","Coupled","gaussian","EV","positive","100","0.4668072865475276","0.04166206607592162","0.4771253782621271","1.0"
"75","10","Coupled","gaussian","PF","negative","100","0.08982066651967459","0.058897950060035856","0.08311311541829566","0.0"
"75","10","Coupled","gaussian","PF","positive","100","0.21014955292770432","0.049746722076151495","0.21557235269233305","1.0"
"75","10","Coupled","gaussian","PI","negative","100","0.04704844884042205","0.02471427468005478","0.05009616830901191","0.0"
"75","10","Coupled","gaussian","PI","positive","100","0.489288798163815","0.0425012852472111","0.4962427499646127","1.0"
"75","10","Coupled","gaussian","RMP","negative","100","0.034669381910779465","0.034129031680284236","0.024129166582463557","0.0"
"75","10","Coupled","gaussian","RMP","positive","100","0.4981195333137108","0.041160721615530124","0.5080823949375768","1.0"
"75","10","Coupled","gaussian","VV","negative","100","0.049425884900993505","0.0324055531802067","0.04408222294740055","0.0"
"75","10","Coupled","gaussian","VV","positive","100","0.3788583864862877","0.03370107900664603","0.3786539366666867","1.0"
"75","10","Coupled","kmeans","AI","negative","100","0.11305720702040256","0.08179177246087806","0.0968312441718546","0.0"
"75","10","Coupled","kmeans","AI","positive","100","0.3046845194840174","0.05214049045034716","0.3129022547418242","1.0"
"75","10","Coupled","kmeans","EV","negative","100","0.1631354482977887","0.07432062018938111","0.15983724819219997","0.0"
"75","10","Coupled","kmeans","EV","positive","100","0.6038750106456754","0.08129294816890052","0.6449483021030239","1.0"
"75","10","Coupled","kmeans","PF","negative","100","0.16877811842490328","0.08471463832246298","0.16781310982051295","0.0"
"75","10","Coupled","kmeans","PF","positive","100","0.2265109665630924","0.0564189910536578","0.23683315013003775","1.0"
"75","10","Coupled","kmeans","PI","negative","100","0.0861800796874814","0.062330995225614756","0.07526445753453613","0.0"
"75","10","Coupled","kmeans","PI","positive","100","0.4758417873123161","0.05657835247416461","0.48741370097857145","1.0"
"75","10","Coupled","kmeans","RMP","negative","100","0.10072551479076156","0.05852111768476331","0.10229634932336981","0.0"
"75","10","Coupled","kmeans","RMP","positive","100","0.40749406234780344","0.050857956389528766","0.41931888760135966","1.0"
"75","10","Coupled","kmeans","VV","negative","100","0.09772024392789799","0.05914514449185615","0.09497179755029009","0.0"
"75","10","Coupled","kmeans","VV","positive","100","0.38797756022300367","0.04277901356888387","0.3914539706675891","1.0"
"75","12","Coupled","agglomerative","AI","negative","100","0.14422378322149776","0.09089412450180723","0.14274777776546047","0.0"
"75","12","Coupled","agglomerative","AI","positive","100","0.38495253927093","0.12469507207002559","0.38171393715573276","1.0"
"75","12","Coupled","agglomerative","EV","negative","100","0.23185951406080998","0.03585527073261169","0.22427843563208247","0.0"
"75","12","Coupled","agglomerative","EV","positive","100","0.7348644193281256","0.02631935685500826","0.740306134264344","1.0"
"75","12","Coupled","agglomerative","PF","negative","100","0.19391844744998765","0.07440038751621948","0.19553969714151184","0.0"
"75","12","Coupled","agglomerative","PF","positive","100","0.3377302025958976","0.05565147158080639","0.34450410144218296","1.0"
"75","12","Coupled","agglomerative","PI","negative","100","0.07326861443876066","0.04699660305393783","0.06979225408631895","0.0"
"75","12","Coupled","agglomerative","PI","positive","100","0.5196791270078186","0.0435012380387804","0.5258929926465776","1.0"
"75","12","Coupled","agglomerative","RMP","negative","100","0.060219033690964846","0.028816112552797223","0.06277010767019672","0.0"
"75","12","Coupled","agglomerative","RMP","positive","100","0.36963378694662785","0.04873158422807625","0.3879566442929029","1.0"
"75","12","Coupled","agglomerative","VV","negative","100","0.11358935893095069","0.06033061369744474","0.1049111201562375","0.0"
"75","12","Coupled","agglomerative","VV","positive","100","0.46383646355021363","0.0284707035448315","0.4658367436404682","1.0"
"75","12","Coupled","gaussian","AI","negative","100","0.10570158048760653","0.052141394450633635","0.10354753899311094","0.0"
"75","12","Coupled","gaussian","AI","positive","100","0.37278617455238594","0.07374217863239015","0.3580567666194331","1.0"
"75","12","Coupled","gaussian","EV","negative","100","0.10461737483965512","0.06687901746601244","0.09400820903547955","0.0"
"75","12","Coupled","gaussian","EV","positive","100","0.4560763306140783","0.03679713552623101","0.4560243596616183","1.0"
"75","12","Coupled","gaussian","PF","negative","100","0.08662313660813266","0.054112646871506874","0.08311252540238484","0.0"
"75","12","Coupled","gaussian","PF","positive","100","0.20917879931273448","0.049476430147243435","0.2140748949263578","1.0"
"75","12","Coupled","gaussian","PI","negative","100","0.04275954823409541","0.023401300065158833","0.046284847631240744","0.0"
"75","12","Coupled","gaussian","PI","positive","100","0.4804336246255591","0.03512576694651912","0.4841847108382432","1.0"
"75","12","Coupled","gaussian","RMP","negative","100","0.031210511317799828","0.034338330176686686","0.015670096671991457","0.0"
"75","12","Coupled","gaussian","RMP","positive","100","0.5040672818814106","0.032732456296762705","0.5080612106491134","1.0"
"75","12","Coupled","gaussian","VV","negative","100","0.04383112247993389","0.028026003675337818","0.03722967088706103","0.0"
"75","12","Coupled","gaussian","VV","positive","100","0.3768908405293031","0.02917165007452697","0.37807128864157985","1.0"
"75","12","Coupled","kmeans","AI","negative","100","0.13778609465747924","0.09834547427605486","0.12125980091724933","0.0"
"75","12","Coupled","kmeans","AI","positive","100","0.30319694550667825","0.06805785995979365","0.31848585969132026","1.0"
"75","12","Coupled","kmeans","EV","negative","100","0.17540745693754073","0.08367582330101142","0.17909033587328255","0.0"
"75","12","Coupled","kmeans","EV","positive","100","0.5883104609124421","0.0869448592584818","0.612628446815509","1.0"
"75","12","Coupled","kmeans","PF","negative","100","0.2105628420430485","0.0896630096895633","0.22002454024821777","0.0"
"75","12","Coupled","kmeans","PF","positive","100","0.22437695549630432","0.05903331576574732","0.23253116004207836","1.0"
"75","12","Coupled","kmeans","PI","negative","100","0.08705810652033252","0.067430046203498","0.07311814957525098","0.0"
"75","12","Coupled","kmeans","PI","positive","100","0.4979155887030243","0.050607798496661804","0.5016483783020375","1.0"
"75","12","Coupled","kmeans","RMP","negative","100","0.10973497620516456","0.05920591116623173","0.1073193703668398","0.0"
"75","12","Coupled","kmeans","RMP","positive","100","0.42997699256183775","0.0435998683900962","0.4436716566249129","1.0"
"75","12","Coupled","kmeans","VV","negative","100","0.1128394266971437","0.06334135141320366","0.10255189824249444","0.0"
"75","12","Coupled","kmeans","VV","positive","100","0.4055455786415197","0.03295623299644127","0.4114409428378234","1.0"
"75","15","Coupled","agglomerative","AI","negative","100","0.17565601619536242","0.09485303754094682","0.1874264258348689","0.0"
"75","15","Coupled","agglomerative","AI","positive","100","0.3783545332002531","0.11717180297920594","0.34040680165061193","1.0"
"75","15","Coupled","agglomerative","EV","negative","100","0.2338308443101386","0.038804593264666246","0.22427843563208247","0.0"
"75","15","Coupled","agglomerative","EV","positive","100","0.7501553359382608","0.02634660177942597","0.756952567008155","1.0"
"75","15","Coupled","agglomerative","PF","negative","100","0.21965838591707001","0.09146345795681082","0.21877210571213562","0.0"
"75","15","Coupled","agglomerative","PF","positive","100","0.35105739091744875","0.052525661177839786","0.3541116811990028","1.0"
"75","15","Coupled","agglomerative","PI","negative","100","0.0694013338039979","0.04408479734493117","0.05698127075848414","0.0"
"75","15","Coupled","agglomerative","PI","positive","100","0.5552448553524126","0.0341829449314215","0.559186897145004","1.0"
"75","15","Coupled","agglomerative","RMP","negative","100","0.05264976533981999","0.04237599617423229","0.05012575607964592","0.0"
"75","15","Coupled","agglomerative","RMP","positive","100","0.3788284238881127","0.04175504243117999","0.38705958612216584","1.0"
"75","15","Coupled","agglomerative","VV","negative","100","0.08060971756659617","0.05870832188517859","0.07623453337072032","0.0"
"75","15","Coupled","agglomerative","VV","positive","100","0.48414639872378795","0.027116736423552005","0.48770672558651584","1.0"
"75","15","Coupled","gaussian","AI","negative","100","0.12269704616071529","0.05624092092834611","0.11973750292110516","0.0"
"75","15","Coupled","gaussian","AI","positive","100","0.3933941125729535","0.06755889363817551","0.37713137548624764","1.0"
"75","15","Coupled","gaussian","EV","negative","100","0.1093636290046847","0.06584752334124583","0.09318202070854664","0.0"
"75","15","Coupled","gaussian","EV","positive","100","0.5117253034684578","0.03397088217732245","0.5117424589577768","1.0"
"75","15","Coupled","gaussian","PF","negative","100","0.105458184036045","0.06450913025399378","0.10157721509692996","0.0"
"75","15","Coupled","gaussian","PF","positive","100","0.24405296163627616","0.042391273177957926","0.2426466727173456","1.0"
"75","15","Coupled","gaussian","PI","negative","100","0.047720228350083056","0.025353863778805136","0.0492807118438512","0.0"
"75","15","Coupled","gaussian","PI","positive","100","0.5287370848459466","0.03880216325840931","0.5352677622621227","1.0"
"75","15","Coupled","gaussian","RMP","negative","100","0.04370708231303484","0.04070524728511832","0.028601250914940646","0.0"
"75","15","Coupled","gaussian","RMP","positive","100","0.535795812204585","0.026959397731296263","0.5377430226511476","1.0"
"75","15","Coupled","gaussian","VV","negative","100","0.05314079152685597","0.033967502469993985","0.04654215000057599","0.0"
"75","15","Coupled","gaussian","VV","positive","100","0.4228291304541099","0.02739091801223759","0.42192312089554995","1.0"
"75","15","Coupled","kmeans","AI","negative","100","0.15032572004087852","0.09281941234339029","0.15683800473417747","0.0"
"75","15","Coupled","kmeans","AI","positive","100","0.30568437704476836","0.05330555144176402","0.3173517807244623","1.0"
"75","15","Coupled","kmeans","EV","negative","100","0.17369415746514602","0.07909844970822047","0.17458947082340748","0.0"
"75","15","Coupled","kmeans","EV","positive","100","0.5971695567233373","0.08192507580952374","0.571501192750443","1.0"
"75","15","Coupled","kmeans","PF","negative","100","0.22369466640798524","0.08685326949476131","0.22502865765287144","0.0"
"75","15","Coupled","kmeans","PF","positive","100","0.23099982547370107","0.05313363985951162","0.24029485636558823","1.0"
"75","15","Coupled","kmeans","PI","negative","100","0.10927136133553118","0.0688602781695509","0.10588611440549808","0.0"
"75","15","Coupled","kmeans","PI","positive","100","0.4959536681919964","0.04931474473399003","0.4983589118415662","1.0"
"75","15","Coupled","kmeans","RMP","negative","100","0.12341467845433211","0.06298491719757203","0.13179261761813044","0.0"
"75","15","Coupled","kmeans","RMP","positive","100","0.44003256524449236","0.04487249045422049","0.4568652489552024","1.0"
"75","15","Coupled","kmeans","VV","negative","100","0.11505170688160739","0.06835641603113522","0.11132664222132538","0.0"
"75","15","Coupled","kmeans","VV","positive","100","0.41309696604052143","0.03227258868558187","0.4170044928293069","1.0"
"75","18","Coupled","agglomerative","AI","negative","100","0.18463550269514414","0.09074337824085263","0.1985148860170565","0.0"
"75","18","Coupled","agglomerative","AI","positive","100","0.38547441573496166","0.10582832021010669","0.3576578410831461","1.0"
"75","18","Coupled","agglomerative","EV","negative","100","0.23178976664304646","0.041330799224303126","0.22427843563208247","0.0"
"75","18","Coupled","agglomerative","EV","positive","100","0.7543657163540722","0.0270347825301672","0.7607603277406356","1.0"
"75","18","Coupled","agglomerative","PF","negative","100","0.20625846547538157","0.07275404241829786","0.20835194942528415","0.0"
"75","18","Coupled","agglomerative","PF","positive","100","0.3621434421433525","0.04678977040145236","0.3573953485575688","1.0"
"75","18","Coupled","agglomerative","PI","negative","100","0.06628759176795943","0.04706700048471968","0.0546349317596532","0.0"
"75","18","Coupled","agglomerative","PI","positive","100","0.5681346329326121","0.0356056265842167","0.5761509649810731","1.0"
"75","18","Coupled","agglomerative","RMP","negative","100","0.0590508120654111","0.036129387223878026","0.05851386393735339","0.0"
"75","18","Coupled","agglomerative","RMP","positive","100","0.3932450937550814","0.045903927061270146","0.3958637537443994","1.0"
"75","18","Coupled","agglomerative","VV","negative","100","0.0850341903288096","0.06381057903139524","0.07173502709157606","0.0"
"75","18","Coupled","agglomerative","VV","positive","100","0.5080267387759906","0.025754944714983893","0.5114451198424828","1.0"
"75","18","Coupled","gaussian","AI","negative","100","0.1131052845522815","0.05624096279960674","0.1176379247513168","0.0"
"75","18","Coupled","gaussian","AI","positive","100","0.4125125347192906","0.06460951343187478","0.40993540375714965","1.0"
"75","18","Coupled","gaussian","EV","negative","100","0.10278875754525325","0.060722751282929","0.08746197236753189","0.0"
"75","18","Coupled","gaussian","EV","positive","100","0.5295229228806442","0.03287676768345151","0.5281980335973793","1.0"
"75","18","Coupled","gaussian","PF","negative","100","0.1074279299957413","0.05524475146518166","0.10321222235791508","0.0"
"75","18","Coupled","gaussian","PF","positive","100","0.2626356246649736","0.043747171195649706","0.25690390984325995","1.0"
"75","18","Coupled","gaussian","PI","negative","100","0.043920985604368176","0.019893636933859465","0.04729082147975473","0.0"
"75","18","Coupled","gaussian","PI","positive","100","0.5340252543339915","0.041439712291180784","0.5452547672880677","1.0"
"75","18","Coupled","gaussian","RMP","negative","100","0.04126962434943391","0.03721258341123614","0.02972783941820631","0.0"
"75","18","Coupled","gaussian","RMP","positive","100","0.5497798320177025","0.025285242812042096","0.5512104108419402","1.0"
"75","18","Coupled","gaussian","VV","negative","100","0.06014134127460619","0.033131758905819035","0.05722424189704625","0.0"
"75","18","Coupled","gaussian","VV","positive","100","0.4424164117826919","0.02393458365200166","0.4417033804256824","1.0"
"75","18","Coupled","kmeans","AI","negative","100","0.15995479535051824","0.08968599211306635","0.1654094909438606","0.0"
"75","18","Coupled","kmeans","AI","positive","100","0.313957813565117","0.0509263389671988","0.31934868976842873","1.0"
"75","18","Coupled","kmeans","EV","negative","100","0.1744326371641217","0.0724646737537854","0.17365945013484674","0.0"
"75","18","Coupled","kmeans","EV","positive","100","0.5758572491383406","0.07971866706859407","0.5579219307912735","1.0"
"75","18","Coupled","kmeans","PF","negative","100","0.2193506341954835","0.08507796895828844","0.22692790261697424","0.0"
"75","18","Coupled","kmeans","PF","positive","100","0.2482974077981898","0.04334607551280719","0.2491960306834654","1.0"
"75","18","Coupled","kmeans","PI","negative","100","0.11309204680652654","0.05760811017227781","0.10867438287037764","0.0"
"75","18","Coupled","kmeans","PI","positive","100","0.5092056414224524","0.04975864096755961","0.5076157269043305","1.0"
"75","18","Coupled","kmeans","RMP","negative","100","0.13202377754907407","0.06641113318430368","0.12973377193362967","0.0"
"75","18","Coupled","kmeans","RMP","positive","100","0.45372435724827276","0.04267067093795293","0.46914563502038775","1.0"
"75","18","Coupled","kmeans","VV","negative","100","0.10595449472942052","0.06432023127131577","0.10596141583656885","0.0"
"75","18","Coupled","kmeans","VV","positive","100","0.4311059686334248","0.028405925863513492","0.4370942618686142","1.0"
"75","2","Coupled","agglomerative","AI","negative","100","0.1487906150727774","0.15130429910022164","0.10439507102951522","0.0"
"75","2","Coupled","agglomerative","AI","positive","100","0.2108448557434265","0.10376373211074921","0.22810637245542179","0.94"
"75","2","Coupled","agglomerative","EV","negative","100","0.24755804603496764","0.042967376866650295","0.2514408742013448","0.0"
"75","2","Coupled","agglomerative","EV","positive","100","0.5798279210474003","0.04818981196015104","0.5850637391411786","1.0"
"75","2","Coupled","agglomerative","PF","negative","100","0.13379423077613556","0.09369218999732119","0.12885462888816157","0.0"
"75","2","Coupled","agglomerative","PF","positive","100","0.1686904873567167","0.065632496933035","0.15824879353594182","0.87"
"75","2","Coupled","agglomerative","PI","negative","100","0.13706120896465823","0.08009236187901804","0.16731849958360212","0.0"
"75","2","Coupled","agglomerative","PI","positive","100","0.2736700345976361","0.09505426936087678","0.3085573163640897","0.91"
"75","2","Coupled","agglomerative","RMP","negative","100","0.15400599434873496","0.07839541274744946","0.10387535025807232","0.0"
"75","2","Coupled","agglomerative","RMP","positive","100","0.16463913861574242","0.06794385957793102","0.17288683556685186","0.98"
"75","2","Coupled","agglomerative","VV","negative","100","0.15344957664294445","0.10607272572061245","0.15982728306702043","0.0"
"75","2","Coupled","agglomerative","VV","positive","100","0.24250105284012688","0.11400923094729186","0.2662196780165891","0.94"
"75","2","Coupled","gaussian","AI","negative","100","0.05939684196195341","0.03269038002539339","0.06039647909350346","0.0"
"75","2","Coupled","gaussian","AI","positive","100","0.22453213158206548","0.09582678024483515","0.24090187460481605","0.93"
"75","2","Coupled","gaussian","EV","negative","100","0.1776666679897041","0.0975710294912979","0.21748473756167594","0.0"
"75","2","Coupled","gaussian","EV","positive","100","0.3100957216596626","0.07985945882223178","0.3230318843824513","0.99"
"75","2","Coupled","gaussian","PF","negative","100","0.09604751800162431","0.06699436590160857","0.08594854903859683","0.0"
"75","2","Coupled","gaussian","PF","positive","100","0.11073522445904319","0.06300029462595107","0.09306740994878218","0.73"
"75","2","Coupled","gaussian","PI","negative","100","0.05446461795840873","0.020063262674835065","0.04873975416847272","0.0"
"75","2","Coupled","gaussian","PI","positive","100","0.34217474634417977","0.11323362909412922","0.3601270358455228","0.98"
"75","2","Coupled","gaussian","RMP","negative","100","0.063901693431492","0.05346635020551405","0.04146576111315975","0.0"
"75","2","Coupled","gaussian","RMP","positive","100","0.33032744712594236","0.10945205593161188","0.3606744083804778","0.98"
"75","2","Coupled","gaussian","VV","negative","100","0.07411086772967997","0.03742771496891292","0.06920476550805493","0.0"
"75","2","Coupled","gaussian","VV","positive","100","0.23143990998621575","0.09335837988374808","0.26521892365612915","0.96"
"75","2","Coupled","kmeans","AI","negative","100","0.098230949308759","0.07687753093953864","0.07550360161208297","0.0"
"75","2","Coupled","kmeans","AI","positive","100","0.23238643051086394","0.10905016930799227","0.2558613577013781","0.9"
"75","2","Coupled","kmeans","EV","negative","100","0.2612786272208772","0.06542209104702289","0.2702515832936048","0.0"
"75","2","Coupled","kmeans","EV","positive","100","0.496659816936371","0.09459548324891291","0.5256906511885779","1.0"
"75","2","Coupled","kmeans","PF","negative","100","0.12794423820764234","0.10424036653606421","0.10031858245069551","0.0"
"75","2","Coupled","kmeans","PF","positive","100","0.09345967260892968","0.06174529311208752","0.09897531676444316","0.7"
"75","2","Coupled","kmeans","PI","negative","100","0.14432861004655076","0.09670185537225506","0.17321028717029474","0.0"
"75","2","Coupled","kmeans","PI","positive","100","0.3318700999206554","0.12702980460284186","0.3881479546520521","0.93"
"75","2","Coupled","kmeans","RMP","negative","100","0.06115791411462598","0.06268860907856792","0.04276520530460448","0.0"
"75","2","Coupled","kmeans","RMP","positive","100","0.2446693086587625","0.06523697726489186","0.24957143560010892","0.96"
"75","2","Coupled","kmeans","VV","negative","100","0.11374935931437571","0.09339775416467926","0.08436181889921864","0.0"
"75","2","Coupled","kmeans","VV","positive","100","0.21273975977139636","0.08233072510891355","0.2431873845188499","0.9"
"75","20","Coupled","agglomerative","AI","negative","100","0.1993505714702256","0.09392584626892665","0.21869095289326101","0.0"
"75","20","Coupled","agglomerative","AI","positive","100","0.38943727738694917","0.09704351707216553","0.36594679642779937","1.0"
"75","20","Coupled","agglomerative","EV","negative","100","0.23148390210385664","0.04198542571320985","0.22427843563208247","0.0"
"75","20","Coupled","agglomerative","EV","positive","100","0.7599793105888314","0.025256176606196164","0.7699280584194996","1.0"
"75","20","Coupled","agglomerative","PF","negative","100","0.2142079019270885","0.07548304973576783","0.2159667185696867","0.0"
"75","20","Coupled","agglomerative","PF","positive","100","0.36244732898462606","0.05178950476677287","0.35842227448211184","1.0"
"75","20","Coupled","agglomerative","PI","negative","100","0.062310396131695554","0.047288288395809605","0.047928478190810114","0.0"
"75","20","Coupled","agglomerative","PI","positive","100","0.5739360030788201","0.03260130710871035","0.5811526588372162","1.0"
"75","20","Coupled","agglomerative","RMP","negative","100","0.05523498260216615","0.03586343029093903","0.0545258574192794","0.0"
"75","20","Coupled","agglomerative","RMP","positive","100","0.4060756279643314","0.03948979139946351","0.4152331126339466","1.0"
"75","20","Coupled","agglomerative","VV","negative","100","0.07606388680493537","0.061586491903777255","0.059104620517155815","0.0"
"75","20","Coupled","agglomerative","VV","positive","100","0.5091640621869754","0.025617813324219325","0.5154569510189871","1.0"
"75","20","Coupled","gaussian","AI","negative","100","0.1388193320417448","0.05741362755459894","0.13390481793730236","0.0"
"75","20","Coupled","gaussian","AI","positive","100","0.4152392845917723","0.0665137509109829","0.3972859055819876","1.0"
"75","20","Coupled","gaussian","EV","negative","100","0.11835902227683626","0.05092321367465057","0.12022374852852716","0.0"
"75","20","Coupled","gaussian","EV","positive","100","0.5414305607314968","0.034057786056173225","0.548003768847819","1.0"
"75","20","Coupled","gaussian","PF","negative","100","0.11315382630395635","0.06216974221584498","0.11550281258078085","0.0"
"75","20","Coupled","gaussian","PF","positive","100","0.2674701470955842","0.04215441211045406","0.2725792511972775","1.0"
"75","20","Coupled","gaussian","PI","negative","100","0.047931997780690655","0.01790002413279901","0.04949918138107","0.0"
"75","20","Coupled","gaussian","PI","positive","100","0.546721065942965","0.036205369995303355","0.5544393869347363","1.0"
"75","20","Coupled","gaussian","RMP","negative","100","0.04159821509373146","0.03607402450541265","0.03357802877374638","0.0"
"75","20","Coupled","gaussian","RMP","positive","100","0.5627831043343607","0.025592531303245934","0.5653942670966199","1.0"
"75","20","Coupled","gaussian","VV","negative","100","0.06599554314493973","0.03598719431151155","0.06420553751924821","0.0"
"75","20","Coupled","gaussian","VV","positive","100","0.4491535582149153","0.026902752924828854","0.4494504916071985","1.0"
"75","20","Coupled","kmeans","AI","negative","100","0.1510299708615449","0.09142306123318121","0.15224872854835794","0.0"
"75","20","Coupled","kmeans","AI","positive","100","0.311014813619972","0.05250297531842497","0.31619782385542483","1.0"
"75","20","Coupled","kmeans","EV","negative","100","0.16506532009904973","0.07736801363994213","0.16128106822500488","0.0"
"75","20","Coupled","kmeans","EV","positive","100","0.5703154291586324","0.07673358814861106","0.5573516348909235","1.0"
"75","20","Coupled","kmeans","PF","negative","100","0.22846495111453335","0.08147129416628467","0.22864468094220927","0.0"
"75","20","Coupled","kmeans","PF","positive","100","0.23578498194836942","0.04603519429519815","0.23167922752005488","1.0"
"75","20","Coupled","kmeans","PI","negative","100","0.10591129711370124","0.06514282506471256","0.11443177310832947","0.0"
"75","20","Coupled","kmeans","PI","positive","100","0.5124848047325813","0.04507808676731245","0.5109038974192273","1.0"
"75","20","Coupled","kmeans","RMP","negative","100","0.1283969387696597","0.06471013280932299","0.14304423788414472","0.0"
"75","20","Coupled","kmeans","RMP","positive","100","0.45068154455688664","0.04876492210386011","0.4701256022714744","1.0"
"75","20","Coupled","kmeans","VV","negative","100","0.10166594571856104","0.059801835395589094","0.094611805520572","0.0"
"75","20","Coupled","kmeans","VV","positive","100","0.43475894616867605","0.027835459906006183","0.44030685874908826","1.0"
"75","22","Coupled","agglomerative","AI","negative","100","0.21661283615387056","0.08943994910575011","0.23486722905271368","0.0"
"75","22","Coupled","agglomerative","AI","positive","100","0.3749971975370474","0.09846056658352188","0.3423364345719926","1.0"
"75","22","Coupled","agglomerative","EV","negative","100","0.22226245347372534","0.04015765738116305","0.22427843563208247","0.0"
"75","22","Coupled","agglomerative","EV","positive","100","0.7649326356072983","0.02216715096077258","0.7700760560266098","1.0"
"75","22","Coupled","agglomerative","PF","negative","100","0.21855959987543805","0.07918429287286557","0.21721614970338976","0.0"
"75","22","Coupled","agglomerative","PF","positive","100","0.3667284380586381","0.04798866881746636","0.3687797826645757","1.0"
"75","22","Coupled","agglomerative","PI","negative","100","0.05885002034599716","0.04653836067645757","0.04670239708956589","0.0"
"75","22","Coupled","agglomerative","PI","positive","100","0.5892145124332979","0.027338617254386768","0.5878637001538897","1.0"
"75","22","Coupled","agglomerative","RMP","negative","100","0.06158241880709864","0.034378961561806476","0.06343367371089925","0.0"
"75","22","Coupled","agglomerative","RMP","positive","100","0.40900573718915284","0.04604380204573367","0.4097891200839058","1.0"
"75","22","Coupled","agglomerative","VV","negative","100","0.06156896929781923","0.045994247505053015","0.056924421951254967","0.0"
"75","22","Coupled","agglomerative","VV","positive","100","0.5222342130637342","0.02525651336280613","0.5229434704891062","1.0"
"75","22","Coupled","gaussian","AI","negative","100","0.14085871526566407","0.06979855232498001","0.12795681817223742","0.0"
"75","22","Coupled","gaussian","AI","positive","100","0.4073337095132205","0.06103177580744281","0.39120193520770463","1.0"
"75","22","Coupled","gaussian","EV","negative","100","0.11478740644889682","0.05423879199078273","0.10544773921253847","0.0"
"75","22","Coupled","gaussian","EV","positive","100","0.5547951427055573","0.029661204295501287","0.5542925542976986","1.0"
"75","22","Coupled","gaussian","PF","negative","100","0.1312755837151517","0.06463642511353801","0.12621202108077534","0.0"
"75","22","Coupled","gaussian","PF","positive","100","0.2801922568938051","0.04166559988951511","0.27876710225919477","1.0"
"75","22","Coupled","gaussian","PI","negative","100","0.04571735353811343","0.018604879791936958","0.04846793077977929","0.0"
"75","22","Coupled","gaussian","PI","positive","100","0.5547563956573471","0.03616945718892205","0.5655235350996324","1.0"
"75","22","Coupled","gaussian","RMP","negative","100","0.04518156078822299","0.036696285441354705","0.03847350784434428","0.0"
"75","22","Coupled","gaussian","RMP","positive","100","0.5625384896340336","0.02794227468048395","0.5650875114593101","1.0"
"75","22","Coupled","gaussian","VV","negative","100","0.06554631703390694","0.03903848729356633","0.05953077404175697","0.0"
"75","22","Coupled","gaussian","VV","positive","100","0.4626792764382779","0.023426631381711558","0.46350307350938813","1.0"
"75","22","Coupled","kmeans","AI","negative","100","0.1628904870956243","0.07994715205361916","0.1715251649495902","0.0"
"75","22","Coupled","kmeans","AI","positive","100","0.32675729710556634","0.04929575389673586","0.32662323891489575","1.0"
"75","22","Coupled","kmeans","EV","negative","100","0.13819849283080746","0.0697622868795012","0.12721897646253105","0.0"
"75","22","Coupled","kmeans","EV","positive","100","0.5904193307569091","0.06799849330293771","0.5755358931073864","1.0"
"75","22","Coupled","kmeans","PF","negative","100","0.22078582273690897","0.07636746292060338","0.23025793316866144","0.0"
"75","22","Coupled","kmeans","PF","positive","100","0.2563668149928625","0.046654203840547005","0.25378514632557625","1.0"
"75","22","Coupled","kmeans","PI","negative","100","0.10372282912244783","0.05748949671482357","0.1060701324380205","0.0"
"75","22","Coupled","kmeans","PI","positive","100","0.5194811113841851","0.04010330318229381","0.5174805465942847","1.0"
"75","22","Coupled","kmeans","RMP","negative","100","0.11067616774821293","0.060869591971377764","0.12089930512163666","0.0"
"75","22","Coupled","kmeans","RMP","positive","100","0.4656923269922244","0.040776774673456646","0.48158534481042814","1.0"
"75","22","Coupled","kmeans","VV","negative","100","0.09342441110641103","0.04782271144820506","0.09071812880489273","0.0"
"75","22","Coupled","kmeans","VV","positive","100","0.44334501748590605","0.03714363144664006","0.4500721337863668","1.0"
"75","25","Coupled","agglomerative","AI","negative","100","0.2163194191991682","0.10141444978643852","0.22597069263403272","0.0"
"75","25","Coupled","agglomerative","AI","positive","100","0.38412223664804196","0.09762968310629357","0.365503291688448","1.0"
"75","25","Coupled","agglomerative","EV","negative","100","0.20857270740626363","0.03796897838400043","0.1952108032013562","0.0"
"75","25","Coupled","agglomerative","EV","positive","100","0.7658830694430901","0.02265485757073367","0.7690608792923628","1.0"
"75","25","Coupled","agglomerative","PF","negative","100","0.22632933478962047","0.06674971854433608","0.22861970700867776","0.0"
"75","25","Coupled","agglomerative","PF","positive","100","0.3661087735010242","0.03775876746259418","0.36791685710036054","1.0"
"75","25","Coupled","agglomerative","PI","negative","100","0.0530758027027308","0.04299630823261294","0.04147076651410575","0.0"
"75","25","Coupled","agglomerative","PI","positive","100","0.6062551020634265","0.026192056590189233","0.6108616487546066","1.0"
"75","25","Coupled","agglomerative","RMP","negative","100","0.05876187712501821","0.03833810525355965","0.057197862059738286","0.0"
"75","25","Coupled","agglomerative","RMP","positive","100","0.4182892405760297","0.04290118605055515","0.41975818693632616","1.0"
"75","25","Coupled","agglomerative","VV","negative","100","0.0546601194812157","0.03766637020715132","0.04905226646914794","0.0"
"75","25","Coupled","agglomerative","VV","positive","100","0.5314970654744938","0.024428577074695566","0.5349996729791779","1.0"
"75","25","Coupled","gaussian","AI","negative","100","0.12302886918205212","0.0647316561434715","0.12218526661965788","0.0"
"75","25","Coupled","gaussian","AI","positive","100","0.41344805529393835","0.05707410173240617","0.3979523477711327","1.0"
"75","25","Coupled","gaussian","EV","negative","100","0.10929346662860553","0.05224788272288816","0.11406607673137198","0.0"
"75","25","Coupled","gaussian","EV","positive","100","0.5376852182004402","0.025640968285517707","0.534001870412306","1.0"
"75","25","Coupled","gaussian","PF","negative","100","0.12194974402849894","0.055019038944377346","0.12367560966153407","0.0"
"75","25","Coupled","gaussian","PF","positive","100","0.2775222486724816","0.03449571499332053","0.27777017722347686","1.0"
"75","25","Coupled","gaussian","PI","negative","100","0.040168656777197415","0.016762224344413525","0.04350748486870587","0.0"
"75","25","Coupled","gaussian","PI","positive","100","0.5509554150525368","0.03460489025387244","0.5585039597426198","1.0"
"75","25","Coupled","gaussian","RMP","negative","100","0.041108171952496046","0.029456576309488596","0.035035527738522254","0.0"
"75","25","Coupled","gaussian","RMP","positive","100","0.5626102403804021","0.0221617834697247","0.5651054739242171","1.0"
"75","25","Coupled","gaussian","VV","negative","100","0.07131722532565032","0.03715094847439842","0.07388957657193487","0.0"
"75","25","Coupled","gaussian","VV","positive","100","0.4500251935131612","0.02386369587146526","0.44920983604226916","1.0"
"75","25","Coupled","kmeans","AI","negative","100","0.15967118550663545","0.08903879559397171","0.1536892435414369","0.0"
"75","25","Coupled","kmeans","AI","positive","100","0.3119370846530427","0.05897347955335441","0.31594141992617925","1.0"
"75","25","Coupled","kmeans","EV","negative","100","0.1400020260612204","0.0706931238231302","0.13038398319051875","0.0"
"75","25","Coupled","kmeans","EV","positive","100","0.5731083261615744","0.07607625518141846","0.5598900427981539","1.0"
"75","25","Coupled","kmeans","PF","negative","100","0.24679592430768124","0.07152291268693807","0.24474140414903306","0.0"
"75","25","Coupled","kmeans","PF","positive","100","0.23812708792849357","0.0432257300742224","0.23602429149925291","1.0"
"75","25","Coupled","kmeans","PI","negative","100","0.10593814660564586","0.06316502239802617","0.10141724171905395","0.0"
"75","25","Coupled","kmeans","PI","positive","100","0.5216883455460495","0.04232360618976439","0.5236943191170942","1.0"
"75","25","Coupled","kmeans","RMP","negative","100","0.12504692572744697","0.06545715995062304","0.130199628475632","0.0"
"75","25","Coupled","kmeans","RMP","positive","100","0.4530171365105706","0.047025969292971384","0.47375843282145513","1.0"
"75","25","Coupled","kmeans","VV","negative","100","0.09896290480718736","0.05300220537721714","0.09387814653739793","0.0"
"75","25","Coupled","kmeans","VV","positive","100","0.4442328063133022","0.026489160234136312","0.4477986692267785","1.0"
"75","4","Coupled","agglomerative","AI","negative","100","0.11194336162397098","0.1129312589358511","0.06844533424384477","0.0"
"75","4","Coupled","agglomerative","AI","positive","100","0.30496894019592374","0.12683250407629645","0.34116140245718024","1.0"
"75","4","Coupled","agglomerative","EV","negative","100","0.21347117433019988","0.07088605428543428","0.1671108717405366","0.0"
"75","4","Coupled","agglomerative","EV","positive","100","0.6464906905423742","0.04438841310332212","0.6527151257289856","1.0"
"75","4","Coupled","agglomerative","PF","negative","100","0.14105957438373554","0.07840926165161899","0.13724709153169987","0.0"
"75","4","Coupled","agglomerative","PF","positive","100","0.23477454504191517","0.07546393812633585","0.2455719567880365","0.99"
"75","4","Coupled","agglomerative","PI","negative","100","0.09786990551815997","0.06700079515036546","0.08646865024818204","0.0"
"75","4","Coupled","agglomerative","PI","positive","100","0.37204635301156164","0.0972207949331957","0.39280897942342574","1.0"
"75","4","Coupled","agglomerative","RMP","negative","100","0.08767245126291387","0.053767704375373315","0.07041303671661978","0.0"
"75","4","Coupled","agglomerative","RMP","positive","100","0.24926997508030094","0.0708789898106374","0.260147827319148","1.0"
"75","4","Coupled","agglomerative","VV","negative","100","0.10393113407237731","0.08005587298500369","0.07603250176089504","0.0"
"75","4","Coupled","agglomerative","VV","positive","100","0.3350193493207161","0.05566752692973238","0.32937292772696897","1.0"
"75","4","Coupled","gaussian","AI","negative","100","0.06680462704516345","0.039796062797485585","0.0630026644804938","0.0"
"75","4","Coupled","gaussian","AI","positive","100","0.2915535644908189","0.09103600520648414","0.30441202134124073","1.0"
"75","4","Coupled","gaussian","EV","negative","100","0.1373855667586379","0.0884309450971727","0.15877022682259137","0.0"
"75","4","Coupled","gaussian","EV","positive","100","0.34945178277726485","0.0700409761458186","0.36509791703806344","1.0"
"75","4","Coupled","gaussian","PF","negative","100","0.08780181238372375","0.05813003092222794","0.08679619893763355","0.0"
"75","4","Coupled","gaussian","PF","positive","100","0.12988083111258247","0.06012488189280804","0.13717783817435492","0.94"
"75","4","Coupled","gaussian","PI","negative","100","0.053709362892413993","0.01933360333682561","0.04970009616138768","0.0"
"75","4","Coupled","gaussian","PI","positive","100","0.37584638470198856","0.06828264972503423","0.39329784373330245","1.0"
"75","4","Coupled","gaussian","RMP","negative","100","0.04028847957740763","0.041464242549974946","0.02469316962860435","0.0"
"75","4","Coupled","gaussian","RMP","positive","100","0.3952986728524946","0.053658498867746866","0.3912538144602847","1.0"
"75","4","Coupled","gaussian","VV","negative","100","0.06044215496350466","0.039724945217953896","0.05278504788579186","0.0"
"75","4","Coupled","gaussian","VV","positive","100","0.2898776581401004","0.054668587357684616","0.2978510847975732","1.0"
"75","4","Coupled","kmeans","AI","negative","100","0.10020856161483933","0.09566852734483719","0.06416447301289696","0.0"
"75","4","Coupled","kmeans","AI","positive","100","0.2541464897144945","0.09557804227480021","0.2428255256305659","1.0"
"75","4","Coupled","kmeans","EV","negative","100","0.22959143616704822","0.08783682415520398","0.24892663631660766","0.0"
"75","4","Coupled","kmeans","EV","positive","100","0.546549507932686","0.0897891612245973","0.5801609535672785","1.0"
"75","4","Coupled","kmeans","PF","negative","100","0.14010019323285258","0.09873403055028612","0.11594897929624776","0.0"
"75","4","Coupled","kmeans","PF","positive","100","0.13521234416580075","0.06921289203034475","0.14010936072791746","0.91"
"75","4","Coupled","kmeans","PI","negative","100","0.09479835780098153","0.069303380168633","0.07016629248053097","0.0"
"75","4","Coupled","kmeans","PI","positive","100","0.40277503157378386","0.0918536311431217","0.4369325609628923","1.0"
"75","4","Coupled","kmeans","RMP","negative","100","0.07178261910845904","0.04724979425598077","0.06742357862594939","0.0"
"75","4","Coupled","kmeans","RMP","positive","100","0.3299004279545311","0.05402442658156429","0.3325490732439417","1.0"
"75","4","Coupled","kmeans","VV","negative","100","0.09804182780654204","0.07404074077867856","0.08727246360583424","0.0"
"75","4","Coupled","kmeans","VV","positive","100","0.30398350204194885","0.045000887464136906","0.30800391563528856","1.0"
"75","5","Coupled","agglomerative","AI","negative","100","0.10417958024869771","0.08899019293735888","0.08103066480699159","0.0"
"75","5","Coupled","agglomerative","AI","positive","100","0.32239195475569354","0.12813374179441028","0.3673351534350562","1.0"
"75","5","Coupled","agglomerative","EV","negative","100","0.1756471025083456","0.053779402747554286","0.14925275042391625","0.0"
"75","5","Coupled","agglomerative","EV","positive","100","0.6648323120646353","0.040075030180215854","0.6626881515018864","1.0"
"75","5","Coupled","agglomerative","PF","negative","100","0.15724258552142975","0.08288572281733805","0.15491456777597765","0.0"
"75","5","Coupled","agglomerative","PF","positive","100","0.26040583976291154","0.07238032549613128","0.26783523201686543","1.0"
"75","5","Coupled","agglomerative","PI","negative","100","0.09945969631798261","0.0702000515563393","0.08950765610800776","0.0"
"75","5","Coupled","agglomerative","PI","positive","100","0.3982027863835771","0.08086620585027277","0.4072266577146449","0.99"
"75","5","Coupled","agglomerative","RMP","negative","100","0.08705117274403404","0.05756870104782988","0.07106840205252618","0.0"
"75","5","Coupled","agglomerative","RMP","positive","100","0.2648094434141066","0.07413158756039771","0.2735425153713532","1.0"
"75","5","Coupled","agglomerative","VV","negative","100","0.11583981189455735","0.07047170613404419","0.0991828139670746","0.0"
"75","5","Coupled","agglomerative","VV","positive","100","0.3612578800290518","0.060911059168815306","0.36554897341845494","1.0"
"75","5","Coupled","gaussian","AI","negative","100","0.07314189721583436","0.044025214804494284","0.06407800745823179","0.0"
"75","5","Coupled","gaussian","AI","positive","100","0.31331667118005646","0.08699525346117512","0.32444660768002687","1.0"
"75","5","Coupled","gaussian","EV","negative","100","0.14684459964069027","0.07673120468159218","0.1505724011801371","0.0"
"75","5","Coupled","gaussian","EV","positive","100","0.37264606454594135","0.05519025831448529","0.379937568720572","1.0"
"75","5","Coupled","gaussian","PF","negative","100","0.10538558363617806","0.06516952817829029","0.0977767222057683","0.0"
"75","5","Coupled","gaussian","PF","positive","100","0.13820029938106068","0.06367528095192097","0.15075241803566136","0.99"
"75","5","Coupled","gaussian","PI","negative","100","0.051921431690040674","0.022943806468723543","0.05095276103105342","0.0"
"75","5","Coupled","gaussian","PI","positive","100","0.4106165934359365","0.061425879242738936","0.4244026651871386","1.0"
"75","5","Coupled","gaussian","RMP","negative","100","0.03932521471835812","0.042899001682512754","0.024309380886040233","0.0"
"75","5","Coupled","gaussian","RMP","positive","100","0.41683141054774614","0.06170994286756149","0.4249209844805399","1.0"
"75","5","Coupled","gaussian","VV","negative","100","0.05434805369219976","0.03614903292207274","0.04468025251332136","0.0"
"75","5","Coupled","gaussian","VV","positive","100","0.31098243550208465","0.04935587174982307","0.3182413025683895","1.0"
"75","5","Coupled","kmeans","AI","negative","100","0.10106983844191694","0.08553191605438744","0.07200968511289416","0.0"
"75","5","Coupled","kmeans","AI","positive","100","0.2555439191934909","0.07564308192616326","0.2481682364260564","1.0"
"75","5","Coupled","kmeans","EV","negative","100","0.22483087587496262","0.09414291548132037","0.2565733709726347","0.0"
"75","5","Coupled","kmeans","EV","positive","100","0.5614629408907473","0.08420261602620091","0.593738688560686","1.0"
"75","5","Coupled","kmeans","PF","negative","100","0.17280335139312833","0.1129475704999299","0.16348945668207984","0.0"
"75","5","Coupled","kmeans","PF","positive","100","0.15432393229117938","0.06948843880138786","0.16009767993583318","0.97"
"75","5","Coupled","kmeans","PI","negative","100","0.10212026016893166","0.07359602063963895","0.09365087839837649","0.0"
"75","5","Coupled","kmeans","PI","positive","100","0.42445218034077237","0.07748648938793043","0.43841094847453904","1.0"
"75","5","Coupled","kmeans","RMP","negative","100","0.08517446411868933","0.06027112482471656","0.08470259049648107","0.0"
"75","5","Coupled","kmeans","RMP","positive","100","0.34808614682531497","0.05220271583724471","0.3540659223624927","1.0"
"75","5","Coupled","kmeans","VV","negative","100","0.10303788689037933","0.06620233477867049","0.09257737754409975","0.0"
"75","5","Coupled","kmeans","VV","positive","100","0.3216424032773286","0.05752808303272004","0.3296369055744752","1.0"
"75","7","Coupled","agglomerative","AI","negative","100","0.1290435006570542","0.09876357625326371","0.10579006562751997","0.0"
"75","7","Coupled","agglomerative","AI","positive","100","0.3724017619544594","0.12169478763990453","0.39817190015443743","1.0"
"75","7","Coupled","agglomerative","EV","negative","100","0.17564413915663915","0.05770078494470387","0.14925275042391625","0.0"
"75","7","Coupled","agglomerative","EV","positive","100","0.6979755500198699","0.03890310224786577","0.7085299737781852","1.0"
"75","7","Coupled","agglomerative","PF","negative","100","0.18953675433691733","0.08892593616908463","0.18560822662807347","0.0"
"75","7","Coupled","agglomerative","PF","positive","100","0.2867071065476443","0.07197217343220721","0.2970256745812679","1.0"
"75","7","Coupled","agglomerative","PI","negative","100","0.09686072084398586","0.06952894370996389","0.07467685161504828","0.0"
"75","7","Coupled","agglomerative","PI","positive","100","0.45070018345725027","0.056720367064969524","0.4551691012205427","1.0"
"75","7","Coupled","agglomerative","RMP","negative","100","0.0684200465613702","0.05100524977843281","0.06323463170554333","0.0"
"75","7","Coupled","agglomerative","RMP","positive","100","0.31934362187375664","0.04922184110800903","0.3311902539393524","1.0"
"75","7","Coupled","agglomerative","VV","negative","100","0.12146374222247866","0.06985963716112438","0.1066317236886358","0.0"
"75","7","Coupled","agglomerative","VV","positive","100","0.40482907841619714","0.040162073662317506","0.41083946633604623","1.0"
"75","7","Coupled","gaussian","AI","negative","100","0.0801841917948399","0.05208348566329019","0.07444861542794784","0.0"
"75","7","Coupled","gaussian","AI","positive","100","0.35867216330743945","0.0852927972279386","0.381306317711985","1.0"
"75","7","Coupled","gaussian","EV","negative","100","0.1320567284315882","0.07564983128700863","0.14303629866615414","0.0"
"75","7","Coupled","gaussian","EV","positive","100","0.41721071257496933","0.05156502432606135","0.4298776121064678","1.0"
"75","7","Coupled","gaussian","PF","negative","100","0.09769539576475679","0.06412258710710791","0.09622785856922103","0.0"
"75","7","Coupled","gaussian","PF","positive","100","0.16419193876523","0.05743168648331384","0.16655473459780623","0.98"
"75","7","Coupled","gaussian","PI","negative","100","0.052429730969753716","0.025512248393311385","0.05142114825437792","0.0"
"75","7","Coupled","gaussian","PI","positive","100","0.44790264843094313","0.044350675860464865","0.4520986671815993","1.0"
"75","7","Coupled","gaussian","RMP","negative","100","0.04180533870837281","0.03977542656031183","0.027528414632540632","0.0"
"75","7","Coupled","gaussian","RMP","positive","100","0.4566010745448088","0.04966120416589488","0.47091253980889786","1.0"
"75","7","Coupled","gaussian","VV","negative","100","0.049003706634115976","0.03170376793556905","0.0418490271677269","0.0"
"75","7","Coupled","gaussian","VV","positive","100","0.34501951056923885","0.03745292687350659","0.3460828848776172","1.0"
"75","7","Coupled","kmeans","AI","negative","100","0.0980745342092992","0.09290806864335664","0.06865815805606995","0.0"
"75","7","Coupled","kmeans","AI","positive","100","0.28842027734746445","0.07277316904175625","0.28704766919721775","1.0"
"75","7","Coupled","kmeans","EV","negative","100","0.19644618696877686","0.09030339258227248","0.2089206022498985","0.0"
"75","7","Coupled","kmeans","EV","positive","100","0.5835902707679375","0.08003414204149045","0.6196750472329595","1.0"
"75","7","Coupled","kmeans","PF","negative","100","0.180251341828964","0.10027839399818636","0.18571167596523408","0.0"
"75","7","Coupled","kmeans","PF","positive","100","0.1733864114483755","0.06670895711563324","0.17899973137620268","0.97"
"75","7","Coupled","kmeans","PI","negative","100","0.09783247129134379","0.06931515984741984","0.09283858061318821","0.0"
"75","7","Coupled","kmeans","PI","positive","100","0.45859021982629217","0.056853366837131034","0.4621535591621696","1.0"
"75","7","Coupled","kmeans","RMP","negative","100","0.09848809904993373","0.06243506417112833","0.10124914101253196","0.0"
"75","7","Coupled","kmeans","RMP","positive","100","0.38716129434537266","0.05066633373414346","0.3977607921540948","1.0"
"75","7","Coupled","kmeans","VV","negative","100","0.10341060667333286","0.06761372857141967","0.0914172075379246","0.0"
"75","7","Coupled","kmeans","VV","positive","100","0.3674050398515258","0.04124929404623232","0.36941082590500746","1.0"
