"method","top1_accuracy","margin_median","margin_mean","n_runs","n_unknown_points","n_possible_combinations","requested_sampling_iterations","used_sampling_iterations","sampling_mode","sample_size","scenario","model_type","output_dir"
"centroid_distance","1.0","2.1476362938336298","2.1177600726302943","20","20","20","5000","20","exhaustive_unique","1","compact_separated","kmeans","./1_benchmarking_comparison\kmeans\compact_separated"
"dihs","1.0","0.3335221314267408","0.34150786807483574","20","20","20","5000","20","exhaustive_unique","1","compact_separated","kmeans","./1_benchmarking_comparison\kmeans\compact_separated"
"mahalanobis_distance","1.0","11.377971236833002","11.203375020061966","20","20","20","5000","20","exhaustive_unique","1","compact_separated","kmeans","./1_benchmarking_comparison\kmeans\compact_separated"
"centroid_distance","1.0","2.1911298318191874","2.1772538913789092","190","20","190","5000","190","exhaustive_unique","2","compact_separated","kmeans","./1_benchmarking_comparison\kmeans\compact_separated"
"dihs","1.0","0.40269204209331855","0.4014926037621364","190","20","190","5000","190","exhaustive_unique","2","compact_separated","kmeans","./1_benchmarking_comparison\kmeans\compact_separated"
"mahalanobis_distance","1.0","11.66825980544138","11.594929996299848","190","20","190","5000","190","exhaustive_unique","2","compact_separated","kmeans","./1_benchmarking_comparison\kmeans\compact_separated"
"centroid_distance","1.0","2.2211801286942277","2.206634955190284","1140","20","1140","5000","1140","exhaustive_unique","3","compact_separated","kmeans","./1_benchmarking_comparison\kmeans\compact_separated"
"dihs","1.0","0.4352765078199141","0.43044740497192735","1140","20","1140","5000","1140","exhaustive_unique","3","compact_separated","kmeans","./1_benchmarking_comparison\kmeans\compact_separated"
"mahalanobis_distance","1.0","11.888280531369587","11.757570417949063","1140","20","1140","5000","1140","exhaustive_unique","3","compact_separated","kmeans","./1_benchmarking_comparison\kmeans\compact_separated"
"centroid_distance","1.0","2.2356505164422393","2.2237752827349917","4845","20","4845","5000","4845","exhaustive_unique","4","compact_separated","kmeans","./1_benchmarking_comparison\kmeans\compact_separated"
"dihs","1.0","0.4686830575414118","0.46531885968336145","4845","20","4845","5000","4845","exhaustive_unique","4","compact_separated","kmeans","./1_benchmarking_comparison\kmeans\compact_separated"
"mahalanobis_distance","1.0","11.986124692798722","11.848816554340425","4845","20","4845","5000","4845","exhaustive_unique","4","compact_separated","kmeans","./1_benchmarking_comparison\kmeans\compact_separated"
"centroid_distance","1.0","2.245477563834135","2.2352435356231144","5000","20","15504","5000","5000","random_unique","5","compact_separated","kmeans","./1_benchmarking_comparison\kmeans\compact_separated"
"dihs","1.0","0.4964928228225668","0.4944896693737339","5000","20","15504","5000","5000","random_unique","5","compact_separated","kmeans","./1_benchmarking_comparison\kmeans\compact_separated"
"mahalanobis_distance","1.0","12.020260326802642","11.910128040601153","5000","20","15504","5000","5000","random_unique","5","compact_separated","kmeans","./1_benchmarking_comparison\kmeans\compact_separated"
"centroid_distance","1.0","2.2545287298464087","2.2444502060070284","5000","20","38760","5000","5000","random_unique","6","compact_separated","kmeans","./1_benchmarking_comparison\kmeans\compact_separated"
"dihs","1.0","0.515118462535602","0.513482960656087","5000","20","38760","5000","5000","random_unique","6","compact_separated","kmeans","./1_benchmarking_comparison\kmeans\compact_separated"
"mahalanobis_distance","1.0","12.056748820423435","11.961045551867334","5000","20","38760","5000","5000","random_unique","6","compact_separated","kmeans","./1_benchmarking_comparison\kmeans\compact_separated"
"centroid_distance","1.0","2.261600838034674","2.2521936520627155","5000","20","77520","5000","5000","random_unique","7","compact_separated","kmeans","./1_benchmarking_comparison\kmeans\compact_separated"
"dihs","1.0","0.5331774646715479","0.532179172531509","5000","20","77520","5000","5000","random_unique","7","compact_separated","kmeans","./1_benchmarking_comparison\kmeans\compact_separated"
"mahalanobis_distance","1.0","12.086526882024465","11.997404418050568","5000","20","77520","5000","5000","random_unique","7","compact_separated","kmeans","./1_benchmarking_comparison\kmeans\compact_separated"
"centroid_distance","1.0","2.2657587557417562","2.258193256567817","5000","20","125970","5000","5000","random_unique","8","compact_separated","kmeans","./1_benchmarking_comparison\kmeans\compact_separated"
"dihs","1.0","0.5483702435412661","0.5477844018123619","5000","20","125970","5000","5000","random_unique","8","compact_separated","kmeans","./1_benchmarking_comparison\kmeans\compact_separated"
"mahalanobis_distance","1.0","12.108739124960323","12.035913848486118","5000","20","125970","5000","5000","random_unique","8","compact_separated","kmeans","./1_benchmarking_comparison\kmeans\compact_separated"
"centroid_distance","1.0","2.2715984756765772","2.264093491554437","5000","20","167960","5000","5000","random_unique","9","compact_separated","kmeans","./1_benchmarking_comparison\kmeans\compact_separated"
"dihs","1.0","0.560086131721236","0.5592004473217136","5000","20","167960","5000","5000","random_unique","9","compact_separated","kmeans","./1_benchmarking_comparison\kmeans\compact_separated"
"mahalanobis_distance","1.0","12.129488163526144","12.062214696200867","5000","20","167960","5000","5000","random_unique","9","compact_separated","kmeans","./1_benchmarking_comparison\kmeans\compact_separated"
"centroid_distance","1.0","2.274266909876091","2.2679276032439075","5000","20","184756","5000","5000","random_unique","10","compact_separated","kmeans","./1_benchmarking_comparison\kmeans\compact_separated"
"dihs","1.0","0.5712172661390442","0.5699936758879234","5000","20","184756","5000","5000","random_unique","10","compact_separated","kmeans","./1_benchmarking_comparison\kmeans\compact_separated"
"mahalanobis_distance","1.0","12.143700877025836","12.085785104367277","5000","20","184756","5000","5000","random_unique","10","compact_separated","kmeans","./1_benchmarking_comparison\kmeans\compact_separated"
"centroid_distance","1.0","2.2787673657787133","2.272649351937734","5000","20","167960","5000","5000","random_unique","11","compact_separated","kmeans","./1_benchmarking_comparison\kmeans\compact_separated"
"dihs","1.0","0.5852728566248568","0.5842598454159079","5000","20","167960","5000","5000","random_unique","11","compact_separated","kmeans","./1_benchmarking_comparison\kmeans\compact_separated"
"mahalanobis_distance","1.0","12.161310328229357","12.11104327032189","5000","20","167960","5000","5000","random_unique","11","compact_separated","kmeans","./1_benchmarking_comparison\kmeans\compact_separated"
"centroid_distance","1.0","2.2820809769557755","2.276462722594783","5000","20","125970","5000","5000","random_unique","12","compact_separated","kmeans","./1_benchmarking_comparison\kmeans\compact_separated"
"dihs","1.0","0.5942446839480704","0.594246930722883","5000","20","125970","5000","5000","random_unique","12","compact_separated","kmeans","./1_benchmarking_comparison\kmeans\compact_separated"
"mahalanobis_distance","1.0","12.179020335664525","12.132169822078136","5000","20","125970","5000","5000","random_unique","12","compact_separated","kmeans","./1_benchmarking_comparison\kmeans\compact_separated"
"centroid_distance","1.0","2.285084819790118","2.2799964389290306","5000","20","77520","5000","5000","random_unique","13","compact_separated","kmeans","./1_benchmarking_comparison\kmeans\compact_separated"
"dihs","1.0","0.6017757428393624","0.6020930071958872","5000","20","77520","5000","5000","random_unique","13","compact_separated","kmeans","./1_benchmarking_comparison\kmeans\compact_separated"
"mahalanobis_distance","1.0","12.19026574259583","12.149561402722778","5000","20","77520","5000","5000","random_unique","13","compact_separated","kmeans","./1_benchmarking_comparison\kmeans\compact_separated"
"centroid_distance","1.0","2.2878502570708057","2.283656578897107","5000","20","38760","5000","5000","random_unique","14","compact_separated","kmeans","./1_benchmarking_comparison\kmeans\compact_separated"
"dihs","1.0","0.6169893538144606","0.616598721116299","5000","20","38760","5000","5000","random_unique","14","compact_separated","kmeans","./1_benchmarking_comparison\kmeans\compact_separated"
"mahalanobis_distance","1.0","12.199263271141522","12.167793586819371","5000","20","38760","5000","5000","random_unique","14","compact_separated","kmeans","./1_benchmarking_comparison\kmeans\compact_separated"
"centroid_distance","1.0","2.29043591200735","2.286299842130435","5000","20","15504","5000","5000","random_unique","15","compact_separated","kmeans","./1_benchmarking_comparison\kmeans\compact_separated"
"dihs","1.0","0.6239361204603068","0.6243526886400216","5000","20","15504","5000","5000","random_unique","15","compact_separated","kmeans","./1_benchmarking_comparison\kmeans\compact_separated"
"mahalanobis_distance","1.0","12.206363440763468","12.18016665292858","5000","20","15504","5000","5000","random_unique","15","compact_separated","kmeans","./1_benchmarking_comparison\kmeans\compact_separated"
"centroid_distance","1.0","2.2930610663479265","2.289490651175491","4845","20","4845","5000","4845","exhaustive_unique","16","compact_separated","kmeans","./1_benchmarking_comparison\kmeans\compact_separated"
"dihs","1.0","0.6305746518814729","0.6310605522545849","4845","20","4845","5000","4845","exhaustive_unique","16","compact_separated","kmeans","./1_benchmarking_comparison\kmeans\compact_separated"
"mahalanobis_distance","1.0","12.216390834673547","12.197434975644125","4845","20","4845","5000","4845","exhaustive_unique","16","compact_separated","kmeans","./1_benchmarking_comparison\kmeans\compact_separated"
"centroid_distance","1.0","2.2956796395419303","2.292300584395025","1140","20","1140","5000","1140","exhaustive_unique","17","compact_separated","kmeans","./1_benchmarking_comparison\kmeans\compact_separated"
"dihs","1.0","0.6334771239163152","0.6352437397089323","1140","20","1140","5000","1140","exhaustive_unique","17","compact_separated","kmeans","./1_benchmarking_comparison\kmeans\compact_separated"
"mahalanobis_distance","1.0","12.225383840801843","12.211274567518771","1140","20","1140","5000","1140","exhaustive_unique","17","compact_separated","kmeans","./1_benchmarking_comparison\kmeans\compact_separated"
"centroid_distance","1.0","2.297421611305863","2.2947813822542567","190","20","190","5000","190","exhaustive_unique","18","compact_separated","kmeans","./1_benchmarking_comparison\kmeans\compact_separated"
"dihs","1.0","0.6443123682562482","0.6437697684198554","190","20","190","5000","190","exhaustive_unique","18","compact_separated","kmeans","./1_benchmarking_comparison\kmeans\compact_separated"
"mahalanobis_distance","1.0","12.237593098237815","12.223166665538209","190","20","190","5000","190","exhaustive_unique","18","compact_separated","kmeans","./1_benchmarking_comparison\kmeans\compact_separated"
"centroid_distance","1.0","2.299341815885276","2.2970180901699635","20","20","20","5000","20","exhaustive_unique","19","compact_separated","kmeans","./1_benchmarking_comparison\kmeans\compact_separated"
"dihs","1.0","0.6487261201076142","0.6524457653381341","20","20","20","5000","20","exhaustive_unique","19","compact_separated","kmeans","./1_benchmarking_comparison\kmeans\compact_separated"
"mahalanobis_distance","1.0","12.246255661970583","12.23366957143995","20","20","20","5000","20","exhaustive_unique","19","compact_separated","kmeans","./1_benchmarking_comparison\kmeans\compact_separated"
"centroid_distance","1.0","2.299099704234726","2.299099704234726","1","20","1","5000","1","exhaustive_unique","20","compact_separated","kmeans","./1_benchmarking_comparison\kmeans\compact_separated"
"dihs","1.0","0.6763357151391893","0.6763357151391893","1","20","1","5000","1","exhaustive_unique","20","compact_separated","kmeans","./1_benchmarking_comparison\kmeans\compact_separated"
"mahalanobis_distance","1.0","12.243255725733922","12.243255725733922","1","20","1","5000","1","exhaustive_unique","20","compact_separated","kmeans","./1_benchmarking_comparison\kmeans\compact_separated"
"centroid_distance","1.0","2.1476362938336298","2.1177600726302943","20","20","20","5000","20","exhaustive_unique","1","compact_separated","agglomerative","./1_benchmarking_comparison\agglomerative\compact_separated"
"dihs","1.0","0.3354987895440322","0.3303581165400115","20","20","20","5000","20","exhaustive_unique","1","compact_separated","agglomerative","./1_benchmarking_comparison\agglomerative\compact_separated"
"mahalanobis_distance","1.0","11.377971236833002","11.203375020061966","20","20","20","5000","20","exhaustive_unique","1","compact_separated","agglomerative","./1_benchmarking_comparison\agglomerative\compact_separated"
"centroid_distance","1.0","2.1911298318191874","2.1772538913789092","190","20","190","5000","190","exhaustive_unique","2","compact_separated","agglomerative","./1_benchmarking_comparison\agglomerative\compact_separated"
"dihs","1.0","0.406337553569593","0.39660140895105694","190","20","190","5000","190","exhaustive_unique","2","compact_separated","agglomerative","./1_benchmarking_comparison\agglomerative\compact_separated"
"mahalanobis_distance","1.0","11.66825980544138","11.594929996299848","190","20","190","5000","190","exhaustive_unique","2","compact_separated","agglomerative","./1_benchmarking_comparison\agglomerative\compact_separated"
"centroid_distance","1.0","2.2211801286942277","2.206634955190284","1140","20","1140","5000","1140","exhaustive_unique","3","compact_separated","agglomerative","./1_benchmarking_comparison\agglomerative\compact_separated"
"dihs","1.0","0.44287454295117135","0.4367809042543274","1140","20","1140","5000","1140","exhaustive_unique","3","compact_separated","agglomerative","./1_benchmarking_comparison\agglomerative\compact_separated"
"mahalanobis_distance","1.0","11.888280531369587","11.757570417949063","1140","20","1140","5000","1140","exhaustive_unique","3","compact_separated","agglomerative","./1_benchmarking_comparison\agglomerative\compact_separated"
"centroid_distance","1.0","2.2356505164422393","2.2237752827349917","4845","20","4845","5000","4845","exhaustive_unique","4","compact_separated","agglomerative","./1_benchmarking_comparison\agglomerative\compact_separated"
"dihs","1.0","0.4730391231054014","0.4677018355354698","4845","20","4845","5000","4845","exhaustive_unique","4","compact_separated","agglomerative","./1_benchmarking_comparison\agglomerative\compact_separated"
"mahalanobis_distance","1.0","11.986124692798722","11.848816554340425","4845","20","4845","5000","4845","exhaustive_unique","4","compact_separated","agglomerative","./1_benchmarking_comparison\agglomerative\compact_separated"
"centroid_distance","1.0","2.245477563834135","2.2352435356231144","5000","20","15504","5000","5000","random_unique","5","compact_separated","agglomerative","./1_benchmarking_comparison\agglomerative\compact_separated"
"dihs","1.0","0.4971129477064483","0.49219244804602896","5000","20","15504","5000","5000","random_unique","5","compact_separated","agglomerative","./1_benchmarking_comparison\agglomerative\compact_separated"
"mahalanobis_distance","1.0","12.020260326802642","11.910128040601153","5000","20","15504","5000","5000","random_unique","5","compact_separated","agglomerative","./1_benchmarking_comparison\agglomerative\compact_separated"
"centroid_distance","1.0","2.2545287298464087","2.2444502060070284","5000","20","38760","5000","5000","random_unique","6","compact_separated","agglomerative","./1_benchmarking_comparison\agglomerative\compact_separated"
"dihs","1.0","0.515354819014078","0.511460718994045","5000","20","38760","5000","5000","random_unique","6","compact_separated","agglomerative","./1_benchmarking_comparison\agglomerative\compact_separated"
"mahalanobis_distance","1.0","12.056748820423435","11.961045551867334","5000","20","38760","5000","5000","random_unique","6","compact_separated","agglomerative","./1_benchmarking_comparison\agglomerative\compact_separated"
"centroid_distance","1.0","2.261600838034674","2.2521936520627155","5000","20","77520","5000","5000","random_unique","7","compact_separated","agglomerative","./1_benchmarking_comparison\agglomerative\compact_separated"
"dihs","1.0","0.5317308610431828","0.5289816045486375","5000","20","77520","5000","5000","random_unique","7","compact_separated","agglomerative","./1_benchmarking_comparison\agglomerative\compact_separated"
"mahalanobis_distance","1.0","12.086526882024465","11.997404418050568","5000","20","77520","5000","5000","random_unique","7","compact_separated","agglomerative","./1_benchmarking_comparison\agglomerative\compact_separated"
"centroid_distance","1.0","2.2657587557417562","2.258193256567817","5000","20","125970","5000","5000","random_unique","8","compact_separated","agglomerative","./1_benchmarking_comparison\agglomerative\compact_separated"
"dihs","1.0","0.5443689561729079","0.5425987056904501","5000","20","125970","5000","5000","random_unique","8","compact_separated","agglomerative","./1_benchmarking_comparison\agglomerative\compact_separated"
"mahalanobis_distance","1.0","12.108739124960323","12.035913848486118","5000","20","125970","5000","5000","random_unique","8","compact_separated","agglomerative","./1_benchmarking_comparison\agglomerative\compact_separated"
"centroid_distance","1.0","2.2715984756765772","2.264093491554437","5000","20","167960","5000","5000","random_unique","9","compact_separated","agglomerative","./1_benchmarking_comparison\agglomerative\compact_separated"
"dihs","1.0","0.5553313291534496","0.5556147484652354","5000","20","167960","5000","5000","random_unique","9","compact_separated","agglomerative","./1_benchmarking_comparison\agglomerative\compact_separated"
"mahalanobis_distance","1.0","12.129488163526144","12.062214696200867","5000","20","167960","5000","5000","random_unique","9","compact_separated","agglomerative","./1_benchmarking_comparison\agglomerative\compact_separated"
"centroid_distance","1.0","2.274266909876091","2.2679276032439075","5000","20","184756","5000","5000","random_unique","10","compact_separated","agglomerative","./1_benchmarking_comparison\agglomerative\compact_separated"
"dihs","1.0","0.5667518976618615","0.5673617130579008","5000","20","184756","5000","5000","random_unique","10","compact_separated","agglomerative","./1_benchmarking_comparison\agglomerative\compact_separated"
"mahalanobis_distance","1.0","12.143700877025836","12.085785104367277","5000","20","184756","5000","5000","random_unique","10","compact_separated","agglomerative","./1_benchmarking_comparison\agglomerative\compact_separated"
"centroid_distance","1.0","2.2787673657787133","2.272649351937734","5000","20","167960","5000","5000","random_unique","11","compact_separated","agglomerative","./1_benchmarking_comparison\agglomerative\compact_separated"
"dihs","1.0","0.5785103444013491","0.578350119117046","5000","20","167960","5000","5000","random_unique","11","compact_separated","agglomerative","./1_benchmarking_comparison\agglomerative\compact_separated"
"mahalanobis_distance","1.0","12.161310328229357","12.11104327032189","5000","20","167960","5000","5000","random_unique","11","compact_separated","agglomerative","./1_benchmarking_comparison\agglomerative\compact_separated"
"centroid_distance","1.0","2.2820809769557755","2.276462722594783","5000","20","125970","5000","5000","random_unique","12","compact_separated","agglomerative","./1_benchmarking_comparison\agglomerative\compact_separated"
"dihs","1.0","0.5889142302020884","0.5895308638455181","5000","20","125970","5000","5000","random_unique","12","compact_separated","agglomerative","./1_benchmarking_comparison\agglomerative\compact_separated"
"mahalanobis_distance","1.0","12.179020335664525","12.132169822078136","5000","20","125970","5000","5000","random_unique","12","compact_separated","agglomerative","./1_benchmarking_comparison\agglomerative\compact_separated"
"centroid_distance","1.0","2.285084819790118","2.2799964389290306","5000","20","77520","5000","5000","random_unique","13","compact_separated","agglomerative","./1_benchmarking_comparison\agglomerative\compact_separated"
"dihs","1.0","0.5987193089583698","0.5992489177822279","5000","20","77520","5000","5000","random_unique","13","compact_separated","agglomerative","./1_benchmarking_comparison\agglomerative\compact_separated"
"mahalanobis_distance","1.0","12.19026574259583","12.149561402722778","5000","20","77520","5000","5000","random_unique","13","compact_separated","agglomerative","./1_benchmarking_comparison\agglomerative\compact_separated"
"centroid_distance","1.0","2.2878502570708057","2.283656578897107","5000","20","38760","5000","5000","random_unique","14","compact_separated","agglomerative","./1_benchmarking_comparison\agglomerative\compact_separated"
"dihs","1.0","0.608308179365685","0.6094251573671204","5000","20","38760","5000","5000","random_unique","14","compact_separated","agglomerative","./1_benchmarking_comparison\agglomerative\compact_separated"
"mahalanobis_distance","1.0","12.199263271141522","12.167793586819371","5000","20","38760","5000","5000","random_unique","14","compact_separated","agglomerative","./1_benchmarking_comparison\agglomerative\compact_separated"
"centroid_distance","1.0","2.29043591200735","2.286299842130435","5000","20","15504","5000","5000","random_unique","15","compact_separated","agglomerative","./1_benchmarking_comparison\agglomerative\compact_separated"
"dihs","1.0","0.6159115949949175","0.6166165072281349","5000","20","15504","5000","5000","random_unique","15","compact_separated","agglomerative","./1_benchmarking_comparison\agglomerative\compact_separated"
"mahalanobis_distance","1.0","12.206363440763468","12.18016665292858","5000","20","15504","5000","5000","random_unique","15","compact_separated","agglomerative","./1_benchmarking_comparison\agglomerative\compact_separated"
"centroid_distance","1.0","2.2930610663479265","2.289490651175491","4845","20","4845","5000","4845","exhaustive_unique","16","compact_separated","agglomerative","./1_benchmarking_comparison\agglomerative\compact_separated"
"dihs","1.0","0.6216793536810139","0.6224720539500318","4845","20","4845","5000","4845","exhaustive_unique","16","compact_separated","agglomerative","./1_benchmarking_comparison\agglomerative\compact_separated"
"mahalanobis_distance","1.0","12.216390834673547","12.197434975644125","4845","20","4845","5000","4845","exhaustive_unique","16","compact_separated","agglomerative","./1_benchmarking_comparison\agglomerative\compact_separated"
"centroid_distance","1.0","2.2956796395419303","2.292300584395025","1140","20","1140","5000","1140","exhaustive_unique","17","compact_separated","agglomerative","./1_benchmarking_comparison\agglomerative\compact_separated"
"dihs","1.0","0.6278599069704562","0.6283740615354146","1140","20","1140","5000","1140","exhaustive_unique","17","compact_separated","agglomerative","./1_benchmarking_comparison\agglomerative\compact_separated"
"mahalanobis_distance","1.0","12.225383840801843","12.211274567518771","1140","20","1140","5000","1140","exhaustive_unique","17","compact_separated","agglomerative","./1_benchmarking_comparison\agglomerative\compact_separated"
"centroid_distance","1.0","2.297421611305863","2.2947813822542567","190","20","190","5000","190","exhaustive_unique","18","compact_separated","agglomerative","./1_benchmarking_comparison\agglomerative\compact_separated"
"dihs","1.0","0.6334580398964851","0.6336491942261413","190","20","190","5000","190","exhaustive_unique","18","compact_separated","agglomerative","./1_benchmarking_comparison\agglomerative\compact_separated"
"mahalanobis_distance","1.0","12.237593098237815","12.223166665538209","190","20","190","5000","190","exhaustive_unique","18","compact_separated","agglomerative","./1_benchmarking_comparison\agglomerative\compact_separated"
"centroid_distance","1.0","2.299341815885276","2.2970180901699635","20","20","20","5000","20","exhaustive_unique","19","compact_separated","agglomerative","./1_benchmarking_comparison\agglomerative\compact_separated"
"dihs","1.0","0.63862303983237","0.6386697622739049","20","20","20","5000","20","exhaustive_unique","19","compact_separated","agglomerative","./1_benchmarking_comparison\agglomerative\compact_separated"
"mahalanobis_distance","1.0","12.246255661970583","12.23366957143995","20","20","20","5000","20","exhaustive_unique","19","compact_separated","agglomerative","./1_benchmarking_comparison\agglomerative\compact_separated"
"centroid_distance","1.0","2.299099704234726","2.299099704234726","1","20","1","5000","1","exhaustive_unique","20","compact_separated","agglomerative","./1_benchmarking_comparison\agglomerative\compact_separated"
"dihs","1.0","0.6413042406519889","0.6413042406519889","1","20","1","5000","1","exhaustive_unique","20","compact_separated","agglomerative","./1_benchmarking_comparison\agglomerative\compact_separated"
"mahalanobis_distance","1.0","12.243255725733922","12.243255725733922","1","20","1","5000","1","exhaustive_unique","20","compact_separated","agglomerative","./1_benchmarking_comparison\agglomerative\compact_separated"
"centroid_distance","0.75","0.08442175735233909","0.08703586475088645","20","20","20","5000","20","exhaustive_unique","1","one_sided_embedding","agglomerative","./1_benchmarking_comparison\agglomerative\one_sided_embedding"
"dihs","0.95","0.18623724880221101","0.17376152661285005","20","20","20","5000","20","exhaustive_unique","1","one_sided_embedding","agglomerative","./1_benchmarking_comparison\agglomerative\one_sided_embedding"
"mahalanobis_distance","0.65","0.22964558279568642","0.1998489257016778","20","20","20","5000","20","exhaustive_unique","1","one_sided_embedding","agglomerative","./1_benchmarking_comparison\agglomerative\one_sided_embedding"
"centroid_distance","0.7473684210526316","0.10521392670000422","0.0942042529609505","190","20","190","5000","190","exhaustive_unique","2","one_sided_embedding","agglomerative","./1_benchmarking_comparison\agglomerative\one_sided_embedding"
"dihs","0.9947368421052631","0.2238115319839764","0.2120928560850791","190","20","190","5000","190","exhaustive_unique","2","one_sided_embedding","agglomerative","./1_benchmarking_comparison\agglomerative\one_sided_embedding"
"mahalanobis_distance","0.7105263157894737","0.21021707155895197","0.2011395122311465","190","20","190","5000","190","exhaustive_unique","2","one_sided_embedding","agglomerative","./1_benchmarking_comparison\agglomerative\one_sided_embedding"
"centroid_distance","0.7903508771929825","0.10127584085105348","0.09359675081283923","1140","20","1140","5000","1140","exhaustive_unique","3","one_sided_embedding","agglomerative","./1_benchmarking_comparison\agglomerative\one_sided_embedding"
"dihs","0.9991228070175439","0.24447273672426348","0.23571452151974578","1140","20","1140","5000","1140","exhaustive_unique","3","one_sided_embedding","agglomerative","./1_benchmarking_comparison\agglomerative\one_sided_embedding"
"mahalanobis_distance","0.7333333333333333","0.20584390427874186","0.1942331314075367","1140","20","1140","5000","1140","exhaustive_unique","3","one_sided_embedding","agglomerative","./1_benchmarking_comparison\agglomerative\one_sided_embedding"
"centroid_distance","0.8113519091847265","0.09692819123370258","0.09187933376039081","4845","20","4845","5000","4845","exhaustive_unique","4","one_sided_embedding","agglomerative","./1_benchmarking_comparison\agglomerative\one_sided_embedding"
"dihs","0.9997936016511868","0.2550570574776349","0.2499019489526461","4845","20","4845","5000","4845","exhaustive_unique","4","one_sided_embedding","agglomerative","./1_benchmarking_comparison\agglomerative\one_sided_embedding"
"mahalanobis_distance","0.7609907120743034","0.1979779917248961","0.1883507663000175","4845","20","4845","5000","4845","exhaustive_unique","4","one_sided_embedding","agglomerative","./1_benchmarking_comparison\agglomerative\one_sided_embedding"
"centroid_distance","0.8438","0.09448950896252983","0.09046591659760345","5000","20","15504","5000","5000","random_unique","5","one_sided_embedding","agglomerative","./1_benchmarking_comparison\agglomerative\one_sided_embedding"
"dihs","1.0","0.2650755468400973","0.2606596995866314","5000","20","15504","5000","5000","random_unique","5","one_sided_embedding","agglomerative","./1_benchmarking_comparison\agglomerative\one_sided_embedding"
"mahalanobis_distance","0.7906","0.18921447251934742","0.18348071478724087","5000","20","15504","5000","5000","random_unique","5","one_sided_embedding","agglomerative","./1_benchmarking_comparison\agglomerative\one_sided_embedding"
"centroid_distance","0.868","0.09415352796999923","0.08973221190869665","5000","20","38760","5000","5000","random_unique","6","one_sided_embedding","agglomerative","./1_benchmarking_comparison\agglomerative\one_sided_embedding"
"dihs","1.0","0.2704249137412314","0.268371570699068","5000","20","38760","5000","5000","random_unique","6","one_sided_embedding","agglomerative","./1_benchmarking_comparison\agglomerative\one_sided_embedding"
"mahalanobis_distance","0.8192","0.18238205212059527","0.17954425583875874","5000","20","38760","5000","5000","random_unique","6","one_sided_embedding","agglomerative","./1_benchmarking_comparison\agglomerative\one_sided_embedding"
"centroid_distance","0.8968","0.09323737600412788","0.08887043233246687","5000","20","77520","5000","5000","random_unique","7","one_sided_embedding","agglomerative","./1_benchmarking_comparison\agglomerative\one_sided_embedding"
"dihs","1.0","0.2735794246672647","0.2737681611635168","5000","20","77520","5000","5000","random_unique","7","one_sided_embedding","agglomerative","./1_benchmarking_comparison\agglomerative\one_sided_embedding"
"mahalanobis_distance","0.8418","0.17535265015756257","0.17620480874020764","5000","20","77520","5000","5000","random_unique","7","one_sided_embedding","agglomerative","./1_benchmarking_comparison\agglomerative\one_sided_embedding"
"centroid_distance","0.925","0.09406279757845563","0.0897899269526356","5000","20","125970","5000","5000","random_unique","8","one_sided_embedding","agglomerative","./1_benchmarking_comparison\agglomerative\one_sided_embedding"
"dihs","1.0","0.2758043520819281","0.2771061702483863","5000","20","125970","5000","5000","random_unique","8","one_sided_embedding","agglomerative","./1_benchmarking_comparison\agglomerative\one_sided_embedding"
"mahalanobis_distance","0.8764","0.17494580629635262","0.17429293608174765","5000","20","125970","5000","5000","random_unique","8","one_sided_embedding","agglomerative","./1_benchmarking_comparison\agglomerative\one_sided_embedding"
"centroid_distance","0.951","0.09489122380329193","0.09039204662991772","5000","20","167960","5000","5000","random_unique","9","one_sided_embedding","agglomerative","./1_benchmarking_comparison\agglomerative\one_sided_embedding"
"dihs","1.0","0.2769525251326477","0.2800489267536863","5000","20","167960","5000","5000","random_unique","9","one_sided_embedding","agglomerative","./1_benchmarking_comparison\agglomerative\one_sided_embedding"
"mahalanobis_distance","0.8978","0.17488829107109538","0.17295643481081396","5000","20","167960","5000","5000","random_unique","9","one_sided_embedding","agglomerative","./1_benchmarking_comparison\agglomerative\one_sided_embedding"
"centroid_distance","0.9608","0.09522272007025784","0.09114226077879597","5000","20","184756","5000","5000","random_unique","10","one_sided_embedding","agglomerative","./1_benchmarking_comparison\agglomerative\one_sided_embedding"
"dihs","1.0","0.28182256744938855","0.28515142687690814","5000","20","184756","5000","5000","random_unique","10","one_sided_embedding","agglomerative","./1_benchmarking_comparison\agglomerative\one_sided_embedding"
"mahalanobis_distance","0.9112","0.17297642174715172","0.17301922188872693","5000","20","184756","5000","5000","random_unique","10","one_sided_embedding","agglomerative","./1_benchmarking_comparison\agglomerative\one_sided_embedding"
"centroid_distance","0.9828","0.09606660815584073","0.0933788888587142","5000","20","167960","5000","5000","random_unique","11","one_sided_embedding","agglomerative","./1_benchmarking_comparison\agglomerative\one_sided_embedding"
"dihs","1.0","0.2838602889422238","0.28810679543120216","5000","20","167960","5000","5000","random_unique","11","one_sided_embedding","agglomerative","./1_benchmarking_comparison\agglomerative\one_sided_embedding"
"mahalanobis_distance","0.9428","0.17457254799263922","0.17417113591430175","5000","20","167960","5000","5000","random_unique","11","one_sided_embedding","agglomerative","./1_benchmarking_comparison\agglomerative\one_sided_embedding"
"centroid_distance","0.9922","0.09939186854074615","0.09620240452278415","5000","20","125970","5000","5000","random_unique","12","one_sided_embedding","agglomerative","./1_benchmarking_comparison\agglomerative\one_sided_embedding"
"dihs","1.0","0.28664593936027705","0.2907582093478139","5000","20","125970","5000","5000","random_unique","12","one_sided_embedding","agglomerative","./1_benchmarking_comparison\agglomerative\one_sided_embedding"
"mahalanobis_distance","0.964","0.18222794173716805","0.17882205207397753","5000","20","125970","5000","5000","random_unique","12","one_sided_embedding","agglomerative","./1_benchmarking_comparison\agglomerative\one_sided_embedding"
"centroid_distance","0.9974","0.09760717735849439","0.0955359694103023","5000","20","77520","5000","5000","random_unique","13","one_sided_embedding","agglomerative","./1_benchmarking_comparison\agglomerative\one_sided_embedding"
"dihs","1.0","0.2885774676207631","0.29194237343808266","5000","20","77520","5000","5000","random_unique","13","one_sided_embedding","agglomerative","./1_benchmarking_comparison\agglomerative\one_sided_embedding"
"mahalanobis_distance","0.9778","0.17689134798453743","0.17503174010969288","5000","20","77520","5000","5000","random_unique","13","one_sided_embedding","agglomerative","./1_benchmarking_comparison\agglomerative\one_sided_embedding"
"centroid_distance","0.9994","0.09922453460419631","0.09805538997946639","5000","20","38760","5000","5000","random_unique","14","one_sided_embedding","agglomerative","./1_benchmarking_comparison\agglomerative\one_sided_embedding"
"dihs","1.0","0.2913590482309344","0.29420333626837264","5000","20","38760","5000","5000","random_unique","14","one_sided_embedding","agglomerative","./1_benchmarking_comparison\agglomerative\one_sided_embedding"
"mahalanobis_distance","0.9916","0.18084589744045787","0.1798979126188296","5000","20","38760","5000","5000","random_unique","14","one_sided_embedding","agglomerative","./1_benchmarking_comparison\agglomerative\one_sided_embedding"
"centroid_distance","1.0","0.09944807467253144","0.09860753284444354","5000","20","15504","5000","5000","random_unique","15","one_sided_embedding","agglomerative","./1_benchmarking_comparison\agglomerative\one_sided_embedding"
"dihs","1.0","0.29439474286227835","0.29653325400610564","5000","20","15504","5000","5000","random_unique","15","one_sided_embedding","agglomerative","./1_benchmarking_comparison\agglomerative\one_sided_embedding"
"mahalanobis_distance","0.9984","0.18028797176258324","0.17999118493546512","5000","20","15504","5000","5000","random_unique","15","one_sided_embedding","agglomerative","./1_benchmarking_comparison\agglomerative\one_sided_embedding"
"centroid_distance","1.0","0.09994504420296449","0.10007421370315797","4845","20","4845","5000","4845","exhaustive_unique","16","one_sided_embedding","agglomerative","./1_benchmarking_comparison\agglomerative\one_sided_embedding"
"dihs","1.0","0.29758760468463613","0.298668212878754","4845","20","4845","5000","4845","exhaustive_unique","16","one_sided_embedding","agglomerative","./1_benchmarking_comparison\agglomerative\one_sided_embedding"
"mahalanobis_distance","1.0","0.18156829439736588","0.18253401256515758","4845","20","4845","5000","4845","exhaustive_unique","16","one_sided_embedding","agglomerative","./1_benchmarking_comparison\agglomerative\one_sided_embedding"
"centroid_distance","1.0","0.10024399597105929","0.1010092206424126","1140","20","1140","5000","1140","exhaustive_unique","17","one_sided_embedding","agglomerative","./1_benchmarking_comparison\agglomerative\one_sided_embedding"
"dihs","1.0","0.30091154830244576","0.3009657865455484","1140","20","1140","5000","1140","exhaustive_unique","17","one_sided_embedding","agglomerative","./1_benchmarking_comparison\agglomerative\one_sided_embedding"
"mahalanobis_distance","1.0","0.18193503830045601","0.18395827088402383","1140","20","1140","5000","1140","exhaustive_unique","17","one_sided_embedding","agglomerative","./1_benchmarking_comparison\agglomerative\one_sided_embedding"
"centroid_distance","1.0","0.10129754564182641","0.10181701756917629","190","20","190","5000","190","exhaustive_unique","18","one_sided_embedding","agglomerative","./1_benchmarking_comparison\agglomerative\one_sided_embedding"
"dihs","1.0","0.3052535708475952","0.3043639889542073","190","20","190","5000","190","exhaustive_unique","18","one_sided_embedding","agglomerative","./1_benchmarking_comparison\agglomerative\one_sided_embedding"
"mahalanobis_distance","1.0","0.18277595505967129","0.18512603924420784","190","20","190","5000","190","exhaustive_unique","18","one_sided_embedding","agglomerative","./1_benchmarking_comparison\agglomerative\one_sided_embedding"
"centroid_distance","1.0","0.1011630195800283","0.10252630876399622","20","20","20","5000","20","exhaustive_unique","19","one_sided_embedding","agglomerative","./1_benchmarking_comparison\agglomerative\one_sided_embedding"
"dihs","1.0","0.30853223278094427","0.30946126516978195","20","20","20","5000","20","exhaustive_unique","19","one_sided_embedding","agglomerative","./1_benchmarking_comparison\agglomerative\one_sided_embedding"
"mahalanobis_distance","1.0","0.18258837559772384","0.18612169224196046","20","20","20","5000","20","exhaustive_unique","19","one_sided_embedding","agglomerative","./1_benchmarking_comparison\agglomerative\one_sided_embedding"
"centroid_distance","1.0","0.10315631041052664","0.10315631041052664","1","20","1","5000","1","exhaustive_unique","20","one_sided_embedding","agglomerative","./1_benchmarking_comparison\agglomerative\one_sided_embedding"
"dihs","1.0","0.3134853542799326","0.3134853542799326","1","20","1","5000","1","exhaustive_unique","20","one_sided_embedding","agglomerative","./1_benchmarking_comparison\agglomerative\one_sided_embedding"
"mahalanobis_distance","1.0","0.1869881989928412","0.1869881989928412","1","20","1","5000","1","exhaustive_unique","20","one_sided_embedding","agglomerative","./1_benchmarking_comparison\agglomerative\one_sided_embedding"
"centroid_distance","1.0","2.1476362938336298","2.1177600726302943","20","20","20","5000","20","exhaustive_unique","1","compact_separated","gaussian","./1_benchmarking_comparison\gaussian\compact_separated"
"dihs","1.0","0.340166103374245","0.3437333120648837","20","20","20","5000","20","exhaustive_unique","1","compact_separated","gaussian","./1_benchmarking_comparison\gaussian\compact_separated"
"mahalanobis_distance","1.0","11.377971236833002","11.203375020061966","20","20","20","5000","20","exhaustive_unique","1","compact_separated","gaussian","./1_benchmarking_comparison\gaussian\compact_separated"
"centroid_distance","1.0","2.1911298318191874","2.1772538913789092","190","20","190","5000","190","exhaustive_unique","2","compact_separated","gaussian","./1_benchmarking_comparison\gaussian\compact_separated"
"dihs","1.0","0.40602931043343915","0.40747878806653304","190","20","190","5000","190","exhaustive_unique","2","compact_separated","gaussian","./1_benchmarking_comparison\gaussian\compact_separated"
"mahalanobis_distance","1.0","11.66825980544138","11.594929996299848","190","20","190","5000","190","exhaustive_unique","2","compact_separated","gaussian","./1_benchmarking_comparison\gaussian\compact_separated"
"centroid_distance","1.0","2.2211801286942277","2.206634955190284","1140","20","1140","5000","1140","exhaustive_unique","3","compact_separated","gaussian","./1_benchmarking_comparison\gaussian\compact_separated"
"dihs","1.0","0.4519084765230201","0.4514098027177734","1140","20","1140","5000","1140","exhaustive_unique","3","compact_separated","gaussian","./1_benchmarking_comparison\gaussian\compact_separated"
"mahalanobis_distance","1.0","11.888280531369587","11.757570417949063","1140","20","1140","5000","1140","exhaustive_unique","3","compact_separated","gaussian","./1_benchmarking_comparison\gaussian\compact_separated"
"centroid_distance","1.0","2.2356505164422393","2.2237752827349917","4845","20","4845","5000","4845","exhaustive_unique","4","compact_separated","gaussian","./1_benchmarking_comparison\gaussian\compact_separated"
"dihs","1.0","0.4811743571007794","0.4797397359198512","4845","20","4845","5000","4845","exhaustive_unique","4","compact_separated","gaussian","./1_benchmarking_comparison\gaussian\compact_separated"
"mahalanobis_distance","1.0","11.986124692798722","11.848816554340425","4845","20","4845","5000","4845","exhaustive_unique","4","compact_separated","gaussian","./1_benchmarking_comparison\gaussian\compact_separated"
"centroid_distance","1.0","2.245477563834135","2.2352435356231144","5000","20","15504","5000","5000","random_unique","5","compact_separated","gaussian","./1_benchmarking_comparison\gaussian\compact_separated"
"dihs","1.0","0.5038891912870922","0.5021319966503958","5000","20","15504","5000","5000","random_unique","5","compact_separated","gaussian","./1_benchmarking_comparison\gaussian\compact_separated"
"mahalanobis_distance","1.0","12.020260326802642","11.910128040601153","5000","20","15504","5000","5000","random_unique","5","compact_separated","gaussian","./1_benchmarking_comparison\gaussian\compact_separated"
"centroid_distance","1.0","2.2545287298464087","2.2444502060070284","5000","20","38760","5000","5000","random_unique","6","compact_separated","gaussian","./1_benchmarking_comparison\gaussian\compact_separated"
"dihs","1.0","0.5217351728874127","0.5219023160313243","5000","20","38760","5000","5000","random_unique","6","compact_separated","gaussian","./1_benchmarking_comparison\gaussian\compact_separated"
"mahalanobis_distance","1.0","12.056748820423435","11.961045551867334","5000","20","38760","5000","5000","random_unique","6","compact_separated","gaussian","./1_benchmarking_comparison\gaussian\compact_separated"
"centroid_distance","1.0","2.261600838034674","2.2521936520627155","5000","20","77520","5000","5000","random_unique","7","compact_separated","gaussian","./1_benchmarking_comparison\gaussian\compact_separated"
"dihs","1.0","0.5403881317884063","0.5396305372110172","5000","20","77520","5000","5000","random_unique","7","compact_separated","gaussian","./1_benchmarking_comparison\gaussian\compact_separated"
"mahalanobis_distance","1.0","12.086526882024465","11.997404418050568","5000","20","77520","5000","5000","random_unique","7","compact_separated","gaussian","./1_benchmarking_comparison\gaussian\compact_separated"
"centroid_distance","1.0","2.2657587557417562","2.258193256567817","5000","20","125970","5000","5000","random_unique","8","compact_separated","gaussian","./1_benchmarking_comparison\gaussian\compact_separated"
"dihs","1.0","0.5554274527855263","0.5539347084087994","5000","20","125970","5000","5000","random_unique","8","compact_separated","gaussian","./1_benchmarking_comparison\gaussian\compact_separated"
"mahalanobis_distance","1.0","12.108739124960323","12.035913848486118","5000","20","125970","5000","5000","random_unique","8","compact_separated","gaussian","./1_benchmarking_comparison\gaussian\compact_separated"
"centroid_distance","1.0","2.2715984756765772","2.264093491554437","5000","20","167960","5000","5000","random_unique","9","compact_separated","gaussian","./1_benchmarking_comparison\gaussian\compact_separated"
"dihs","1.0","0.5681481713514791","0.5666489856014331","5000","20","167960","5000","5000","random_unique","9","compact_separated","gaussian","./1_benchmarking_comparison\gaussian\compact_separated"
"mahalanobis_distance","1.0","12.129488163526144","12.062214696200867","5000","20","167960","5000","5000","random_unique","9","compact_separated","gaussian","./1_benchmarking_comparison\gaussian\compact_separated"
"centroid_distance","1.0","2.274266909876091","2.2679276032439075","5000","20","184756","5000","5000","random_unique","10","compact_separated","gaussian","./1_benchmarking_comparison\gaussian\compact_separated"
"dihs","1.0","0.5812414851188732","0.5793580031446809","5000","20","184756","5000","5000","random_unique","10","compact_separated","gaussian","./1_benchmarking_comparison\gaussian\compact_separated"
"mahalanobis_distance","1.0","12.143700877025836","12.085785104367277","5000","20","184756","5000","5000","random_unique","10","compact_separated","gaussian","./1_benchmarking_comparison\gaussian\compact_separated"
"centroid_distance","1.0","2.2787673657787133","2.272649351937734","5000","20","167960","5000","5000","random_unique","11","compact_separated","gaussian","./1_benchmarking_comparison\gaussian\compact_separated"
"dihs","1.0","0.5909826561031547","0.5900420119645773","5000","20","167960","5000","5000","random_unique","11","compact_separated","gaussian","./1_benchmarking_comparison\gaussian\compact_separated"
"mahalanobis_distance","1.0","12.161310328229357","12.11104327032189","5000","20","167960","5000","5000","random_unique","11","compact_separated","gaussian","./1_benchmarking_comparison\gaussian\compact_separated"
"centroid_distance","1.0","2.2820809769557755","2.276462722594783","5000","20","125970","5000","5000","random_unique","12","compact_separated","gaussian","./1_benchmarking_comparison\gaussian\compact_separated"
"dihs","1.0","0.6017253431223172","0.5999353169027231","5000","20","125970","5000","5000","random_unique","12","compact_separated","gaussian","./1_benchmarking_comparison\gaussian\compact_separated"
"mahalanobis_distance","1.0","12.179020335664525","12.132169822078136","5000","20","125970","5000","5000","random_unique","12","compact_separated","gaussian","./1_benchmarking_comparison\gaussian\compact_separated"
"centroid_distance","1.0","2.285084819790118","2.2799964389290306","5000","20","77520","5000","5000","random_unique","13","compact_separated","gaussian","./1_benchmarking_comparison\gaussian\compact_separated"
"dihs","1.0","0.6087422268362119","0.6073862422282322","5000","20","77520","5000","5000","random_unique","13","compact_separated","gaussian","./1_benchmarking_comparison\gaussian\compact_separated"
"mahalanobis_distance","1.0","12.19026574259583","12.149561402722778","5000","20","77520","5000","5000","random_unique","13","compact_separated","gaussian","./1_benchmarking_comparison\gaussian\compact_separated"
"centroid_distance","1.0","2.2878502570708057","2.283656578897107","5000","20","38760","5000","5000","random_unique","14","compact_separated","gaussian","./1_benchmarking_comparison\gaussian\compact_separated"
"dihs","1.0","0.6166909274454653","0.6160274951739768","5000","20","38760","5000","5000","random_unique","14","compact_separated","gaussian","./1_benchmarking_comparison\gaussian\compact_separated"
"mahalanobis_distance","1.0","12.199263271141522","12.167793586819371","5000","20","38760","5000","5000","random_unique","14","compact_separated","gaussian","./1_benchmarking_comparison\gaussian\compact_separated"
"centroid_distance","1.0","2.29043591200735","2.286299842130435","5000","20","15504","5000","5000","random_unique","15","compact_separated","gaussian","./1_benchmarking_comparison\gaussian\compact_separated"
"dihs","1.0","0.6236260749167404","0.6231312853175316","5000","20","15504","5000","5000","random_unique","15","compact_separated","gaussian","./1_benchmarking_comparison\gaussian\compact_separated"
"mahalanobis_distance","1.0","12.206363440763468","12.18016665292858","5000","20","15504","5000","5000","random_unique","15","compact_separated","gaussian","./1_benchmarking_comparison\gaussian\compact_separated"
"centroid_distance","1.0","2.2930610663479265","2.289490651175491","4845","20","4845","5000","4845","exhaustive_unique","16","compact_separated","gaussian","./1_benchmarking_comparison\gaussian\compact_separated"
"dihs","1.0","0.6312018220766803","0.6319154240823668","4845","20","4845","5000","4845","exhaustive_unique","16","compact_separated","gaussian","./1_benchmarking_comparison\gaussian\compact_separated"
"mahalanobis_distance","1.0","12.216390834673547","12.197434975644125","4845","20","4845","5000","4845","exhaustive_unique","16","compact_separated","gaussian","./1_benchmarking_comparison\gaussian\compact_separated"
"centroid_distance","1.0","2.2956796395419303","2.292300584395025","1140","20","1140","5000","1140","exhaustive_unique","17","compact_separated","gaussian","./1_benchmarking_comparison\gaussian\compact_separated"
"dihs","1.0","0.63149260755766","0.6315377896288097","1140","20","1140","5000","1140","exhaustive_unique","17","compact_separated","gaussian","./1_benchmarking_comparison\gaussian\compact_separated"
"mahalanobis_distance","1.0","12.225383840801843","12.211274567518771","1140","20","1140","5000","1140","exhaustive_unique","17","compact_separated","gaussian","./1_benchmarking_comparison\gaussian\compact_separated"
"centroid_distance","1.0","2.297421611305863","2.2947813822542567","190","20","190","5000","190","exhaustive_unique","18","compact_separated","gaussian","./1_benchmarking_comparison\gaussian\compact_separated"
"dihs","1.0","0.6364775878484359","0.6366415504893953","190","20","190","5000","190","exhaustive_unique","18","compact_separated","gaussian","./1_benchmarking_comparison\gaussian\compact_separated"
"mahalanobis_distance","1.0","12.237593098237815","12.223166665538209","190","20","190","5000","190","exhaustive_unique","18","compact_separated","gaussian","./1_benchmarking_comparison\gaussian\compact_separated"
"centroid_distance","1.0","2.299341815885276","2.2970180901699635","20","20","20","5000","20","exhaustive_unique","19","compact_separated","gaussian","./1_benchmarking_comparison\gaussian\compact_separated"
"dihs","1.0","0.6480687110648904","0.646737935683388","20","20","20","5000","20","exhaustive_unique","19","compact_separated","gaussian","./1_benchmarking_comparison\gaussian\compact_separated"
"mahalanobis_distance","1.0","12.246255661970583","12.23366957143995","20","20","20","5000","20","exhaustive_unique","19","compact_separated","gaussian","./1_benchmarking_comparison\gaussian\compact_separated"
"centroid_distance","1.0","2.299099704234726","2.299099704234726","1","20","1","5000","1","exhaustive_unique","20","compact_separated","gaussian","./1_benchmarking_comparison\gaussian\compact_separated"
"dihs","1.0","0.6470049115284627","0.6470049115284627","1","20","1","5000","1","exhaustive_unique","20","compact_separated","gaussian","./1_benchmarking_comparison\gaussian\compact_separated"
"mahalanobis_distance","1.0","12.243255725733922","12.243255725733922","1","20","1","5000","1","exhaustive_unique","20","compact_separated","gaussian","./1_benchmarking_comparison\gaussian\compact_separated"
"centroid_distance","1.0","0.6427406199173702","0.6261474239215772","20","20","20","5000","20","exhaustive_unique","1","shallow_only_overlap","agglomerative","./1_benchmarking_comparison\agglomerative\shallow_only_overlap"
"dihs","1.0","0.04464701830661133","0.06575888898453706","20","20","20","5000","20","exhaustive_unique","1","shallow_only_overlap","agglomerative","./1_benchmarking_comparison\agglomerative\shallow_only_overlap"
"mahalanobis_distance","1.0","1.5119491552877133","1.4727533531589088","20","20","20","5000","20","exhaustive_unique","1","shallow_only_overlap","agglomerative","./1_benchmarking_comparison\agglomerative\shallow_only_overlap"
"centroid_distance","1.0","0.6491370184590135","0.6400448137192869","190","20","190","5000","190","exhaustive_unique","2","shallow_only_overlap","agglomerative","./1_benchmarking_comparison\agglomerative\shallow_only_overlap"
"dihs","0.9473684210526315","0.08276949158994285","0.07929509942636845","190","20","190","5000","190","exhaustive_unique","2","shallow_only_overlap","agglomerative","./1_benchmarking_comparison\agglomerative\shallow_only_overlap"
"mahalanobis_distance","1.0","1.5301492928430083","1.508757728223588","190","20","190","5000","190","exhaustive_unique","2","shallow_only_overlap","agglomerative","./1_benchmarking_comparison\agglomerative\shallow_only_overlap"
"centroid_distance","1.0","0.6523219289159881","0.6452468384831997","1140","20","1140","5000","1140","exhaustive_unique","3","shallow_only_overlap","agglomerative","./1_benchmarking_comparison\agglomerative\shallow_only_overlap"
"dihs","0.9578947368421052","0.08306711966242541","0.08854467485677903","1140","20","1140","5000","1140","exhaustive_unique","3","shallow_only_overlap","agglomerative","./1_benchmarking_comparison\agglomerative\shallow_only_overlap"
"mahalanobis_distance","1.0","1.539025549970707","1.522237612998642","1140","20","1140","5000","1140","exhaustive_unique","3","shallow_only_overlap","agglomerative","./1_benchmarking_comparison\agglomerative\shallow_only_overlap"
"centroid_distance","1.0","0.6533988267722524","0.647821324894914","4845","20","4845","5000","4845","exhaustive_unique","4","shallow_only_overlap","agglomerative","./1_benchmarking_comparison\agglomerative\shallow_only_overlap"
"dihs","0.9680082559339526","0.09137816329623849","0.09687839521154042","4845","20","4845","5000","4845","exhaustive_unique","4","shallow_only_overlap","agglomerative","./1_benchmarking_comparison\agglomerative\shallow_only_overlap"
"mahalanobis_distance","1.0","1.542910600211549","1.5295164203759721","4845","20","4845","5000","4845","exhaustive_unique","4","shallow_only_overlap","agglomerative","./1_benchmarking_comparison\agglomerative\shallow_only_overlap"
"centroid_distance","1.0","0.6534406544882218","0.6493055088755662","5000","20","15504","5000","5000","random_unique","5","shallow_only_overlap","agglomerative","./1_benchmarking_comparison\agglomerative\shallow_only_overlap"
"dihs","0.9768","0.09706058924926395","0.10272248284481207","5000","20","15504","5000","5000","random_unique","5","shallow_only_overlap","agglomerative","./1_benchmarking_comparison\agglomerative\shallow_only_overlap"
"mahalanobis_distance","1.0","1.5440260167549962","1.5342115522737516","5000","20","15504","5000","5000","random_unique","5","shallow_only_overlap","agglomerative","./1_benchmarking_comparison\agglomerative\shallow_only_overlap"
"centroid_distance","1.0","0.653756908115179","0.6500902385227342","5000","20","38760","5000","5000","random_unique","6","shallow_only_overlap","agglomerative","./1_benchmarking_comparison\agglomerative\shallow_only_overlap"
"dihs","0.9898","0.10096679813527104","0.1071196620995559","5000","20","38760","5000","5000","random_unique","6","shallow_only_overlap","agglomerative","./1_benchmarking_comparison\agglomerative\shallow_only_overlap"
"mahalanobis_distance","1.0","1.545947855189493","1.5372198624493325","5000","20","38760","5000","5000","random_unique","6","shallow_only_overlap","agglomerative","./1_benchmarking_comparison\agglomerative\shallow_only_overlap"
"centroid_distance","1.0","0.6536503688872468","0.6506815147863674","5000","20","77520","5000","5000","random_unique","7","shallow_only_overlap","agglomerative","./1_benchmarking_comparison\agglomerative\shallow_only_overlap"
"dihs","0.989","0.10465914642923543","0.11045698029214963","5000","20","77520","5000","5000","random_unique","7","shallow_only_overlap","agglomerative","./1_benchmarking_comparison\agglomerative\shallow_only_overlap"
"mahalanobis_distance","1.0","1.5467396641716056","1.5398104043600758","5000","20","77520","5000","5000","random_unique","7","shallow_only_overlap","agglomerative","./1_benchmarking_comparison\agglomerative\shallow_only_overlap"
"centroid_distance","1.0","0.6534347313393595","0.6512554363509108","5000","20","125970","5000","5000","random_unique","8","shallow_only_overlap","agglomerative","./1_benchmarking_comparison\agglomerative\shallow_only_overlap"
"dihs","0.9952","0.110220254320192","0.11409282499589563","5000","20","125970","5000","5000","random_unique","8","shallow_only_overlap","agglomerative","./1_benchmarking_comparison\agglomerative\shallow_only_overlap"
"mahalanobis_distance","1.0","1.5474663483342839","1.5423160696461164","5000","20","125970","5000","5000","random_unique","8","shallow_only_overlap","agglomerative","./1_benchmarking_comparison\agglomerative\shallow_only_overlap"
"centroid_distance","1.0","0.6530864054801855","0.6511677710893052","5000","20","167960","5000","5000","random_unique","9","shallow_only_overlap","agglomerative","./1_benchmarking_comparison\agglomerative\shallow_only_overlap"
"dihs","0.9964","0.11393524461736373","0.11707842399028491","5000","20","167960","5000","5000","random_unique","9","shallow_only_overlap","agglomerative","./1_benchmarking_comparison\agglomerative\shallow_only_overlap"
"mahalanobis_distance","1.0","1.5477960915143956","1.5432109473404718","5000","20","167960","5000","5000","random_unique","9","shallow_only_overlap","agglomerative","./1_benchmarking_comparison\agglomerative\shallow_only_overlap"
"centroid_distance","1.0","0.6525995940402589","0.650968033371938","5000","20","184756","5000","5000","random_unique","10","shallow_only_overlap","agglomerative","./1_benchmarking_comparison\agglomerative\shallow_only_overlap"
"dihs","0.9982","0.11800988999045092","0.11923948703126466","5000","20","184756","5000","5000","random_unique","10","shallow_only_overlap","agglomerative","./1_benchmarking_comparison\agglomerative\shallow_only_overlap"
"mahalanobis_distance","1.0","1.5475589131588552","1.543837190315116","5000","20","184756","5000","5000","random_unique","10","shallow_only_overlap","agglomerative","./1_benchmarking_comparison\agglomerative\shallow_only_overlap"
"centroid_distance","1.0","0.6528419496251893","0.6512962482301636","5000","20","167960","5000","5000","random_unique","11","shallow_only_overlap","agglomerative","./1_benchmarking_comparison\agglomerative\shallow_only_overlap"
"dihs","0.9982","0.12114210695276628","0.12223711227742474","5000","20","167960","5000","5000","random_unique","11","shallow_only_overlap","agglomerative","./1_benchmarking_comparison\agglomerative\shallow_only_overlap"
"mahalanobis_distance","1.0","1.5492269258602054","1.5457298757160056","5000","20","167960","5000","5000","random_unique","11","shallow_only_overlap","agglomerative","./1_benchmarking_comparison\agglomerative\shallow_only_overlap"
"centroid_distance","1.0","0.6530711174211862","0.6516847422110255","5000","20","125970","5000","5000","random_unique","12","shallow_only_overlap","agglomerative","./1_benchmarking_comparison\agglomerative\shallow_only_overlap"
"dihs","0.9998","0.1271609050634564","0.12720984782904982","5000","20","125970","5000","5000","random_unique","12","shallow_only_overlap","agglomerative","./1_benchmarking_comparison\agglomerative\shallow_only_overlap"
"mahalanobis_distance","1.0","1.5508780152249546","1.5477675293970652","5000","20","125970","5000","5000","random_unique","12","shallow_only_overlap","agglomerative","./1_benchmarking_comparison\agglomerative\shallow_only_overlap"
"centroid_distance","1.0","0.6523240122431893","0.6513797531374171","5000","20","77520","5000","5000","random_unique","13","shallow_only_overlap","agglomerative","./1_benchmarking_comparison\agglomerative\shallow_only_overlap"
"dihs","1.0","0.12831693113393922","0.1277276126378821","5000","20","77520","5000","5000","random_unique","13","shallow_only_overlap","agglomerative","./1_benchmarking_comparison\agglomerative\shallow_only_overlap"
"mahalanobis_distance","1.0","1.5500695376360034","1.5481038409785517","5000","20","77520","5000","5000","random_unique","13","shallow_only_overlap","agglomerative","./1_benchmarking_comparison\agglomerative\shallow_only_overlap"
"centroid_distance","1.0","0.6524465491750151","0.6516132592826634","5000","20","38760","5000","5000","random_unique","14","shallow_only_overlap","agglomerative","./1_benchmarking_comparison\agglomerative\shallow_only_overlap"
"dihs","1.0","0.1332622797554017","0.13139099869397888","5000","20","38760","5000","5000","random_unique","14","shallow_only_overlap","agglomerative","./1_benchmarking_comparison\agglomerative\shallow_only_overlap"
"mahalanobis_distance","1.0","1.5516439336583323","1.5497366934467989","5000","20","38760","5000","5000","random_unique","14","shallow_only_overlap","agglomerative","./1_benchmarking_comparison\agglomerative\shallow_only_overlap"
"centroid_distance","1.0","0.6521520444697395","0.6514161774716087","5000","20","15504","5000","5000","random_unique","15","shallow_only_overlap","agglomerative","./1_benchmarking_comparison\agglomerative\shallow_only_overlap"
"dihs","1.0","0.1354139855923005","0.133928532888599","5000","20","15504","5000","5000","random_unique","15","shallow_only_overlap","agglomerative","./1_benchmarking_comparison\agglomerative\shallow_only_overlap"
"mahalanobis_distance","1.0","1.5518224969019503","1.550294425326902","5000","20","15504","5000","5000","random_unique","15","shallow_only_overlap","agglomerative","./1_benchmarking_comparison\agglomerative\shallow_only_overlap"
"centroid_distance","1.0","0.651998859500194","0.6513454897612715","4845","20","4845","5000","4845","exhaustive_unique","16","shallow_only_overlap","agglomerative","./1_benchmarking_comparison\agglomerative\shallow_only_overlap"
"dihs","1.0","0.13705973157823953","0.13656313853588417","4845","20","4845","5000","4845","exhaustive_unique","16","shallow_only_overlap","agglomerative","./1_benchmarking_comparison\agglomerative\shallow_only_overlap"
"mahalanobis_distance","1.0","1.5524159846426748","1.551160731889576","4845","20","4845","5000","4845","exhaustive_unique","16","shallow_only_overlap","agglomerative","./1_benchmarking_comparison\agglomerative\shallow_only_overlap"
"centroid_distance","1.0","0.6517609778314097","0.6512665876815935","1140","20","1140","5000","1140","exhaustive_unique","17","shallow_only_overlap","agglomerative","./1_benchmarking_comparison\agglomerative\shallow_only_overlap"
"dihs","1.0","0.13849868940843935","0.13904387711952126","1140","20","1140","5000","1140","exhaustive_unique","17","shallow_only_overlap","agglomerative","./1_benchmarking_comparison\agglomerative\shallow_only_overlap"
"mahalanobis_distance","1.0","1.5529990883910187","1.5519887245301167","1140","20","1140","5000","1140","exhaustive_unique","17","shallow_only_overlap","agglomerative","./1_benchmarking_comparison\agglomerative\shallow_only_overlap"
"centroid_distance","1.0","0.6515274578484717","0.6511804726442741","190","20","190","5000","190","exhaustive_unique","18","shallow_only_overlap","agglomerative","./1_benchmarking_comparison\agglomerative\shallow_only_overlap"
"dihs","1.0","0.1348706928274347","0.1369799638413746","190","20","190","5000","190","exhaustive_unique","18","shallow_only_overlap","agglomerative","./1_benchmarking_comparison\agglomerative\shallow_only_overlap"
"mahalanobis_distance","1.0","1.5533051673997977","1.552785772299526","190","20","190","5000","190","exhaustive_unique","18","shallow_only_overlap","agglomerative","./1_benchmarking_comparison\agglomerative\shallow_only_overlap"
"centroid_distance","1.0","0.6512371753381789","0.6510893344333055","20","20","20","5000","20","exhaustive_unique","19","shallow_only_overlap","agglomerative","./1_benchmarking_comparison\agglomerative\shallow_only_overlap"
"dihs","1.0","0.12815953328101137","0.1317078722562717","20","20","20","5000","20","exhaustive_unique","19","shallow_only_overlap","agglomerative","./1_benchmarking_comparison\agglomerative\shallow_only_overlap"
"mahalanobis_distance","1.0","1.553799396728404","1.5535572709177883","20","20","20","5000","20","exhaustive_unique","19","shallow_only_overlap","agglomerative","./1_benchmarking_comparison\agglomerative\shallow_only_overlap"
"centroid_distance","1.0","0.6509949019229426","0.6509949019229426","1","20","1","5000","1","exhaustive_unique","20","shallow_only_overlap","agglomerative","./1_benchmarking_comparison\agglomerative\shallow_only_overlap"
"dihs","1.0","0.12395726933889506","0.12395726933889506","1","20","1","5000","1","exhaustive_unique","20","shallow_only_overlap","agglomerative","./1_benchmarking_comparison\agglomerative\shallow_only_overlap"
"mahalanobis_distance","1.0","1.5543075256293382","1.5543075256293382","1","20","1","5000","1","exhaustive_unique","20","shallow_only_overlap","agglomerative","./1_benchmarking_comparison\agglomerative\shallow_only_overlap"
"centroid_distance","1.0","0.6427406199173702","0.6261474239215772","20","20","20","5000","20","exhaustive_unique","1","shallow_only_overlap","kmeans","./1_benchmarking_comparison\kmeans\shallow_only_overlap"
"dihs","1.0","0.05769126880586614","0.06752814844467829","20","20","20","5000","20","exhaustive_unique","1","shallow_only_overlap","kmeans","./1_benchmarking_comparison\kmeans\shallow_only_overlap"
"mahalanobis_distance","1.0","1.5119491552877133","1.4727533531589088","20","20","20","5000","20","exhaustive_unique","1","shallow_only_overlap","kmeans","./1_benchmarking_comparison\kmeans\shallow_only_overlap"
"centroid_distance","1.0","0.6491370184590135","0.6400448137192869","190","20","190","5000","190","exhaustive_unique","2","shallow_only_overlap","kmeans","./1_benchmarking_comparison\kmeans\shallow_only_overlap"
"dihs","1.0","0.07732711580658333","0.08495297246884184","190","20","190","5000","190","exhaustive_unique","2","shallow_only_overlap","kmeans","./1_benchmarking_comparison\kmeans\shallow_only_overlap"
"mahalanobis_distance","1.0","1.5301492928430083","1.508757728223588","190","20","190","5000","190","exhaustive_unique","2","shallow_only_overlap","kmeans","./1_benchmarking_comparison\kmeans\shallow_only_overlap"
"centroid_distance","1.0","0.6523219289159881","0.6452468384831997","1140","20","1140","5000","1140","exhaustive_unique","3","shallow_only_overlap","kmeans","./1_benchmarking_comparison\kmeans\shallow_only_overlap"
"dihs","0.9868421052631579","0.09950833198953143","0.09676345593364968","1140","20","1140","5000","1140","exhaustive_unique","3","shallow_only_overlap","kmeans","./1_benchmarking_comparison\kmeans\shallow_only_overlap"
"mahalanobis_distance","1.0","1.539025549970707","1.522237612998642","1140","20","1140","5000","1140","exhaustive_unique","3","shallow_only_overlap","kmeans","./1_benchmarking_comparison\kmeans\shallow_only_overlap"
"centroid_distance","1.0","0.6533988267722524","0.647821324894914","4845","20","4845","5000","4845","exhaustive_unique","4","shallow_only_overlap","kmeans","./1_benchmarking_comparison\kmeans\shallow_only_overlap"
"dihs","0.9847265221878225","0.11145619737494622","0.10590085972384534","4845","20","4845","5000","4845","exhaustive_unique","4","shallow_only_overlap","kmeans","./1_benchmarking_comparison\kmeans\shallow_only_overlap"
"mahalanobis_distance","1.0","1.542910600211549","1.5295164203759721","4845","20","4845","5000","4845","exhaustive_unique","4","shallow_only_overlap","kmeans","./1_benchmarking_comparison\kmeans\shallow_only_overlap"
"centroid_distance","1.0","0.6534406544882218","0.6493055088755662","5000","20","15504","5000","5000","random_unique","5","shallow_only_overlap","kmeans","./1_benchmarking_comparison\kmeans\shallow_only_overlap"
"dihs","0.997","0.12035736251682624","0.11439628593669654","5000","20","15504","5000","5000","random_unique","5","shallow_only_overlap","kmeans","./1_benchmarking_comparison\kmeans\shallow_only_overlap"
"mahalanobis_distance","1.0","1.5440260167549962","1.5342115522737516","5000","20","15504","5000","5000","random_unique","5","shallow_only_overlap","kmeans","./1_benchmarking_comparison\kmeans\shallow_only_overlap"
"centroid_distance","1.0","0.653756908115179","0.6500902385227342","5000","20","38760","5000","5000","random_unique","6","shallow_only_overlap","kmeans","./1_benchmarking_comparison\kmeans\shallow_only_overlap"
"dihs","0.9992","0.12267476419346748","0.12185783445689356","5000","20","38760","5000","5000","random_unique","6","shallow_only_overlap","kmeans","./1_benchmarking_comparison\kmeans\shallow_only_overlap"
"mahalanobis_distance","1.0","1.545947855189493","1.5372198624493325","5000","20","38760","5000","5000","random_unique","6","shallow_only_overlap","kmeans","./1_benchmarking_comparison\kmeans\shallow_only_overlap"
"centroid_distance","1.0","0.6536503688872468","0.6506815147863674","5000","20","77520","5000","5000","random_unique","7","shallow_only_overlap","kmeans","./1_benchmarking_comparison\kmeans\shallow_only_overlap"
"dihs","0.9994","0.13172728958609156","0.13206872616805568","5000","20","77520","5000","5000","random_unique","7","shallow_only_overlap","kmeans","./1_benchmarking_comparison\kmeans\shallow_only_overlap"
"mahalanobis_distance","1.0","1.5467396641716056","1.5398104043600758","5000","20","77520","5000","5000","random_unique","7","shallow_only_overlap","kmeans","./1_benchmarking_comparison\kmeans\shallow_only_overlap"
"centroid_distance","1.0","0.6534347313393595","0.6512554363509108","5000","20","125970","5000","5000","random_unique","8","shallow_only_overlap","kmeans","./1_benchmarking_comparison\kmeans\shallow_only_overlap"
"dihs","0.9998","0.1341096935487241","0.13531668150206996","5000","20","125970","5000","5000","random_unique","8","shallow_only_overlap","kmeans","./1_benchmarking_comparison\kmeans\shallow_only_overlap"
"mahalanobis_distance","1.0","1.5474663483342839","1.5423160696461164","5000","20","125970","5000","5000","random_unique","8","shallow_only_overlap","kmeans","./1_benchmarking_comparison\kmeans\shallow_only_overlap"
"centroid_distance","1.0","0.6530864054801855","0.6511677710893052","5000","20","167960","5000","5000","random_unique","9","shallow_only_overlap","kmeans","./1_benchmarking_comparison\kmeans\shallow_only_overlap"
"dihs","1.0","0.1363727714901021","0.1368336927992053","5000","20","167960","5000","5000","random_unique","9","shallow_only_overlap","kmeans","./1_benchmarking_comparison\kmeans\shallow_only_overlap"
"mahalanobis_distance","1.0","1.5477960915143956","1.5432109473404718","5000","20","167960","5000","5000","random_unique","9","shallow_only_overlap","kmeans","./1_benchmarking_comparison\kmeans\shallow_only_overlap"
"centroid_distance","1.0","0.6525995940402589","0.650968033371938","5000","20","184756","5000","5000","random_unique","10","shallow_only_overlap","kmeans","./1_benchmarking_comparison\kmeans\shallow_only_overlap"
"dihs","1.0","0.13829085779641526","0.1389519760147527","5000","20","184756","5000","5000","random_unique","10","shallow_only_overlap","kmeans","./1_benchmarking_comparison\kmeans\shallow_only_overlap"
"mahalanobis_distance","1.0","1.5475589131588552","1.543837190315116","5000","20","184756","5000","5000","random_unique","10","shallow_only_overlap","kmeans","./1_benchmarking_comparison\kmeans\shallow_only_overlap"
"centroid_distance","1.0","0.6528419496251893","0.6512962482301636","5000","20","167960","5000","5000","random_unique","11","shallow_only_overlap","kmeans","./1_benchmarking_comparison\kmeans\shallow_only_overlap"
"dihs","1.0","0.14424167535905918","0.1420478621055606","5000","20","167960","5000","5000","random_unique","11","shallow_only_overlap","kmeans","./1_benchmarking_comparison\kmeans\shallow_only_overlap"
"mahalanobis_distance","1.0","1.5492269258602054","1.5457298757160056","5000","20","167960","5000","5000","random_unique","11","shallow_only_overlap","kmeans","./1_benchmarking_comparison\kmeans\shallow_only_overlap"
"centroid_distance","1.0","0.6530711174211862","0.6516847422110255","5000","20","125970","5000","5000","random_unique","12","shallow_only_overlap","kmeans","./1_benchmarking_comparison\kmeans\shallow_only_overlap"
"dihs","1.0","0.15023873845140767","0.14645513311363528","5000","20","125970","5000","5000","random_unique","12","shallow_only_overlap","kmeans","./1_benchmarking_comparison\kmeans\shallow_only_overlap"
"mahalanobis_distance","1.0","1.5508780152249546","1.5477675293970652","5000","20","125970","5000","5000","random_unique","12","shallow_only_overlap","kmeans","./1_benchmarking_comparison\kmeans\shallow_only_overlap"
"centroid_distance","1.0","0.6523240122431893","0.6513797531374171","5000","20","77520","5000","5000","random_unique","13","shallow_only_overlap","kmeans","./1_benchmarking_comparison\kmeans\shallow_only_overlap"
"dihs","1.0","0.15226654479988871","0.1495630166961464","5000","20","77520","5000","5000","random_unique","13","shallow_only_overlap","kmeans","./1_benchmarking_comparison\kmeans\shallow_only_overlap"
"mahalanobis_distance","1.0","1.5500695376360034","1.5481038409785517","5000","20","77520","5000","5000","random_unique","13","shallow_only_overlap","kmeans","./1_benchmarking_comparison\kmeans\shallow_only_overlap"
"centroid_distance","1.0","0.6524465491750151","0.6516132592826634","5000","20","38760","5000","5000","random_unique","14","shallow_only_overlap","kmeans","./1_benchmarking_comparison\kmeans\shallow_only_overlap"
"dihs","1.0","0.13901185716134504","0.14024423844814804","5000","20","38760","5000","5000","random_unique","14","shallow_only_overlap","kmeans","./1_benchmarking_comparison\kmeans\shallow_only_overlap"
"mahalanobis_distance","1.0","1.5516439336583323","1.5497366934467989","5000","20","38760","5000","5000","random_unique","14","shallow_only_overlap","kmeans","./1_benchmarking_comparison\kmeans\shallow_only_overlap"
"centroid_distance","1.0","0.6521520444697395","0.6514161774716087","5000","20","15504","5000","5000","random_unique","15","shallow_only_overlap","kmeans","./1_benchmarking_comparison\kmeans\shallow_only_overlap"
"dihs","1.0","0.13848025973292266","0.14062275699658403","5000","20","15504","5000","5000","random_unique","15","shallow_only_overlap","kmeans","./1_benchmarking_comparison\kmeans\shallow_only_overlap"
"mahalanobis_distance","1.0","1.5518224969019503","1.550294425326902","5000","20","15504","5000","5000","random_unique","15","shallow_only_overlap","kmeans","./1_benchmarking_comparison\kmeans\shallow_only_overlap"
"centroid_distance","1.0","0.651998859500194","0.6513454897612715","4845","20","4845","5000","4845","exhaustive_unique","16","shallow_only_overlap","kmeans","./1_benchmarking_comparison\kmeans\shallow_only_overlap"
"dihs","1.0","0.1420258593283732","0.1413355699457409","4845","20","4845","5000","4845","exhaustive_unique","16","shallow_only_overlap","kmeans","./1_benchmarking_comparison\kmeans\shallow_only_overlap"
"mahalanobis_distance","1.0","1.5524159846426748","1.551160731889576","4845","20","4845","5000","4845","exhaustive_unique","16","shallow_only_overlap","kmeans","./1_benchmarking_comparison\kmeans\shallow_only_overlap"
"centroid_distance","1.0","0.6517609778314097","0.6512665876815935","1140","20","1140","5000","1140","exhaustive_unique","17","shallow_only_overlap","kmeans","./1_benchmarking_comparison\kmeans\shallow_only_overlap"
"dihs","1.0","0.1415878584752135","0.1426644557151281","1140","20","1140","5000","1140","exhaustive_unique","17","shallow_only_overlap","kmeans","./1_benchmarking_comparison\kmeans\shallow_only_overlap"
"mahalanobis_distance","1.0","1.5529990883910187","1.5519887245301167","1140","20","1140","5000","1140","exhaustive_unique","17","shallow_only_overlap","kmeans","./1_benchmarking_comparison\kmeans\shallow_only_overlap"
"centroid_distance","1.0","0.6515274578484717","0.6511804726442741","190","20","190","5000","190","exhaustive_unique","18","shallow_only_overlap","kmeans","./1_benchmarking_comparison\kmeans\shallow_only_overlap"
"dihs","1.0","0.1365664046276007","0.13672785169889537","190","20","190","5000","190","exhaustive_unique","18","shallow_only_overlap","kmeans","./1_benchmarking_comparison\kmeans\shallow_only_overlap"
"mahalanobis_distance","1.0","1.5533051673997977","1.552785772299526","190","20","190","5000","190","exhaustive_unique","18","shallow_only_overlap","kmeans","./1_benchmarking_comparison\kmeans\shallow_only_overlap"
"centroid_distance","1.0","0.6512371753381789","0.6510893344333055","20","20","20","5000","20","exhaustive_unique","19","shallow_only_overlap","kmeans","./1_benchmarking_comparison\kmeans\shallow_only_overlap"
"dihs","1.0","0.13136799285931416","0.13143295119779222","20","20","20","5000","20","exhaustive_unique","19","shallow_only_overlap","kmeans","./1_benchmarking_comparison\kmeans\shallow_only_overlap"
"mahalanobis_distance","1.0","1.553799396728404","1.5535572709177883","20","20","20","5000","20","exhaustive_unique","19","shallow_only_overlap","kmeans","./1_benchmarking_comparison\kmeans\shallow_only_overlap"
"centroid_distance","1.0","0.6509949019229426","0.6509949019229426","1","20","1","5000","1","exhaustive_unique","20","shallow_only_overlap","kmeans","./1_benchmarking_comparison\kmeans\shallow_only_overlap"
"dihs","1.0","0.11853175811496974","0.11853175811496974","1","20","1","5000","1","exhaustive_unique","20","shallow_only_overlap","kmeans","./1_benchmarking_comparison\kmeans\shallow_only_overlap"
"mahalanobis_distance","1.0","1.5543075256293382","1.5543075256293382","1","20","1","5000","1","exhaustive_unique","20","shallow_only_overlap","kmeans","./1_benchmarking_comparison\kmeans\shallow_only_overlap"
"centroid_distance","0.75","0.08442175735233909","0.08703586475088645","20","20","20","5000","20","exhaustive_unique","1","one_sided_embedding","kmeans","./1_benchmarking_comparison\kmeans\one_sided_embedding"
"dihs","0.95","0.186319884639296","0.17756188608635784","20","20","20","5000","20","exhaustive_unique","1","one_sided_embedding","kmeans","./1_benchmarking_comparison\kmeans\one_sided_embedding"
"mahalanobis_distance","0.65","0.22964558279568642","0.1998489257016778","20","20","20","5000","20","exhaustive_unique","1","one_sided_embedding","kmeans","./1_benchmarking_comparison\kmeans\one_sided_embedding"
"centroid_distance","0.7473684210526316","0.10521392670000422","0.0942042529609505","190","20","190","5000","190","exhaustive_unique","2","one_sided_embedding","kmeans","./1_benchmarking_comparison\kmeans\one_sided_embedding"
"dihs","0.9947368421052631","0.21649632556661402","0.20394765637789386","190","20","190","5000","190","exhaustive_unique","2","one_sided_embedding","kmeans","./1_benchmarking_comparison\kmeans\one_sided_embedding"
"mahalanobis_distance","0.7105263157894737","0.21021707155895197","0.2011395122311465","190","20","190","5000","190","exhaustive_unique","2","one_sided_embedding","kmeans","./1_benchmarking_comparison\kmeans\one_sided_embedding"
"centroid_distance","0.7903508771929825","0.10127584085105348","0.09359675081283923","1140","20","1140","5000","1140","exhaustive_unique","3","one_sided_embedding","kmeans","./1_benchmarking_comparison\kmeans\one_sided_embedding"
"dihs","1.0","0.24055021324127326","0.22567171658674706","1140","20","1140","5000","1140","exhaustive_unique","3","one_sided_embedding","kmeans","./1_benchmarking_comparison\kmeans\one_sided_embedding"
"mahalanobis_distance","0.7333333333333333","0.20584390427874186","0.1942331314075367","1140","20","1140","5000","1140","exhaustive_unique","3","one_sided_embedding","kmeans","./1_benchmarking_comparison\kmeans\one_sided_embedding"
"centroid_distance","0.8113519091847265","0.09692819123370258","0.09187933376039081","4845","20","4845","5000","4845","exhaustive_unique","4","one_sided_embedding","kmeans","./1_benchmarking_comparison\kmeans\one_sided_embedding"
"dihs","1.0","0.26060957128271567","0.2452509328195033","4845","20","4845","5000","4845","exhaustive_unique","4","one_sided_embedding","kmeans","./1_benchmarking_comparison\kmeans\one_sided_embedding"
"mahalanobis_distance","0.7609907120743034","0.1979779917248961","0.1883507663000175","4845","20","4845","5000","4845","exhaustive_unique","4","one_sided_embedding","kmeans","./1_benchmarking_comparison\kmeans\one_sided_embedding"
"centroid_distance","0.8438","0.09448950896252983","0.09046591659760345","5000","20","15504","5000","5000","random_unique","5","one_sided_embedding","kmeans","./1_benchmarking_comparison\kmeans\one_sided_embedding"
"dihs","1.0","0.27177294352665854","0.2544916791253127","5000","20","15504","5000","5000","random_unique","5","one_sided_embedding","kmeans","./1_benchmarking_comparison\kmeans\one_sided_embedding"
"mahalanobis_distance","0.7906","0.18921447251934742","0.18348071478724087","5000","20","15504","5000","5000","random_unique","5","one_sided_embedding","kmeans","./1_benchmarking_comparison\kmeans\one_sided_embedding"
"centroid_distance","0.868","0.09415352796999923","0.08973221190869665","5000","20","38760","5000","5000","random_unique","6","one_sided_embedding","kmeans","./1_benchmarking_comparison\kmeans\one_sided_embedding"
"dihs","1.0","0.27402925677654943","0.25914288965320986","5000","20","38760","5000","5000","random_unique","6","one_sided_embedding","kmeans","./1_benchmarking_comparison\kmeans\one_sided_embedding"
"mahalanobis_distance","0.8192","0.18238205212059527","0.17954425583875874","5000","20","38760","5000","5000","random_unique","6","one_sided_embedding","kmeans","./1_benchmarking_comparison\kmeans\one_sided_embedding"
"centroid_distance","0.8968","0.09323737600412788","0.08887043233246687","5000","20","77520","5000","5000","random_unique","7","one_sided_embedding","kmeans","./1_benchmarking_comparison\kmeans\one_sided_embedding"
"dihs","1.0","0.2821744318642538","0.267335203276117","5000","20","77520","5000","5000","random_unique","7","one_sided_embedding","kmeans","./1_benchmarking_comparison\kmeans\one_sided_embedding"
"mahalanobis_distance","0.8418","0.17535265015756257","0.17620480874020764","5000","20","77520","5000","5000","random_unique","7","one_sided_embedding","kmeans","./1_benchmarking_comparison\kmeans\one_sided_embedding"
"centroid_distance","0.925","0.09406279757845563","0.0897899269526356","5000","20","125970","5000","5000","random_unique","8","one_sided_embedding","kmeans","./1_benchmarking_comparison\kmeans\one_sided_embedding"
"dihs","1.0","0.28244505517633267","0.2768857774108492","5000","20","125970","5000","5000","random_unique","8","one_sided_embedding","kmeans","./1_benchmarking_comparison\kmeans\one_sided_embedding"
"mahalanobis_distance","0.8764","0.17494580629635262","0.17429293608174765","5000","20","125970","5000","5000","random_unique","8","one_sided_embedding","kmeans","./1_benchmarking_comparison\kmeans\one_sided_embedding"
"centroid_distance","0.951","0.09489122380329193","0.09039204662991772","5000","20","167960","5000","5000","random_unique","9","one_sided_embedding","kmeans","./1_benchmarking_comparison\kmeans\one_sided_embedding"
"dihs","1.0","0.2870147433554491","0.28610308231913084","5000","20","167960","5000","5000","random_unique","9","one_sided_embedding","kmeans","./1_benchmarking_comparison\kmeans\one_sided_embedding"
"mahalanobis_distance","0.8978","0.17488829107109538","0.17295643481081396","5000","20","167960","5000","5000","random_unique","9","one_sided_embedding","kmeans","./1_benchmarking_comparison\kmeans\one_sided_embedding"
"centroid_distance","0.9608","0.09522272007025784","0.09114226077879597","5000","20","184756","5000","5000","random_unique","10","one_sided_embedding","kmeans","./1_benchmarking_comparison\kmeans\one_sided_embedding"
"dihs","1.0","0.29485335011488445","0.29317371254049224","5000","20","184756","5000","5000","random_unique","10","one_sided_embedding","kmeans","./1_benchmarking_comparison\kmeans\one_sided_embedding"
"mahalanobis_distance","0.9112","0.17297642174715172","0.17301922188872693","5000","20","184756","5000","5000","random_unique","10","one_sided_embedding","kmeans","./1_benchmarking_comparison\kmeans\one_sided_embedding"
"centroid_distance","0.9828","0.09606660815584073","0.0933788888587142","5000","20","167960","5000","5000","random_unique","11","one_sided_embedding","kmeans","./1_benchmarking_comparison\kmeans\one_sided_embedding"
"dihs","1.0","0.29981684980537654","0.2962765481308535","5000","20","167960","5000","5000","random_unique","11","one_sided_embedding","kmeans","./1_benchmarking_comparison\kmeans\one_sided_embedding"
"mahalanobis_distance","0.9428","0.17457254799263922","0.17417113591430175","5000","20","167960","5000","5000","random_unique","11","one_sided_embedding","kmeans","./1_benchmarking_comparison\kmeans\one_sided_embedding"
"centroid_distance","0.9922","0.09939186854074615","0.09620240452278415","5000","20","125970","5000","5000","random_unique","12","one_sided_embedding","kmeans","./1_benchmarking_comparison\kmeans\one_sided_embedding"
"dihs","1.0","0.29967248548508724","0.29861622504098684","5000","20","125970","5000","5000","random_unique","12","one_sided_embedding","kmeans","./1_benchmarking_comparison\kmeans\one_sided_embedding"
"mahalanobis_distance","0.964","0.18222794173716805","0.17882205207397753","5000","20","125970","5000","5000","random_unique","12","one_sided_embedding","kmeans","./1_benchmarking_comparison\kmeans\one_sided_embedding"
"centroid_distance","0.9974","0.09760717735849439","0.0955359694103023","5000","20","77520","5000","5000","random_unique","13","one_sided_embedding","kmeans","./1_benchmarking_comparison\kmeans\one_sided_embedding"
"dihs","1.0","0.3089846649416165","0.30843900626698306","5000","20","77520","5000","5000","random_unique","13","one_sided_embedding","kmeans","./1_benchmarking_comparison\kmeans\one_sided_embedding"
"mahalanobis_distance","0.9778","0.17689134798453743","0.17503174010969288","5000","20","77520","5000","5000","random_unique","13","one_sided_embedding","kmeans","./1_benchmarking_comparison\kmeans\one_sided_embedding"
"centroid_distance","0.9994","0.09922453460419631","0.09805538997946639","5000","20","38760","5000","5000","random_unique","14","one_sided_embedding","kmeans","./1_benchmarking_comparison\kmeans\one_sided_embedding"
"dihs","1.0","0.3159884133849511","0.3146243299145752","5000","20","38760","5000","5000","random_unique","14","one_sided_embedding","kmeans","./1_benchmarking_comparison\kmeans\one_sided_embedding"
"mahalanobis_distance","0.9916","0.18084589744045787","0.1798979126188296","5000","20","38760","5000","5000","random_unique","14","one_sided_embedding","kmeans","./1_benchmarking_comparison\kmeans\one_sided_embedding"
"centroid_distance","1.0","0.09944807467253144","0.09860753284444354","5000","20","15504","5000","5000","random_unique","15","one_sided_embedding","kmeans","./1_benchmarking_comparison\kmeans\one_sided_embedding"
"dihs","1.0","0.3179851608536203","0.3161258932383252","5000","20","15504","5000","5000","random_unique","15","one_sided_embedding","kmeans","./1_benchmarking_comparison\kmeans\one_sided_embedding"
"mahalanobis_distance","0.9984","0.18028797176258324","0.17999118493546512","5000","20","15504","5000","5000","random_unique","15","one_sided_embedding","kmeans","./1_benchmarking_comparison\kmeans\one_sided_embedding"
"centroid_distance","1.0","0.09994504420296449","0.10007421370315797","4845","20","4845","5000","4845","exhaustive_unique","16","one_sided_embedding","kmeans","./1_benchmarking_comparison\kmeans\one_sided_embedding"
"dihs","1.0","0.3196476776586858","0.3172867784786846","4845","20","4845","5000","4845","exhaustive_unique","16","one_sided_embedding","kmeans","./1_benchmarking_comparison\kmeans\one_sided_embedding"
"mahalanobis_distance","1.0","0.18156829439736588","0.18253401256515758","4845","20","4845","5000","4845","exhaustive_unique","16","one_sided_embedding","kmeans","./1_benchmarking_comparison\kmeans\one_sided_embedding"
"centroid_distance","1.0","0.10024399597105929","0.1010092206424126","1140","20","1140","5000","1140","exhaustive_unique","17","one_sided_embedding","kmeans","./1_benchmarking_comparison\kmeans\one_sided_embedding"
"dihs","1.0","0.3230804356974426","0.3194200188612047","1140","20","1140","5000","1140","exhaustive_unique","17","one_sided_embedding","kmeans","./1_benchmarking_comparison\kmeans\one_sided_embedding"
"mahalanobis_distance","1.0","0.18193503830045601","0.18395827088402383","1140","20","1140","5000","1140","exhaustive_unique","17","one_sided_embedding","kmeans","./1_benchmarking_comparison\kmeans\one_sided_embedding"
"centroid_distance","1.0","0.10129754564182641","0.10181701756917629","190","20","190","5000","190","exhaustive_unique","18","one_sided_embedding","kmeans","./1_benchmarking_comparison\kmeans\one_sided_embedding"
"dihs","1.0","0.3244923336277265","0.3234158790149675","190","20","190","5000","190","exhaustive_unique","18","one_sided_embedding","kmeans","./1_benchmarking_comparison\kmeans\one_sided_embedding"
"mahalanobis_distance","1.0","0.18277595505967129","0.18512603924420784","190","20","190","5000","190","exhaustive_unique","18","one_sided_embedding","kmeans","./1_benchmarking_comparison\kmeans\one_sided_embedding"
"centroid_distance","1.0","0.1011630195800283","0.10252630876399622","20","20","20","5000","20","exhaustive_unique","19","one_sided_embedding","kmeans","./1_benchmarking_comparison\kmeans\one_sided_embedding"
"dihs","1.0","0.3230347636523653","0.3246581225806771","20","20","20","5000","20","exhaustive_unique","19","one_sided_embedding","kmeans","./1_benchmarking_comparison\kmeans\one_sided_embedding"
"mahalanobis_distance","1.0","0.18258837559772384","0.18612169224196046","20","20","20","5000","20","exhaustive_unique","19","one_sided_embedding","kmeans","./1_benchmarking_comparison\kmeans\one_sided_embedding"
"centroid_distance","1.0","0.10315631041052664","0.10315631041052664","1","20","1","5000","1","exhaustive_unique","20","one_sided_embedding","kmeans","./1_benchmarking_comparison\kmeans\one_sided_embedding"
"dihs","1.0","0.299724129322262","0.299724129322262","1","20","1","5000","1","exhaustive_unique","20","one_sided_embedding","kmeans","./1_benchmarking_comparison\kmeans\one_sided_embedding"
"mahalanobis_distance","1.0","0.1869881989928412","0.1869881989928412","1","20","1","5000","1","exhaustive_unique","20","one_sided_embedding","kmeans","./1_benchmarking_comparison\kmeans\one_sided_embedding"
"centroid_distance","0.35","0.09760075079085324","0.10718668093058972","20","20","20","5000","20","exhaustive_unique","1","persistent_overlap","agglomerative","./1_benchmarking_comparison\agglomerative\persistent_overlap"
"dihs","0.5","0.015582366891124855","0.022994745845198943","20","20","20","5000","20","exhaustive_unique","1","persistent_overlap","agglomerative","./1_benchmarking_comparison\agglomerative\persistent_overlap"
"mahalanobis_distance","0.3","0.2421222091336759","0.25799138206061584","20","20","20","5000","20","exhaustive_unique","1","persistent_overlap","agglomerative","./1_benchmarking_comparison\agglomerative\persistent_overlap"
"centroid_distance","0.22105263157894736","0.12280475999207977","0.11678805717678989","190","20","190","5000","190","exhaustive_unique","2","persistent_overlap","agglomerative","./1_benchmarking_comparison\agglomerative\persistent_overlap"
"dihs","0.4421052631578947","0.022341332703557815","0.02509302399090272","190","20","190","5000","190","exhaustive_unique","2","persistent_overlap","agglomerative","./1_benchmarking_comparison\agglomerative\persistent_overlap"
"mahalanobis_distance","0.24736842105263157","0.2673481078775934","0.27624066955162485","190","20","190","5000","190","exhaustive_unique","2","persistent_overlap","agglomerative","./1_benchmarking_comparison\agglomerative\persistent_overlap"
"centroid_distance","0.16578947368421051","0.13377369065250688","0.12080864970708495","1140","20","1140","5000","1140","exhaustive_unique","3","persistent_overlap","agglomerative","./1_benchmarking_comparison\agglomerative\persistent_overlap"
"dihs","0.4105263157894737","0.021564058847677092","0.025085383736719417","1140","20","1140","5000","1140","exhaustive_unique","3","persistent_overlap","agglomerative","./1_benchmarking_comparison\agglomerative\persistent_overlap"
"mahalanobis_distance","0.20350877192982456","0.3042102689204585","0.28384029608677547","1140","20","1140","5000","1140","exhaustive_unique","3","persistent_overlap","agglomerative","./1_benchmarking_comparison\agglomerative\persistent_overlap"
"centroid_distance","0.13023735810113518","0.13944885359311968","0.12457153680265073","4845","20","4845","5000","4845","exhaustive_unique","4","persistent_overlap","agglomerative","./1_benchmarking_comparison\agglomerative\persistent_overlap"
"dihs","0.434468524251806","0.021435200039212676","0.024900502914323695","4845","20","4845","5000","4845","exhaustive_unique","4","persistent_overlap","agglomerative","./1_benchmarking_comparison\agglomerative\persistent_overlap"
"mahalanobis_distance","0.1607843137254902","0.31829434518766786","0.291230677105972","4845","20","4845","5000","4845","exhaustive_unique","4","persistent_overlap","agglomerative","./1_benchmarking_comparison\agglomerative\persistent_overlap"
"centroid_distance","0.0896","0.14615187418946793","0.1285353600435282","5000","20","15504","5000","5000","random_unique","5","persistent_overlap","agglomerative","./1_benchmarking_comparison\agglomerative\persistent_overlap"
"dihs","0.4506","0.02150321957985643","0.024667906903618753","5000","20","15504","5000","5000","random_unique","5","persistent_overlap","agglomerative","./1_benchmarking_comparison\agglomerative\persistent_overlap"
"mahalanobis_distance","0.121","0.33397943290766163","0.2990601336464757","5000","20","15504","5000","5000","random_unique","5","persistent_overlap","agglomerative","./1_benchmarking_comparison\agglomerative\persistent_overlap"
"centroid_distance","0.0758","0.14630675848964375","0.12908380582444257","5000","20","38760","5000","5000","random_unique","6","persistent_overlap","agglomerative","./1_benchmarking_comparison\agglomerative\persistent_overlap"
"dihs","0.4764","0.021100551203035334","0.024267247412966923","5000","20","38760","5000","5000","random_unique","6","persistent_overlap","agglomerative","./1_benchmarking_comparison\agglomerative\persistent_overlap"
"mahalanobis_distance","0.1072","0.3308390531069396","0.2988344070060706","5000","20","38760","5000","5000","random_unique","6","persistent_overlap","agglomerative","./1_benchmarking_comparison\agglomerative\persistent_overlap"
"centroid_distance","0.0468","0.15515148888413965","0.13598134204829554","5000","20","77520","5000","5000","random_unique","7","persistent_overlap","agglomerative","./1_benchmarking_comparison\agglomerative\persistent_overlap"
"dihs","0.4734","0.020619821293294732","0.024200097175873708","5000","20","77520","5000","5000","random_unique","7","persistent_overlap","agglomerative","./1_benchmarking_comparison\agglomerative\persistent_overlap"
"mahalanobis_distance","0.071","0.3558447773932638","0.31480242180067586","5000","20","77520","5000","5000","random_unique","7","persistent_overlap","agglomerative","./1_benchmarking_comparison\agglomerative\persistent_overlap"
"centroid_distance","0.0318","0.15871937146261253","0.1394935698640198","5000","20","125970","5000","5000","random_unique","8","persistent_overlap","agglomerative","./1_benchmarking_comparison\agglomerative\persistent_overlap"
"dihs","0.4762","0.020297672086568574","0.023552424121947","5000","20","125970","5000","5000","random_unique","8","persistent_overlap","agglomerative","./1_benchmarking_comparison\agglomerative\persistent_overlap"
"mahalanobis_distance","0.0566","0.3661612744808576","0.32231633471530224","5000","20","125970","5000","5000","random_unique","8","persistent_overlap","agglomerative","./1_benchmarking_comparison\agglomerative\persistent_overlap"
"centroid_distance","0.0176","0.16176008429330035","0.143878114411132","5000","20","167960","5000","5000","random_unique","9","persistent_overlap","agglomerative","./1_benchmarking_comparison\agglomerative\persistent_overlap"
"dihs","0.4816","0.0194854881044092","0.022724695121257837","5000","20","167960","5000","5000","random_unique","9","persistent_overlap","agglomerative","./1_benchmarking_comparison\agglomerative\persistent_overlap"
"mahalanobis_distance","0.034","0.37430669102546255","0.332341191862628","5000","20","167960","5000","5000","random_unique","9","persistent_overlap","agglomerative","./1_benchmarking_comparison\agglomerative\persistent_overlap"
"centroid_distance","0.007","0.16209652272074665","0.1472166494828738","5000","20","184756","5000","5000","random_unique","10","persistent_overlap","agglomerative","./1_benchmarking_comparison\agglomerative\persistent_overlap"
"dihs","0.5038","0.01862350766099624","0.021978688553781184","5000","20","184756","5000","5000","random_unique","10","persistent_overlap","agglomerative","./1_benchmarking_comparison\agglomerative\persistent_overlap"
"mahalanobis_distance","0.0218","0.3738184277238643","0.33926652125522416","5000","20","184756","5000","5000","random_unique","10","persistent_overlap","agglomerative","./1_benchmarking_comparison\agglomerative\persistent_overlap"
"centroid_distance","0.005","0.16280232006114398","0.14944335423598","5000","20","167960","5000","5000","random_unique","11","persistent_overlap","agglomerative","./1_benchmarking_comparison\agglomerative\persistent_overlap"
"dihs","0.5076","0.017195309295566397","0.020379286755273018","5000","20","167960","5000","5000","random_unique","11","persistent_overlap","agglomerative","./1_benchmarking_comparison\agglomerative\persistent_overlap"
"mahalanobis_distance","0.0134","0.3758802374381053","0.34437922229312007","5000","20","167960","5000","5000","random_unique","11","persistent_overlap","agglomerative","./1_benchmarking_comparison\agglomerative\persistent_overlap"
"centroid_distance","0.0008","0.16443845257008688","0.1527130585445615","5000","20","125970","5000","5000","random_unique","12","persistent_overlap","agglomerative","./1_benchmarking_comparison\agglomerative\persistent_overlap"
"dihs","0.4958","0.016666556494643103","0.019362866754856593","5000","20","125970","5000","5000","random_unique","12","persistent_overlap","agglomerative","./1_benchmarking_comparison\agglomerative\persistent_overlap"
"mahalanobis_distance","0.0038","0.3806486907391323","0.351860124435079","5000","20","125970","5000","5000","random_unique","12","persistent_overlap","agglomerative","./1_benchmarking_comparison\agglomerative\persistent_overlap"
"centroid_distance","0.0","0.1664469097469977","0.15537673327224538","5000","20","77520","5000","5000","random_unique","13","persistent_overlap","agglomerative","./1_benchmarking_comparison\agglomerative\persistent_overlap"
"dihs","0.511","0.015312922435009702","0.01835836822478455","5000","20","77520","5000","5000","random_unique","13","persistent_overlap","agglomerative","./1_benchmarking_comparison\agglomerative\persistent_overlap"
"mahalanobis_distance","0.0014","0.38523376539524296","0.3588997441030341","5000","20","77520","5000","5000","random_unique","13","persistent_overlap","agglomerative","./1_benchmarking_comparison\agglomerative\persistent_overlap"
"centroid_distance","0.0","0.16659634626891695","0.15775871357940224","5000","20","38760","5000","5000","random_unique","14","persistent_overlap","agglomerative","./1_benchmarking_comparison\agglomerative\persistent_overlap"
"dihs","0.5166","0.014457051395772247","0.017026016182955947","5000","20","38760","5000","5000","random_unique","14","persistent_overlap","agglomerative","./1_benchmarking_comparison\agglomerative\persistent_overlap"
"mahalanobis_distance","0.0002","0.386486295973413","0.3648113372738104","5000","20","38760","5000","5000","random_unique","14","persistent_overlap","agglomerative","./1_benchmarking_comparison\agglomerative\persistent_overlap"
"centroid_distance","0.0","0.16765377017731192","0.16034528442368443","5000","20","15504","5000","5000","random_unique","15","persistent_overlap","agglomerative","./1_benchmarking_comparison\agglomerative\persistent_overlap"
"dihs","0.5386","0.013364683548592105","0.01559822366377338","5000","20","15504","5000","5000","random_unique","15","persistent_overlap","agglomerative","./1_benchmarking_comparison\agglomerative\persistent_overlap"
"mahalanobis_distance","0.0","0.3901193030029587","0.37161184970494904","5000","20","15504","5000","5000","random_unique","15","persistent_overlap","agglomerative","./1_benchmarking_comparison\agglomerative\persistent_overlap"
"centroid_distance","0.0","0.1679358185365451","0.16222280796799315","4845","20","4845","5000","4845","exhaustive_unique","16","persistent_overlap","agglomerative","./1_benchmarking_comparison\agglomerative\persistent_overlap"
"dihs","0.5514963880288958","0.01173182178988963","0.014058825519467332","4845","20","4845","5000","4845","exhaustive_unique","16","persistent_overlap","agglomerative","./1_benchmarking_comparison\agglomerative\persistent_overlap"
"mahalanobis_distance","0.0","0.39104135351492336","0.3765242486035286","4845","20","4845","5000","4845","exhaustive_unique","16","persistent_overlap","agglomerative","./1_benchmarking_comparison\agglomerative\persistent_overlap"
"centroid_distance","0.0","0.1684951219181119","0.1638880502889577","1140","20","1140","5000","1140","exhaustive_unique","17","persistent_overlap","agglomerative","./1_benchmarking_comparison\agglomerative\persistent_overlap"
"dihs","0.5921052631578947","0.0108601358859437","0.012450340637079081","1140","20","1140","5000","1140","exhaustive_unique","17","persistent_overlap","agglomerative","./1_benchmarking_comparison\agglomerative\persistent_overlap"
"mahalanobis_distance","0.0","0.3921617643504958","0.3808048472513878","1140","20","1140","5000","1140","exhaustive_unique","17","persistent_overlap","agglomerative","./1_benchmarking_comparison\agglomerative\persistent_overlap"
"centroid_distance","0.0","0.16867378525401822","0.16538917011121568","190","20","190","5000","190","exhaustive_unique","18","persistent_overlap","agglomerative","./1_benchmarking_comparison\agglomerative\persistent_overlap"
"dihs","0.6157894736842106","0.00782924015346137","0.010615679960320984","190","20","190","5000","190","exhaustive_unique","18","persistent_overlap","agglomerative","./1_benchmarking_comparison\agglomerative\persistent_overlap"
"mahalanobis_distance","0.0","0.39368014952835007","0.3845987211157634","190","20","190","5000","190","exhaustive_unique","18","persistent_overlap","agglomerative","./1_benchmarking_comparison\agglomerative\persistent_overlap"
"centroid_distance","0.0","0.1683902819709397","0.16674518692735774","20","20","20","5000","20","exhaustive_unique","19","persistent_overlap","agglomerative","./1_benchmarking_comparison\agglomerative\persistent_overlap"
"dihs","0.8","0.005164688250051175","0.008422302244818176","20","20","20","5000","20","exhaustive_unique","19","persistent_overlap","agglomerative","./1_benchmarking_comparison\agglomerative\persistent_overlap"
"mahalanobis_distance","0.0","0.393190893115951","0.38794381317909254","20","20","20","5000","20","exhaustive_unique","19","persistent_overlap","agglomerative","./1_benchmarking_comparison\agglomerative\persistent_overlap"
"centroid_distance","0.0","0.16797313579209144","0.16797313579209144","1","20","1","5000","1","exhaustive_unique","20","persistent_overlap","agglomerative","./1_benchmarking_comparison\agglomerative\persistent_overlap"
"dihs","1.0","0.00946752997406941","0.00946752997406941","1","20","1","5000","1","exhaustive_unique","20","persistent_overlap","agglomerative","./1_benchmarking_comparison\agglomerative\persistent_overlap"
"mahalanobis_distance","0.0","0.3908924922341186","0.3908924922341186","1","20","1","5000","1","exhaustive_unique","20","persistent_overlap","agglomerative","./1_benchmarking_comparison\agglomerative\persistent_overlap"
"centroid_distance","0.75","0.08442175735233909","0.08703586475088645","20","20","20","5000","20","exhaustive_unique","1","one_sided_embedding","gaussian","./1_benchmarking_comparison\gaussian\one_sided_embedding"
"dihs","1.0","0.18307817177609292","0.17107164774189762","20","20","20","5000","20","exhaustive_unique","1","one_sided_embedding","gaussian","./1_benchmarking_comparison\gaussian\one_sided_embedding"
"mahalanobis_distance","0.65","0.22964558279568642","0.1998489257016778","20","20","20","5000","20","exhaustive_unique","1","one_sided_embedding","gaussian","./1_benchmarking_comparison\gaussian\one_sided_embedding"
"centroid_distance","0.7473684210526316","0.10521392670000422","0.0942042529609505","190","20","190","5000","190","exhaustive_unique","2","one_sided_embedding","gaussian","./1_benchmarking_comparison\gaussian\one_sided_embedding"
"dihs","1.0","0.2107252466521732","0.20957308179777517","190","20","190","5000","190","exhaustive_unique","2","one_sided_embedding","gaussian","./1_benchmarking_comparison\gaussian\one_sided_embedding"
"mahalanobis_distance","0.7105263157894737","0.21021707155895197","0.2011395122311465","190","20","190","5000","190","exhaustive_unique","2","one_sided_embedding","gaussian","./1_benchmarking_comparison\gaussian\one_sided_embedding"
"centroid_distance","0.7903508771929825","0.10127584085105348","0.09359675081283923","1140","20","1140","5000","1140","exhaustive_unique","3","one_sided_embedding","gaussian","./1_benchmarking_comparison\gaussian\one_sided_embedding"
"dihs","1.0","0.2406389196448093","0.2370482818074685","1140","20","1140","5000","1140","exhaustive_unique","3","one_sided_embedding","gaussian","./1_benchmarking_comparison\gaussian\one_sided_embedding"
"mahalanobis_distance","0.7333333333333333","0.20584390427874186","0.1942331314075367","1140","20","1140","5000","1140","exhaustive_unique","3","one_sided_embedding","gaussian","./1_benchmarking_comparison\gaussian\one_sided_embedding"
"centroid_distance","0.8113519091847265","0.09692819123370258","0.09187933376039081","4845","20","4845","5000","4845","exhaustive_unique","4","one_sided_embedding","gaussian","./1_benchmarking_comparison\gaussian\one_sided_embedding"
"dihs","1.0","0.26380009531211174","0.2618009166476983","4845","20","4845","5000","4845","exhaustive_unique","4","one_sided_embedding","gaussian","./1_benchmarking_comparison\gaussian\one_sided_embedding"
"mahalanobis_distance","0.7609907120743034","0.1979779917248961","0.1883507663000175","4845","20","4845","5000","4845","exhaustive_unique","4","one_sided_embedding","gaussian","./1_benchmarking_comparison\gaussian\one_sided_embedding"
"centroid_distance","0.8438","0.09448950896252983","0.09046591659760345","5000","20","15504","5000","5000","random_unique","5","one_sided_embedding","gaussian","./1_benchmarking_comparison\gaussian\one_sided_embedding"
"dihs","1.0","0.2644193831536158","0.26568487300363847","5000","20","15504","5000","5000","random_unique","5","one_sided_embedding","gaussian","./1_benchmarking_comparison\gaussian\one_sided_embedding"
"mahalanobis_distance","0.7906","0.18921447251934742","0.18348071478724087","5000","20","15504","5000","5000","random_unique","5","one_sided_embedding","gaussian","./1_benchmarking_comparison\gaussian\one_sided_embedding"
"centroid_distance","0.868","0.09415352796999923","0.08973221190869665","5000","20","38760","5000","5000","random_unique","6","one_sided_embedding","gaussian","./1_benchmarking_comparison\gaussian\one_sided_embedding"
"dihs","1.0","0.2784013751077","0.2783899643654418","5000","20","38760","5000","5000","random_unique","6","one_sided_embedding","gaussian","./1_benchmarking_comparison\gaussian\one_sided_embedding"
"mahalanobis_distance","0.8192","0.18238205212059527","0.17954425583875874","5000","20","38760","5000","5000","random_unique","6","one_sided_embedding","gaussian","./1_benchmarking_comparison\gaussian\one_sided_embedding"
"centroid_distance","0.8968","0.09323737600412788","0.08887043233246687","5000","20","77520","5000","5000","random_unique","7","one_sided_embedding","gaussian","./1_benchmarking_comparison\gaussian\one_sided_embedding"
"dihs","1.0","0.29803173959686263","0.2971485218116909","5000","20","77520","5000","5000","random_unique","7","one_sided_embedding","gaussian","./1_benchmarking_comparison\gaussian\one_sided_embedding"
"mahalanobis_distance","0.8418","0.17535265015756257","0.17620480874020764","5000","20","77520","5000","5000","random_unique","7","one_sided_embedding","gaussian","./1_benchmarking_comparison\gaussian\one_sided_embedding"
"centroid_distance","0.925","0.09406279757845563","0.0897899269526356","5000","20","125970","5000","5000","random_unique","8","one_sided_embedding","gaussian","./1_benchmarking_comparison\gaussian\one_sided_embedding"
"dihs","1.0","0.3042439060268338","0.3042779441155583","5000","20","125970","5000","5000","random_unique","8","one_sided_embedding","gaussian","./1_benchmarking_comparison\gaussian\one_sided_embedding"
"mahalanobis_distance","0.8764","0.17494580629635262","0.17429293608174765","5000","20","125970","5000","5000","random_unique","8","one_sided_embedding","gaussian","./1_benchmarking_comparison\gaussian\one_sided_embedding"
"centroid_distance","0.951","0.09489122380329193","0.09039204662991772","5000","20","167960","5000","5000","random_unique","9","one_sided_embedding","gaussian","./1_benchmarking_comparison\gaussian\one_sided_embedding"
"dihs","1.0","0.30929596044383934","0.3097222942115708","5000","20","167960","5000","5000","random_unique","9","one_sided_embedding","gaussian","./1_benchmarking_comparison\gaussian\one_sided_embedding"
"mahalanobis_distance","0.8978","0.17488829107109538","0.17295643481081396","5000","20","167960","5000","5000","random_unique","9","one_sided_embedding","gaussian","./1_benchmarking_comparison\gaussian\one_sided_embedding"
"centroid_distance","0.9608","0.09522272007025784","0.09114226077879597","5000","20","184756","5000","5000","random_unique","10","one_sided_embedding","gaussian","./1_benchmarking_comparison\gaussian\one_sided_embedding"
"dihs","1.0","0.31816423637679847","0.3179420613970046","5000","20","184756","5000","5000","random_unique","10","one_sided_embedding","gaussian","./1_benchmarking_comparison\gaussian\one_sided_embedding"
"mahalanobis_distance","0.9112","0.17297642174715172","0.17301922188872693","5000","20","184756","5000","5000","random_unique","10","one_sided_embedding","gaussian","./1_benchmarking_comparison\gaussian\one_sided_embedding"
"centroid_distance","0.9828","0.09606660815584073","0.0933788888587142","5000","20","167960","5000","5000","random_unique","11","one_sided_embedding","gaussian","./1_benchmarking_comparison\gaussian\one_sided_embedding"
"dihs","1.0","0.32506189156747434","0.32355110347826355","5000","20","167960","5000","5000","random_unique","11","one_sided_embedding","gaussian","./1_benchmarking_comparison\gaussian\one_sided_embedding"
"mahalanobis_distance","0.9428","0.17457254799263922","0.17417113591430175","5000","20","167960","5000","5000","random_unique","11","one_sided_embedding","gaussian","./1_benchmarking_comparison\gaussian\one_sided_embedding"
"centroid_distance","0.9922","0.09939186854074615","0.09620240452278415","5000","20","125970","5000","5000","random_unique","12","one_sided_embedding","gaussian","./1_benchmarking_comparison\gaussian\one_sided_embedding"
"dihs","1.0","0.3286890649732239","0.3276425539007069","5000","20","125970","5000","5000","random_unique","12","one_sided_embedding","gaussian","./1_benchmarking_comparison\gaussian\one_sided_embedding"
"mahalanobis_distance","0.964","0.18222794173716805","0.17882205207397753","5000","20","125970","5000","5000","random_unique","12","one_sided_embedding","gaussian","./1_benchmarking_comparison\gaussian\one_sided_embedding"
"centroid_distance","0.9974","0.09760717735849439","0.0955359694103023","5000","20","77520","5000","5000","random_unique","13","one_sided_embedding","gaussian","./1_benchmarking_comparison\gaussian\one_sided_embedding"
"dihs","1.0","0.3316850316502584","0.33105015711371355","5000","20","77520","5000","5000","random_unique","13","one_sided_embedding","gaussian","./1_benchmarking_comparison\gaussian\one_sided_embedding"
"mahalanobis_distance","0.9778","0.17689134798453743","0.17503174010969288","5000","20","77520","5000","5000","random_unique","13","one_sided_embedding","gaussian","./1_benchmarking_comparison\gaussian\one_sided_embedding"
"centroid_distance","0.9994","0.09922453460419631","0.09805538997946639","5000","20","38760","5000","5000","random_unique","14","one_sided_embedding","gaussian","./1_benchmarking_comparison\gaussian\one_sided_embedding"
"dihs","1.0","0.33529397897971513","0.3350587705311178","5000","20","38760","5000","5000","random_unique","14","one_sided_embedding","gaussian","./1_benchmarking_comparison\gaussian\one_sided_embedding"
"mahalanobis_distance","0.9916","0.18084589744045787","0.1798979126188296","5000","20","38760","5000","5000","random_unique","14","one_sided_embedding","gaussian","./1_benchmarking_comparison\gaussian\one_sided_embedding"
"centroid_distance","1.0","0.09944807467253144","0.09860753284444354","5000","20","15504","5000","5000","random_unique","15","one_sided_embedding","gaussian","./1_benchmarking_comparison\gaussian\one_sided_embedding"
"dihs","1.0","0.33607053791686503","0.3364688201849729","5000","20","15504","5000","5000","random_unique","15","one_sided_embedding","gaussian","./1_benchmarking_comparison\gaussian\one_sided_embedding"
"mahalanobis_distance","0.9984","0.18028797176258324","0.17999118493546512","5000","20","15504","5000","5000","random_unique","15","one_sided_embedding","gaussian","./1_benchmarking_comparison\gaussian\one_sided_embedding"
"centroid_distance","1.0","0.09994504420296449","0.10007421370315797","4845","20","4845","5000","4845","exhaustive_unique","16","one_sided_embedding","gaussian","./1_benchmarking_comparison\gaussian\one_sided_embedding"
"dihs","1.0","0.33871391766472003","0.3390497423989396","4845","20","4845","5000","4845","exhaustive_unique","16","one_sided_embedding","gaussian","./1_benchmarking_comparison\gaussian\one_sided_embedding"
"mahalanobis_distance","1.0","0.18156829439736588","0.18253401256515758","4845","20","4845","5000","4845","exhaustive_unique","16","one_sided_embedding","gaussian","./1_benchmarking_comparison\gaussian\one_sided_embedding"
"centroid_distance","1.0","0.10024399597105929","0.1010092206424126","1140","20","1140","5000","1140","exhaustive_unique","17","one_sided_embedding","gaussian","./1_benchmarking_comparison\gaussian\one_sided_embedding"
"dihs","1.0","0.3385110266942789","0.3390623187637108","1140","20","1140","5000","1140","exhaustive_unique","17","one_sided_embedding","gaussian","./1_benchmarking_comparison\gaussian\one_sided_embedding"
"mahalanobis_distance","1.0","0.18193503830045601","0.18395827088402383","1140","20","1140","5000","1140","exhaustive_unique","17","one_sided_embedding","gaussian","./1_benchmarking_comparison\gaussian\one_sided_embedding"
"centroid_distance","1.0","0.10129754564182641","0.10181701756917629","190","20","190","5000","190","exhaustive_unique","18","one_sided_embedding","gaussian","./1_benchmarking_comparison\gaussian\one_sided_embedding"
"dihs","1.0","0.33592963857436037","0.3359210301571957","190","20","190","5000","190","exhaustive_unique","18","one_sided_embedding","gaussian","./1_benchmarking_comparison\gaussian\one_sided_embedding"
"mahalanobis_distance","1.0","0.18277595505967129","0.18512603924420784","190","20","190","5000","190","exhaustive_unique","18","one_sided_embedding","gaussian","./1_benchmarking_comparison\gaussian\one_sided_embedding"
"centroid_distance","1.0","0.1011630195800283","0.10252630876399622","20","20","20","5000","20","exhaustive_unique","19","one_sided_embedding","gaussian","./1_benchmarking_comparison\gaussian\one_sided_embedding"
"dihs","1.0","0.33593949293169145","0.3351484040410966","20","20","20","5000","20","exhaustive_unique","19","one_sided_embedding","gaussian","./1_benchmarking_comparison\gaussian\one_sided_embedding"
"mahalanobis_distance","1.0","0.18258837559772384","0.18612169224196046","20","20","20","5000","20","exhaustive_unique","19","one_sided_embedding","gaussian","./1_benchmarking_comparison\gaussian\one_sided_embedding"
"centroid_distance","1.0","0.10315631041052664","0.10315631041052664","1","20","1","5000","1","exhaustive_unique","20","one_sided_embedding","gaussian","./1_benchmarking_comparison\gaussian\one_sided_embedding"
"dihs","1.0","0.3494908555886985","0.3494908555886985","1","20","1","5000","1","exhaustive_unique","20","one_sided_embedding","gaussian","./1_benchmarking_comparison\gaussian\one_sided_embedding"
"mahalanobis_distance","1.0","0.1869881989928412","0.1869881989928412","1","20","1","5000","1","exhaustive_unique","20","one_sided_embedding","gaussian","./1_benchmarking_comparison\gaussian\one_sided_embedding"
"centroid_distance","1.0","0.5815423261216521","0.6284799775390413","20","20","20","5000","20","exhaustive_unique","1","multimodal_class","agglomerative","./1_benchmarking_comparison\agglomerative\multimodal_class"
"dihs","1.0","0.1711866867267016","0.17359314168048917","20","20","20","5000","20","exhaustive_unique","1","multimodal_class","agglomerative","./1_benchmarking_comparison\agglomerative\multimodal_class"
"mahalanobis_distance","1.0","3.7965465397326903","3.845809765075951","20","20","20","5000","20","exhaustive_unique","1","multimodal_class","agglomerative","./1_benchmarking_comparison\agglomerative\multimodal_class"
"centroid_distance","1.0","0.6225401759190813","0.6298247441955159","190","20","190","5000","190","exhaustive_unique","2","multimodal_class","agglomerative","./1_benchmarking_comparison\agglomerative\multimodal_class"
"dihs","1.0","0.24040760013743045","0.22984819919329827","190","20","190","5000","190","exhaustive_unique","2","multimodal_class","agglomerative","./1_benchmarking_comparison\agglomerative\multimodal_class"
"mahalanobis_distance","1.0","3.9171986248576642","3.9024665937391907","190","20","190","5000","190","exhaustive_unique","2","multimodal_class","agglomerative","./1_benchmarking_comparison\agglomerative\multimodal_class"
"centroid_distance","1.0","0.6267187683412563","0.6301478508049312","1140","20","1140","5000","1140","exhaustive_unique","3","multimodal_class","agglomerative","./1_benchmarking_comparison\agglomerative\multimodal_class"
"dihs","1.0","0.26849565499709327","0.26476965453218504","1140","20","1140","5000","1140","exhaustive_unique","3","multimodal_class","agglomerative","./1_benchmarking_comparison\agglomerative\multimodal_class"
"mahalanobis_distance","1.0","3.9367795157846084","3.921991991819147","1140","20","1140","5000","1140","exhaustive_unique","3","multimodal_class","agglomerative","./1_benchmarking_comparison\agglomerative\multimodal_class"
"centroid_distance","1.0","0.6254709935862772","0.6302768754135125","4845","20","4845","5000","4845","exhaustive_unique","4","multimodal_class","agglomerative","./1_benchmarking_comparison\agglomerative\multimodal_class"
"dihs","1.0","0.29358972027279673","0.2907471811028648","4845","20","4845","5000","4845","exhaustive_unique","4","multimodal_class","agglomerative","./1_benchmarking_comparison\agglomerative\multimodal_class"
"mahalanobis_distance","1.0","3.9432705113654416","3.933327989270871","4845","20","4845","5000","4845","exhaustive_unique","4","multimodal_class","agglomerative","./1_benchmarking_comparison\agglomerative\multimodal_class"
"centroid_distance","1.0","0.6282711066677593","0.6297757041989489","5000","20","15504","5000","5000","random_unique","5","multimodal_class","agglomerative","./1_benchmarking_comparison\agglomerative\multimodal_class"
"dihs","1.0","0.316537558816271","0.3132646505849821","5000","20","15504","5000","5000","random_unique","5","multimodal_class","agglomerative","./1_benchmarking_comparison\agglomerative\multimodal_class"
"mahalanobis_distance","1.0","3.9496686696606984","3.9420291435152794","5000","20","15504","5000","5000","random_unique","5","multimodal_class","agglomerative","./1_benchmarking_comparison\agglomerative\multimodal_class"
"centroid_distance","1.0","0.627485909472548","0.6290112274822728","5000","20","38760","5000","5000","random_unique","6","multimodal_class","agglomerative","./1_benchmarking_comparison\agglomerative\multimodal_class"
"dihs","1.0","0.334680018928039","0.33135573072590474","5000","20","38760","5000","5000","random_unique","6","multimodal_class","agglomerative","./1_benchmarking_comparison\agglomerative\multimodal_class"
"mahalanobis_distance","1.0","3.9526513678697524","3.945868310990032","5000","20","38760","5000","5000","random_unique","6","multimodal_class","agglomerative","./1_benchmarking_comparison\agglomerative\multimodal_class"
"centroid_distance","1.0","0.6285870498661685","0.629736660997416","5000","20","77520","5000","5000","random_unique","7","multimodal_class","agglomerative","./1_benchmarking_comparison\agglomerative\multimodal_class"
"dihs","1.0","0.3491622837552998","0.3464403259563682","5000","20","77520","5000","5000","random_unique","7","multimodal_class","agglomerative","./1_benchmarking_comparison\agglomerative\multimodal_class"
"mahalanobis_distance","1.0","3.958287483489225","3.9518934154103786","5000","20","77520","5000","5000","random_unique","7","multimodal_class","agglomerative","./1_benchmarking_comparison\agglomerative\multimodal_class"
"centroid_distance","1.0","0.6312284526801203","0.6314051574177362","5000","20","125970","5000","5000","random_unique","8","multimodal_class","agglomerative","./1_benchmarking_comparison\agglomerative\multimodal_class"
"dihs","1.0","0.3613271303213613","0.35908089214090594","5000","20","125970","5000","5000","random_unique","8","multimodal_class","agglomerative","./1_benchmarking_comparison\agglomerative\multimodal_class"
"mahalanobis_distance","1.0","3.9657610146863673","3.9602010392003066","5000","20","125970","5000","5000","random_unique","8","multimodal_class","agglomerative","./1_benchmarking_comparison\agglomerative\multimodal_class"
"centroid_distance","1.0","0.6301278181945008","0.6299590574675213","5000","20","167960","5000","5000","random_unique","9","multimodal_class","agglomerative","./1_benchmarking_comparison\agglomerative\multimodal_class"
"dihs","1.0","0.37205923293398624","0.37017995495081707","5000","20","167960","5000","5000","random_unique","9","multimodal_class","agglomerative","./1_benchmarking_comparison\agglomerative\multimodal_class"
"mahalanobis_distance","1.0","3.966519491885304","3.9623671259757653","5000","20","167960","5000","5000","random_unique","9","multimodal_class","agglomerative","./1_benchmarking_comparison\agglomerative\multimodal_class"
"centroid_distance","1.0","0.628725381659092","0.6286311227992559","5000","20","184756","5000","5000","random_unique","10","multimodal_class","agglomerative","./1_benchmarking_comparison\agglomerative\multimodal_class"
"dihs","1.0","0.3821480787678749","0.3800637410714432","5000","20","184756","5000","5000","random_unique","10","multimodal_class","agglomerative","./1_benchmarking_comparison\agglomerative\multimodal_class"
"mahalanobis_distance","1.0","3.967152344589447","3.9615052430679265","5000","20","184756","5000","5000","random_unique","10","multimodal_class","agglomerative","./1_benchmarking_comparison\agglomerative\multimodal_class"
"centroid_distance","1.0","0.6291193916483304","0.6294995111172801","5000","20","167960","5000","5000","random_unique","11","multimodal_class","agglomerative","./1_benchmarking_comparison\agglomerative\multimodal_class"
"dihs","1.0","0.3910605584077119","0.38886070466581835","5000","20","167960","5000","5000","random_unique","11","multimodal_class","agglomerative","./1_benchmarking_comparison\agglomerative\multimodal_class"
"mahalanobis_distance","1.0","3.9687689333991774","3.9660218762633073","5000","20","167960","5000","5000","random_unique","11","multimodal_class","agglomerative","./1_benchmarking_comparison\agglomerative\multimodal_class"
"centroid_distance","1.0","0.632119538642113","0.6312678277944627","5000","20","125970","5000","5000","random_unique","12","multimodal_class","agglomerative","./1_benchmarking_comparison\agglomerative\multimodal_class"
"dihs","1.0","0.39918882629884933","0.3971194090384367","5000","20","125970","5000","5000","random_unique","12","multimodal_class","agglomerative","./1_benchmarking_comparison\agglomerative\multimodal_class"
"mahalanobis_distance","1.0","3.97425473462099","3.97334339110991","5000","20","125970","5000","5000","random_unique","12","multimodal_class","agglomerative","./1_benchmarking_comparison\agglomerative\multimodal_class"
"centroid_distance","1.0","0.629764464428809","0.6296933375423382","5000","20","77520","5000","5000","random_unique","13","multimodal_class","agglomerative","./1_benchmarking_comparison\agglomerative\multimodal_class"
"dihs","1.0","0.4069402841118596","0.4046123586392178","5000","20","77520","5000","5000","random_unique","13","multimodal_class","agglomerative","./1_benchmarking_comparison\agglomerative\multimodal_class"
"mahalanobis_distance","1.0","3.974877177855243","3.9740879550531942","5000","20","77520","5000","5000","random_unique","13","multimodal_class","agglomerative","./1_benchmarking_comparison\agglomerative\multimodal_class"
"centroid_distance","1.0","0.6317220931486907","0.631009420416816","5000","20","38760","5000","5000","random_unique","14","multimodal_class","agglomerative","./1_benchmarking_comparison\agglomerative\multimodal_class"
"dihs","1.0","0.4133475581254994","0.4114092131990592","5000","20","38760","5000","5000","random_unique","14","multimodal_class","agglomerative","./1_benchmarking_comparison\agglomerative\multimodal_class"
"mahalanobis_distance","1.0","3.983120760000001","3.9811620180132676","5000","20","38760","5000","5000","random_unique","14","multimodal_class","agglomerative","./1_benchmarking_comparison\agglomerative\multimodal_class"
"centroid_distance","1.0","0.6320161405857784","0.6310687401043197","5000","20","15504","5000","5000","random_unique","15","multimodal_class","agglomerative","./1_benchmarking_comparison\agglomerative\multimodal_class"
"dihs","1.0","0.42030237250856695","0.41869935948473785","5000","20","15504","5000","5000","random_unique","15","multimodal_class","agglomerative","./1_benchmarking_comparison\agglomerative\multimodal_class"
"mahalanobis_distance","1.0","3.9847069990498487","3.9838494484415836","5000","20","15504","5000","5000","random_unique","15","multimodal_class","agglomerative","./1_benchmarking_comparison\agglomerative\multimodal_class"
"centroid_distance","1.0","0.6316259299963578","0.6307698486079601","4845","20","4845","5000","4845","exhaustive_unique","16","multimodal_class","agglomerative","./1_benchmarking_comparison\agglomerative\multimodal_class"
"dihs","1.0","0.4264089779554712","0.42467111172043887","4845","20","4845","5000","4845","exhaustive_unique","16","multimodal_class","agglomerative","./1_benchmarking_comparison\agglomerative\multimodal_class"
"mahalanobis_distance","1.0","3.9875166427580355","3.9866812365977538","4845","20","4845","5000","4845","exhaustive_unique","16","multimodal_class","agglomerative","./1_benchmarking_comparison\agglomerative\multimodal_class"
"centroid_distance","1.0","0.6314215477501983","0.6308414829539676","1140","20","1140","5000","1140","exhaustive_unique","17","multimodal_class","agglomerative","./1_benchmarking_comparison\agglomerative\multimodal_class"
"dihs","1.0","0.4315962835939731","0.4301522304830101","1140","20","1140","5000","1140","exhaustive_unique","17","multimodal_class","agglomerative","./1_benchmarking_comparison\agglomerative\multimodal_class"
"mahalanobis_distance","1.0","3.990294811956576","3.9898361289660946","1140","20","1140","5000","1140","exhaustive_unique","17","multimodal_class","agglomerative","./1_benchmarking_comparison\agglomerative\multimodal_class"
"centroid_distance","1.0","0.63193112123516","0.6309199143036062","190","20","190","5000","190","exhaustive_unique","18","multimodal_class","agglomerative","./1_benchmarking_comparison\agglomerative\multimodal_class"
"dihs","1.0","0.43506106832014635","0.4342706387015235","190","20","190","5000","190","exhaustive_unique","18","multimodal_class","agglomerative","./1_benchmarking_comparison\agglomerative\multimodal_class"
"mahalanobis_distance","1.0","3.991851303597702","3.9929390036628103","190","20","190","5000","190","exhaustive_unique","18","multimodal_class","agglomerative","./1_benchmarking_comparison\agglomerative\multimodal_class"
"centroid_distance","1.0","0.6339186427273648","0.6310050961719083","20","20","20","5000","20","exhaustive_unique","19","multimodal_class","agglomerative","./1_benchmarking_comparison\agglomerative\multimodal_class"
"dihs","1.0","0.4411182329817652","0.44031154717661547","20","20","20","5000","20","exhaustive_unique","19","multimodal_class","agglomerative","./1_benchmarking_comparison\agglomerative\multimodal_class"
"mahalanobis_distance","1.0","3.998061796774447","3.9959966162425067","20","20","20","5000","20","exhaustive_unique","19","multimodal_class","agglomerative","./1_benchmarking_comparison\agglomerative\multimodal_class"
"centroid_distance","1.0","0.6310969606830377","0.6310969606830377","1","20","1","5000","1","exhaustive_unique","20","multimodal_class","agglomerative","./1_benchmarking_comparison\agglomerative\multimodal_class"
"dihs","1.0","0.44701710767808084","0.44701710767808084","1","20","1","5000","1","exhaustive_unique","20","multimodal_class","agglomerative","./1_benchmarking_comparison\agglomerative\multimodal_class"
"mahalanobis_distance","1.0","3.9990143858448444","3.9990143858448444","1","20","1","5000","1","exhaustive_unique","20","multimodal_class","agglomerative","./1_benchmarking_comparison\agglomerative\multimodal_class"
"centroid_distance","1.0","0.6427406199173702","0.6261474239215772","20","20","20","5000","20","exhaustive_unique","1","shallow_only_overlap","gaussian","./1_benchmarking_comparison\gaussian\shallow_only_overlap"
"dihs","1.0","0.0779554331324166","0.07519711964641972","20","20","20","5000","20","exhaustive_unique","1","shallow_only_overlap","gaussian","./1_benchmarking_comparison\gaussian\shallow_only_overlap"
"mahalanobis_distance","1.0","1.5119491552877133","1.4727533531589088","20","20","20","5000","20","exhaustive_unique","1","shallow_only_overlap","gaussian","./1_benchmarking_comparison\gaussian\shallow_only_overlap"
"centroid_distance","1.0","0.6491370184590135","0.6400448137192869","190","20","190","5000","190","exhaustive_unique","2","shallow_only_overlap","gaussian","./1_benchmarking_comparison\gaussian\shallow_only_overlap"
"dihs","0.9894736842105263","0.07777151772069027","0.08555640222685404","190","20","190","5000","190","exhaustive_unique","2","shallow_only_overlap","gaussian","./1_benchmarking_comparison\gaussian\shallow_only_overlap"
"mahalanobis_distance","1.0","1.5301492928430083","1.508757728223588","190","20","190","5000","190","exhaustive_unique","2","shallow_only_overlap","gaussian","./1_benchmarking_comparison\gaussian\shallow_only_overlap"
"centroid_distance","1.0","0.6523219289159881","0.6452468384831997","1140","20","1140","5000","1140","exhaustive_unique","3","shallow_only_overlap","gaussian","./1_benchmarking_comparison\gaussian\shallow_only_overlap"
"dihs","0.9912280701754386","0.08578902229514002","0.08976374367887541","1140","20","1140","5000","1140","exhaustive_unique","3","shallow_only_overlap","gaussian","./1_benchmarking_comparison\gaussian\shallow_only_overlap"
"mahalanobis_distance","1.0","1.539025549970707","1.522237612998642","1140","20","1140","5000","1140","exhaustive_unique","3","shallow_only_overlap","gaussian","./1_benchmarking_comparison\gaussian\shallow_only_overlap"
"centroid_distance","1.0","0.6533988267722524","0.647821324894914","4845","20","4845","5000","4845","exhaustive_unique","4","shallow_only_overlap","gaussian","./1_benchmarking_comparison\gaussian\shallow_only_overlap"
"dihs","0.9896800825593395","0.09012131457234712","0.09335589434714589","4845","20","4845","5000","4845","exhaustive_unique","4","shallow_only_overlap","gaussian","./1_benchmarking_comparison\gaussian\shallow_only_overlap"
"mahalanobis_distance","1.0","1.542910600211549","1.5295164203759721","4845","20","4845","5000","4845","exhaustive_unique","4","shallow_only_overlap","gaussian","./1_benchmarking_comparison\gaussian\shallow_only_overlap"
"centroid_distance","1.0","0.6534406544882218","0.6493055088755662","5000","20","15504","5000","5000","random_unique","5","shallow_only_overlap","gaussian","./1_benchmarking_comparison\gaussian\shallow_only_overlap"
"dihs","0.9914","0.09312809880409392","0.09635567109577423","5000","20","15504","5000","5000","random_unique","5","shallow_only_overlap","gaussian","./1_benchmarking_comparison\gaussian\shallow_only_overlap"
"mahalanobis_distance","1.0","1.5440260167549962","1.5342115522737516","5000","20","15504","5000","5000","random_unique","5","shallow_only_overlap","gaussian","./1_benchmarking_comparison\gaussian\shallow_only_overlap"
"centroid_distance","1.0","0.653756908115179","0.6500902385227342","5000","20","38760","5000","5000","random_unique","6","shallow_only_overlap","gaussian","./1_benchmarking_comparison\gaussian\shallow_only_overlap"
"dihs","0.9962","0.09494884304835771","0.09964742696100573","5000","20","38760","5000","5000","random_unique","6","shallow_only_overlap","gaussian","./1_benchmarking_comparison\gaussian\shallow_only_overlap"
"mahalanobis_distance","1.0","1.545947855189493","1.5372198624493325","5000","20","38760","5000","5000","random_unique","6","shallow_only_overlap","gaussian","./1_benchmarking_comparison\gaussian\shallow_only_overlap"
"centroid_distance","1.0","0.6536503688872468","0.6506815147863674","5000","20","77520","5000","5000","random_unique","7","shallow_only_overlap","gaussian","./1_benchmarking_comparison\gaussian\shallow_only_overlap"
"dihs","0.9986","0.09921164967915358","0.10312514033383473","5000","20","77520","5000","5000","random_unique","7","shallow_only_overlap","gaussian","./1_benchmarking_comparison\gaussian\shallow_only_overlap"
"mahalanobis_distance","1.0","1.5467396641716056","1.5398104043600758","5000","20","77520","5000","5000","random_unique","7","shallow_only_overlap","gaussian","./1_benchmarking_comparison\gaussian\shallow_only_overlap"
"centroid_distance","1.0","0.6534347313393595","0.6512554363509108","5000","20","125970","5000","5000","random_unique","8","shallow_only_overlap","gaussian","./1_benchmarking_comparison\gaussian\shallow_only_overlap"
"dihs","0.9996","0.10460966635303726","0.10803450647379846","5000","20","125970","5000","5000","random_unique","8","shallow_only_overlap","gaussian","./1_benchmarking_comparison\gaussian\shallow_only_overlap"
"mahalanobis_distance","1.0","1.5474663483342839","1.5423160696461164","5000","20","125970","5000","5000","random_unique","8","shallow_only_overlap","gaussian","./1_benchmarking_comparison\gaussian\shallow_only_overlap"
"centroid_distance","1.0","0.6530864054801855","0.6511677710893052","5000","20","167960","5000","5000","random_unique","9","shallow_only_overlap","gaussian","./1_benchmarking_comparison\gaussian\shallow_only_overlap"
"dihs","0.9994","0.1056071354941413","0.10966631171112019","5000","20","167960","5000","5000","random_unique","9","shallow_only_overlap","gaussian","./1_benchmarking_comparison\gaussian\shallow_only_overlap"
"mahalanobis_distance","1.0","1.5477960915143956","1.5432109473404718","5000","20","167960","5000","5000","random_unique","9","shallow_only_overlap","gaussian","./1_benchmarking_comparison\gaussian\shallow_only_overlap"
"centroid_distance","1.0","0.6525995940402589","0.650968033371938","5000","20","184756","5000","5000","random_unique","10","shallow_only_overlap","gaussian","./1_benchmarking_comparison\gaussian\shallow_only_overlap"
"dihs","0.9988","0.10937498728780226","0.11037602702731515","5000","20","184756","5000","5000","random_unique","10","shallow_only_overlap","gaussian","./1_benchmarking_comparison\gaussian\shallow_only_overlap"
"mahalanobis_distance","1.0","1.5475589131588552","1.543837190315116","5000","20","184756","5000","5000","random_unique","10","shallow_only_overlap","gaussian","./1_benchmarking_comparison\gaussian\shallow_only_overlap"
"centroid_distance","1.0","0.6528419496251893","0.6512962482301636","5000","20","167960","5000","5000","random_unique","11","shallow_only_overlap","gaussian","./1_benchmarking_comparison\gaussian\shallow_only_overlap"
"dihs","0.999","0.11396108067413296","0.11423225157994223","5000","20","167960","5000","5000","random_unique","11","shallow_only_overlap","gaussian","./1_benchmarking_comparison\gaussian\shallow_only_overlap"
"mahalanobis_distance","1.0","1.5492269258602054","1.5457298757160056","5000","20","167960","5000","5000","random_unique","11","shallow_only_overlap","gaussian","./1_benchmarking_comparison\gaussian\shallow_only_overlap"
"centroid_distance","1.0","0.6530711174211862","0.6516847422110255","5000","20","125970","5000","5000","random_unique","12","shallow_only_overlap","gaussian","./1_benchmarking_comparison\gaussian\shallow_only_overlap"
"dihs","0.9998","0.12348808504883776","0.12044571975987847","5000","20","125970","5000","5000","random_unique","12","shallow_only_overlap","gaussian","./1_benchmarking_comparison\gaussian\shallow_only_overlap"
"mahalanobis_distance","1.0","1.5508780152249546","1.5477675293970652","5000","20","125970","5000","5000","random_unique","12","shallow_only_overlap","gaussian","./1_benchmarking_comparison\gaussian\shallow_only_overlap"
"centroid_distance","1.0","0.6523240122431893","0.6513797531374171","5000","20","77520","5000","5000","random_unique","13","shallow_only_overlap","gaussian","./1_benchmarking_comparison\gaussian\shallow_only_overlap"
"dihs","0.9998","0.12746944064452767","0.12302065714702096","5000","20","77520","5000","5000","random_unique","13","shallow_only_overlap","gaussian","./1_benchmarking_comparison\gaussian\shallow_only_overlap"
"mahalanobis_distance","1.0","1.5500695376360034","1.5481038409785517","5000","20","77520","5000","5000","random_unique","13","shallow_only_overlap","gaussian","./1_benchmarking_comparison\gaussian\shallow_only_overlap"
"centroid_distance","1.0","0.6524465491750151","0.6516132592826634","5000","20","38760","5000","5000","random_unique","14","shallow_only_overlap","gaussian","./1_benchmarking_comparison\gaussian\shallow_only_overlap"
"dihs","1.0","0.13323291599630194","0.12682503221994165","5000","20","38760","5000","5000","random_unique","14","shallow_only_overlap","gaussian","./1_benchmarking_comparison\gaussian\shallow_only_overlap"
"mahalanobis_distance","1.0","1.5516439336583323","1.5497366934467989","5000","20","38760","5000","5000","random_unique","14","shallow_only_overlap","gaussian","./1_benchmarking_comparison\gaussian\shallow_only_overlap"
"centroid_distance","1.0","0.6521520444697395","0.6514161774716087","5000","20","15504","5000","5000","random_unique","15","shallow_only_overlap","gaussian","./1_benchmarking_comparison\gaussian\shallow_only_overlap"
"dihs","1.0","0.1369998520194262","0.1305325213086073","5000","20","15504","5000","5000","random_unique","15","shallow_only_overlap","gaussian","./1_benchmarking_comparison\gaussian\shallow_only_overlap"
"mahalanobis_distance","1.0","1.5518224969019503","1.550294425326902","5000","20","15504","5000","5000","random_unique","15","shallow_only_overlap","gaussian","./1_benchmarking_comparison\gaussian\shallow_only_overlap"
"centroid_distance","1.0","0.651998859500194","0.6513454897612715","4845","20","4845","5000","4845","exhaustive_unique","16","shallow_only_overlap","gaussian","./1_benchmarking_comparison\gaussian\shallow_only_overlap"
"dihs","1.0","0.13905869879263127","0.13501827506315983","4845","20","4845","5000","4845","exhaustive_unique","16","shallow_only_overlap","gaussian","./1_benchmarking_comparison\gaussian\shallow_only_overlap"
"mahalanobis_distance","1.0","1.5524159846426748","1.551160731889576","4845","20","4845","5000","4845","exhaustive_unique","16","shallow_only_overlap","gaussian","./1_benchmarking_comparison\gaussian\shallow_only_overlap"
"centroid_distance","1.0","0.6517609778314097","0.6512665876815935","1140","20","1140","5000","1140","exhaustive_unique","17","shallow_only_overlap","gaussian","./1_benchmarking_comparison\gaussian\shallow_only_overlap"
"dihs","1.0","0.14139849348114564","0.13817591708390617","1140","20","1140","5000","1140","exhaustive_unique","17","shallow_only_overlap","gaussian","./1_benchmarking_comparison\gaussian\shallow_only_overlap"
"mahalanobis_distance","1.0","1.5529990883910187","1.5519887245301167","1140","20","1140","5000","1140","exhaustive_unique","17","shallow_only_overlap","gaussian","./1_benchmarking_comparison\gaussian\shallow_only_overlap"
"centroid_distance","1.0","0.6515274578484717","0.6511804726442741","190","20","190","5000","190","exhaustive_unique","18","shallow_only_overlap","gaussian","./1_benchmarking_comparison\gaussian\shallow_only_overlap"
"dihs","1.0","0.14087144754467296","0.14026273349647295","190","20","190","5000","190","exhaustive_unique","18","shallow_only_overlap","gaussian","./1_benchmarking_comparison\gaussian\shallow_only_overlap"
"mahalanobis_distance","1.0","1.5533051673997977","1.552785772299526","190","20","190","5000","190","exhaustive_unique","18","shallow_only_overlap","gaussian","./1_benchmarking_comparison\gaussian\shallow_only_overlap"
"centroid_distance","1.0","0.6512371753381789","0.6510893344333055","20","20","20","5000","20","exhaustive_unique","19","shallow_only_overlap","gaussian","./1_benchmarking_comparison\gaussian\shallow_only_overlap"
"dihs","1.0","0.14640790447281252","0.14231504023444924","20","20","20","5000","20","exhaustive_unique","19","shallow_only_overlap","gaussian","./1_benchmarking_comparison\gaussian\shallow_only_overlap"
"mahalanobis_distance","1.0","1.553799396728404","1.5535572709177883","20","20","20","5000","20","exhaustive_unique","19","shallow_only_overlap","gaussian","./1_benchmarking_comparison\gaussian\shallow_only_overlap"
"centroid_distance","1.0","0.6509949019229426","0.6509949019229426","1","20","1","5000","1","exhaustive_unique","20","shallow_only_overlap","gaussian","./1_benchmarking_comparison\gaussian\shallow_only_overlap"
"dihs","1.0","0.13028029682054904","0.13028029682054904","1","20","1","5000","1","exhaustive_unique","20","shallow_only_overlap","gaussian","./1_benchmarking_comparison\gaussian\shallow_only_overlap"
"mahalanobis_distance","1.0","1.5543075256293382","1.5543075256293382","1","20","1","5000","1","exhaustive_unique","20","shallow_only_overlap","gaussian","./1_benchmarking_comparison\gaussian\shallow_only_overlap"
"centroid_distance","1.0","0.5815423261216521","0.6284799775390413","20","20","20","5000","20","exhaustive_unique","1","multimodal_class","kmeans","./1_benchmarking_comparison\kmeans\multimodal_class"
"dihs","1.0","0.1720873737373309","0.1685765983044114","20","20","20","5000","20","exhaustive_unique","1","multimodal_class","kmeans","./1_benchmarking_comparison\kmeans\multimodal_class"
"mahalanobis_distance","1.0","3.7965465397326903","3.845809765075951","20","20","20","5000","20","exhaustive_unique","1","multimodal_class","kmeans","./1_benchmarking_comparison\kmeans\multimodal_class"
"centroid_distance","1.0","0.6225401759190813","0.6298247441955159","190","20","190","5000","190","exhaustive_unique","2","multimodal_class","kmeans","./1_benchmarking_comparison\kmeans\multimodal_class"
"dihs","1.0","0.22130066106443408","0.21535557313005577","190","20","190","5000","190","exhaustive_unique","2","multimodal_class","kmeans","./1_benchmarking_comparison\kmeans\multimodal_class"
"mahalanobis_distance","1.0","3.9171986248576642","3.9024665937391907","190","20","190","5000","190","exhaustive_unique","2","multimodal_class","kmeans","./1_benchmarking_comparison\kmeans\multimodal_class"
"centroid_distance","1.0","0.6267187683412563","0.6301478508049312","1140","20","1140","5000","1140","exhaustive_unique","3","multimodal_class","kmeans","./1_benchmarking_comparison\kmeans\multimodal_class"
"dihs","1.0","0.2606310138685275","0.25584049783589596","1140","20","1140","5000","1140","exhaustive_unique","3","multimodal_class","kmeans","./1_benchmarking_comparison\kmeans\multimodal_class"
"mahalanobis_distance","1.0","3.9367795157846084","3.921991991819147","1140","20","1140","5000","1140","exhaustive_unique","3","multimodal_class","kmeans","./1_benchmarking_comparison\kmeans\multimodal_class"
"centroid_distance","1.0","0.6254709935862772","0.6302768754135125","4845","20","4845","5000","4845","exhaustive_unique","4","multimodal_class","kmeans","./1_benchmarking_comparison\kmeans\multimodal_class"
"dihs","1.0","0.28616237924760446","0.2824312386887599","4845","20","4845","5000","4845","exhaustive_unique","4","multimodal_class","kmeans","./1_benchmarking_comparison\kmeans\multimodal_class"
"mahalanobis_distance","1.0","3.9432705113654416","3.933327989270871","4845","20","4845","5000","4845","exhaustive_unique","4","multimodal_class","kmeans","./1_benchmarking_comparison\kmeans\multimodal_class"
"centroid_distance","1.0","0.6282711066677593","0.6297757041989489","5000","20","15504","5000","5000","random_unique","5","multimodal_class","kmeans","./1_benchmarking_comparison\kmeans\multimodal_class"
"dihs","1.0","0.3077452526153094","0.30451134819219194","5000","20","15504","5000","5000","random_unique","5","multimodal_class","kmeans","./1_benchmarking_comparison\kmeans\multimodal_class"
"mahalanobis_distance","1.0","3.9496686696606984","3.9420291435152794","5000","20","15504","5000","5000","random_unique","5","multimodal_class","kmeans","./1_benchmarking_comparison\kmeans\multimodal_class"
"centroid_distance","1.0","0.627485909472548","0.6290112274822728","5000","20","38760","5000","5000","random_unique","6","multimodal_class","kmeans","./1_benchmarking_comparison\kmeans\multimodal_class"
"dihs","1.0","0.31599018917464505","0.3137944989752029","5000","20","38760","5000","5000","random_unique","6","multimodal_class","kmeans","./1_benchmarking_comparison\kmeans\multimodal_class"
"mahalanobis_distance","1.0","3.9526513678697524","3.945868310990032","5000","20","38760","5000","5000","random_unique","6","multimodal_class","kmeans","./1_benchmarking_comparison\kmeans\multimodal_class"
"centroid_distance","1.0","0.6285870498661685","0.629736660997416","5000","20","77520","5000","5000","random_unique","7","multimodal_class","kmeans","./1_benchmarking_comparison\kmeans\multimodal_class"
"dihs","1.0","0.32969208005319617","0.3285303900776966","5000","20","77520","5000","5000","random_unique","7","multimodal_class","kmeans","./1_benchmarking_comparison\kmeans\multimodal_class"
"mahalanobis_distance","1.0","3.958287483489225","3.9518934154103786","5000","20","77520","5000","5000","random_unique","7","multimodal_class","kmeans","./1_benchmarking_comparison\kmeans\multimodal_class"
"centroid_distance","1.0","0.6312284526801203","0.6314051574177362","5000","20","125970","5000","5000","random_unique","8","multimodal_class","kmeans","./1_benchmarking_comparison\kmeans\multimodal_class"
"dihs","1.0","0.34416731613765955","0.3428053920401332","5000","20","125970","5000","5000","random_unique","8","multimodal_class","kmeans","./1_benchmarking_comparison\kmeans\multimodal_class"
"mahalanobis_distance","1.0","3.9657610146863673","3.9602010392003066","5000","20","125970","5000","5000","random_unique","8","multimodal_class","kmeans","./1_benchmarking_comparison\kmeans\multimodal_class"
"centroid_distance","1.0","0.6301278181945008","0.6299590574675213","5000","20","167960","5000","5000","random_unique","9","multimodal_class","kmeans","./1_benchmarking_comparison\kmeans\multimodal_class"
"dihs","1.0","0.3594291841874886","0.3572674646702492","5000","20","167960","5000","5000","random_unique","9","multimodal_class","kmeans","./1_benchmarking_comparison\kmeans\multimodal_class"
"mahalanobis_distance","1.0","3.966519491885304","3.9623671259757653","5000","20","167960","5000","5000","random_unique","9","multimodal_class","kmeans","./1_benchmarking_comparison\kmeans\multimodal_class"
"centroid_distance","1.0","0.628725381659092","0.6286311227992559","5000","20","184756","5000","5000","random_unique","10","multimodal_class","kmeans","./1_benchmarking_comparison\kmeans\multimodal_class"
"dihs","1.0","0.36835894119363677","0.36677274245916736","5000","20","184756","5000","5000","random_unique","10","multimodal_class","kmeans","./1_benchmarking_comparison\kmeans\multimodal_class"
"mahalanobis_distance","1.0","3.967152344589447","3.9615052430679265","5000","20","184756","5000","5000","random_unique","10","multimodal_class","kmeans","./1_benchmarking_comparison\kmeans\multimodal_class"
"centroid_distance","1.0","0.6291193916483304","0.6294995111172801","5000","20","167960","5000","5000","random_unique","11","multimodal_class","kmeans","./1_benchmarking_comparison\kmeans\multimodal_class"
"dihs","1.0","0.37774392042420646","0.3760952646594341","5000","20","167960","5000","5000","random_unique","11","multimodal_class","kmeans","./1_benchmarking_comparison\kmeans\multimodal_class"
"mahalanobis_distance","1.0","3.9687689333991774","3.9660218762633073","5000","20","167960","5000","5000","random_unique","11","multimodal_class","kmeans","./1_benchmarking_comparison\kmeans\multimodal_class"
"centroid_distance","1.0","0.632119538642113","0.6312678277944627","5000","20","125970","5000","5000","random_unique","12","multimodal_class","kmeans","./1_benchmarking_comparison\kmeans\multimodal_class"
"dihs","1.0","0.3963283071269579","0.3943344164319742","5000","20","125970","5000","5000","random_unique","12","multimodal_class","kmeans","./1_benchmarking_comparison\kmeans\multimodal_class"
"mahalanobis_distance","1.0","3.97425473462099","3.97334339110991","5000","20","125970","5000","5000","random_unique","12","multimodal_class","kmeans","./1_benchmarking_comparison\kmeans\multimodal_class"
"centroid_distance","1.0","0.629764464428809","0.6296933375423382","5000","20","77520","5000","5000","random_unique","13","multimodal_class","kmeans","./1_benchmarking_comparison\kmeans\multimodal_class"
"dihs","1.0","0.4035269325824841","0.4016879969192411","5000","20","77520","5000","5000","random_unique","13","multimodal_class","kmeans","./1_benchmarking_comparison\kmeans\multimodal_class"
"mahalanobis_distance","1.0","3.974877177855243","3.9740879550531942","5000","20","77520","5000","5000","random_unique","13","multimodal_class","kmeans","./1_benchmarking_comparison\kmeans\multimodal_class"
"centroid_distance","1.0","0.6317220931486907","0.631009420416816","5000","20","38760","5000","5000","random_unique","14","multimodal_class","kmeans","./1_benchmarking_comparison\kmeans\multimodal_class"
"dihs","1.0","0.40083673960810695","0.3994289694976853","5000","20","38760","5000","5000","random_unique","14","multimodal_class","kmeans","./1_benchmarking_comparison\kmeans\multimodal_class"
"mahalanobis_distance","1.0","3.983120760000001","3.9811620180132676","5000","20","38760","5000","5000","random_unique","14","multimodal_class","kmeans","./1_benchmarking_comparison\kmeans\multimodal_class"
"centroid_distance","1.0","0.6320161405857784","0.6310687401043197","5000","20","15504","5000","5000","random_unique","15","multimodal_class","kmeans","./1_benchmarking_comparison\kmeans\multimodal_class"
"dihs","1.0","0.40518212289673494","0.4045159524610097","5000","20","15504","5000","5000","random_unique","15","multimodal_class","kmeans","./1_benchmarking_comparison\kmeans\multimodal_class"
"mahalanobis_distance","1.0","3.9847069990498487","3.9838494484415836","5000","20","15504","5000","5000","random_unique","15","multimodal_class","kmeans","./1_benchmarking_comparison\kmeans\multimodal_class"
"centroid_distance","1.0","0.6316259299963578","0.6307698486079601","4845","20","4845","5000","4845","exhaustive_unique","16","multimodal_class","kmeans","./1_benchmarking_comparison\kmeans\multimodal_class"
"dihs","1.0","0.4098206486324754","0.4090678239132899","4845","20","4845","5000","4845","exhaustive_unique","16","multimodal_class","kmeans","./1_benchmarking_comparison\kmeans\multimodal_class"
"mahalanobis_distance","1.0","3.9875166427580355","3.9866812365977538","4845","20","4845","5000","4845","exhaustive_unique","16","multimodal_class","kmeans","./1_benchmarking_comparison\kmeans\multimodal_class"
"centroid_distance","1.0","0.6314215477501983","0.6308414829539676","1140","20","1140","5000","1140","exhaustive_unique","17","multimodal_class","kmeans","./1_benchmarking_comparison\kmeans\multimodal_class"
"dihs","1.0","0.4201715799515292","0.41961435688932236","1140","20","1140","5000","1140","exhaustive_unique","17","multimodal_class","kmeans","./1_benchmarking_comparison\kmeans\multimodal_class"
"mahalanobis_distance","1.0","3.990294811956576","3.9898361289660946","1140","20","1140","5000","1140","exhaustive_unique","17","multimodal_class","kmeans","./1_benchmarking_comparison\kmeans\multimodal_class"
"centroid_distance","1.0","0.63193112123516","0.6309199143036062","190","20","190","5000","190","exhaustive_unique","18","multimodal_class","kmeans","./1_benchmarking_comparison\kmeans\multimodal_class"
"dihs","1.0","0.4238496267784231","0.42462932292218747","190","20","190","5000","190","exhaustive_unique","18","multimodal_class","kmeans","./1_benchmarking_comparison\kmeans\multimodal_class"
"mahalanobis_distance","1.0","3.991851303597702","3.9929390036628103","190","20","190","5000","190","exhaustive_unique","18","multimodal_class","kmeans","./1_benchmarking_comparison\kmeans\multimodal_class"
"centroid_distance","1.0","0.6339186427273648","0.6310050961719083","20","20","20","5000","20","exhaustive_unique","19","multimodal_class","kmeans","./1_benchmarking_comparison\kmeans\multimodal_class"
"dihs","1.0","0.41712284550873135","0.42041394509184526","20","20","20","5000","20","exhaustive_unique","19","multimodal_class","kmeans","./1_benchmarking_comparison\kmeans\multimodal_class"
"mahalanobis_distance","1.0","3.998061796774447","3.9959966162425067","20","20","20","5000","20","exhaustive_unique","19","multimodal_class","kmeans","./1_benchmarking_comparison\kmeans\multimodal_class"
"centroid_distance","1.0","0.6310969606830377","0.6310969606830377","1","20","1","5000","1","exhaustive_unique","20","multimodal_class","kmeans","./1_benchmarking_comparison\kmeans\multimodal_class"
"dihs","1.0","0.4316238654792074","0.4316238654792074","1","20","1","5000","1","exhaustive_unique","20","multimodal_class","kmeans","./1_benchmarking_comparison\kmeans\multimodal_class"
"mahalanobis_distance","1.0","3.9990143858448444","3.9990143858448444","1","20","1","5000","1","exhaustive_unique","20","multimodal_class","kmeans","./1_benchmarking_comparison\kmeans\multimodal_class"
"centroid_distance","0.35","0.09760075079085324","0.10718668093058972","20","20","20","5000","20","exhaustive_unique","1","persistent_overlap","kmeans","./1_benchmarking_comparison\kmeans\persistent_overlap"
"dihs","0.7","0.017155838134231827","0.020343416298552842","20","20","20","5000","20","exhaustive_unique","1","persistent_overlap","kmeans","./1_benchmarking_comparison\kmeans\persistent_overlap"
"mahalanobis_distance","0.3","0.2421222091336759","0.25799138206061584","20","20","20","5000","20","exhaustive_unique","1","persistent_overlap","kmeans","./1_benchmarking_comparison\kmeans\persistent_overlap"
"centroid_distance","0.22105263157894736","0.12280475999207977","0.11678805717678989","190","20","190","5000","190","exhaustive_unique","2","persistent_overlap","kmeans","./1_benchmarking_comparison\kmeans\persistent_overlap"
"dihs","0.5894736842105263","0.020925647547471893","0.02278874736930427","190","20","190","5000","190","exhaustive_unique","2","persistent_overlap","kmeans","./1_benchmarking_comparison\kmeans\persistent_overlap"
"mahalanobis_distance","0.24736842105263157","0.2673481078775934","0.27624066955162485","190","20","190","5000","190","exhaustive_unique","2","persistent_overlap","kmeans","./1_benchmarking_comparison\kmeans\persistent_overlap"
"centroid_distance","0.16578947368421051","0.13377369065250688","0.12080864970708495","1140","20","1140","5000","1140","exhaustive_unique","3","persistent_overlap","kmeans","./1_benchmarking_comparison\kmeans\persistent_overlap"
"dihs","0.5780701754385965","0.021734156975579816","0.025060840097083103","1140","20","1140","5000","1140","exhaustive_unique","3","persistent_overlap","kmeans","./1_benchmarking_comparison\kmeans\persistent_overlap"
"mahalanobis_distance","0.20350877192982456","0.3042102689204585","0.28384029608677547","1140","20","1140","5000","1140","exhaustive_unique","3","persistent_overlap","kmeans","./1_benchmarking_comparison\kmeans\persistent_overlap"
"centroid_distance","0.13023735810113518","0.13944885359311968","0.12457153680265073","4845","20","4845","5000","4845","exhaustive_unique","4","persistent_overlap","kmeans","./1_benchmarking_comparison\kmeans\persistent_overlap"
"dihs","0.5946336429308565","0.023332498846869443","0.026490517732333716","4845","20","4845","5000","4845","exhaustive_unique","4","persistent_overlap","kmeans","./1_benchmarking_comparison\kmeans\persistent_overlap"
"mahalanobis_distance","0.1607843137254902","0.31829434518766786","0.291230677105972","4845","20","4845","5000","4845","exhaustive_unique","4","persistent_overlap","kmeans","./1_benchmarking_comparison\kmeans\persistent_overlap"
"centroid_distance","0.0896","0.14615187418946793","0.1285353600435282","5000","20","15504","5000","5000","random_unique","5","persistent_overlap","kmeans","./1_benchmarking_comparison\kmeans\persistent_overlap"
"dihs","0.5798","0.022959238088315986","0.026540689065061737","5000","20","15504","5000","5000","random_unique","5","persistent_overlap","kmeans","./1_benchmarking_comparison\kmeans\persistent_overlap"
"mahalanobis_distance","0.121","0.33397943290766163","0.2990601336464757","5000","20","15504","5000","5000","random_unique","5","persistent_overlap","kmeans","./1_benchmarking_comparison\kmeans\persistent_overlap"
"centroid_distance","0.0758","0.14630675848964375","0.12908380582444257","5000","20","38760","5000","5000","random_unique","6","persistent_overlap","kmeans","./1_benchmarking_comparison\kmeans\persistent_overlap"
"dihs","0.6296","0.022108757660906392","0.02546152687119437","5000","20","38760","5000","5000","random_unique","6","persistent_overlap","kmeans","./1_benchmarking_comparison\kmeans\persistent_overlap"
"mahalanobis_distance","0.1072","0.3308390531069396","0.2988344070060706","5000","20","38760","5000","5000","random_unique","6","persistent_overlap","kmeans","./1_benchmarking_comparison\kmeans\persistent_overlap"
"centroid_distance","0.0468","0.15515148888413965","0.13598134204829554","5000","20","77520","5000","5000","random_unique","7","persistent_overlap","kmeans","./1_benchmarking_comparison\kmeans\persistent_overlap"
"dihs","0.5998","0.02174904525438731","0.024939999517466085","5000","20","77520","5000","5000","random_unique","7","persistent_overlap","kmeans","./1_benchmarking_comparison\kmeans\persistent_overlap"
"mahalanobis_distance","0.071","0.3558447773932638","0.31480242180067586","5000","20","77520","5000","5000","random_unique","7","persistent_overlap","kmeans","./1_benchmarking_comparison\kmeans\persistent_overlap"
"centroid_distance","0.0318","0.15871937146261253","0.1394935698640198","5000","20","125970","5000","5000","random_unique","8","persistent_overlap","kmeans","./1_benchmarking_comparison\kmeans\persistent_overlap"
"dihs","0.5824","0.020611729013853913","0.023542032316702176","5000","20","125970","5000","5000","random_unique","8","persistent_overlap","kmeans","./1_benchmarking_comparison\kmeans\persistent_overlap"
"mahalanobis_distance","0.0566","0.3661612744808576","0.32231633471530224","5000","20","125970","5000","5000","random_unique","8","persistent_overlap","kmeans","./1_benchmarking_comparison\kmeans\persistent_overlap"
"centroid_distance","0.0176","0.16176008429330035","0.143878114411132","5000","20","167960","5000","5000","random_unique","9","persistent_overlap","kmeans","./1_benchmarking_comparison\kmeans\persistent_overlap"
"dihs","0.5872","0.01838029337972208","0.02149750902360547","5000","20","167960","5000","5000","random_unique","9","persistent_overlap","kmeans","./1_benchmarking_comparison\kmeans\persistent_overlap"
"mahalanobis_distance","0.034","0.37430669102546255","0.332341191862628","5000","20","167960","5000","5000","random_unique","9","persistent_overlap","kmeans","./1_benchmarking_comparison\kmeans\persistent_overlap"
"centroid_distance","0.007","0.16209652272074665","0.1472166494828738","5000","20","184756","5000","5000","random_unique","10","persistent_overlap","kmeans","./1_benchmarking_comparison\kmeans\persistent_overlap"
"dihs","0.6128","0.018030751195528494","0.020983491292713485","5000","20","184756","5000","5000","random_unique","10","persistent_overlap","kmeans","./1_benchmarking_comparison\kmeans\persistent_overlap"
"mahalanobis_distance","0.0218","0.3738184277238643","0.33926652125522416","5000","20","184756","5000","5000","random_unique","10","persistent_overlap","kmeans","./1_benchmarking_comparison\kmeans\persistent_overlap"
"centroid_distance","0.005","0.16280232006114398","0.14944335423598","5000","20","167960","5000","5000","random_unique","11","persistent_overlap","kmeans","./1_benchmarking_comparison\kmeans\persistent_overlap"
"dihs","0.6968","0.018794069725738355","0.021804254795577575","5000","20","167960","5000","5000","random_unique","11","persistent_overlap","kmeans","./1_benchmarking_comparison\kmeans\persistent_overlap"
"mahalanobis_distance","0.0134","0.3758802374381053","0.34437922229312007","5000","20","167960","5000","5000","random_unique","11","persistent_overlap","kmeans","./1_benchmarking_comparison\kmeans\persistent_overlap"
"centroid_distance","0.0008","0.16443845257008688","0.1527130585445615","5000","20","125970","5000","5000","random_unique","12","persistent_overlap","kmeans","./1_benchmarking_comparison\kmeans\persistent_overlap"
"dihs","0.6908","0.018321707422876754","0.02144427823504479","5000","20","125970","5000","5000","random_unique","12","persistent_overlap","kmeans","./1_benchmarking_comparison\kmeans\persistent_overlap"
"mahalanobis_distance","0.0038","0.3806486907391323","0.351860124435079","5000","20","125970","5000","5000","random_unique","12","persistent_overlap","kmeans","./1_benchmarking_comparison\kmeans\persistent_overlap"
"centroid_distance","0.0","0.1664469097469977","0.15537673327224538","5000","20","77520","5000","5000","random_unique","13","persistent_overlap","kmeans","./1_benchmarking_comparison\kmeans\persistent_overlap"
"dihs","0.686","0.01698469818490389","0.020111265743124166","5000","20","77520","5000","5000","random_unique","13","persistent_overlap","kmeans","./1_benchmarking_comparison\kmeans\persistent_overlap"
"mahalanobis_distance","0.0014","0.38523376539524296","0.3588997441030341","5000","20","77520","5000","5000","random_unique","13","persistent_overlap","kmeans","./1_benchmarking_comparison\kmeans\persistent_overlap"
"centroid_distance","0.0","0.16659634626891695","0.15775871357940224","5000","20","38760","5000","5000","random_unique","14","persistent_overlap","kmeans","./1_benchmarking_comparison\kmeans\persistent_overlap"
"dihs","0.5954","0.014562677488328124","0.01676641133235897","5000","20","38760","5000","5000","random_unique","14","persistent_overlap","kmeans","./1_benchmarking_comparison\kmeans\persistent_overlap"
"mahalanobis_distance","0.0002","0.386486295973413","0.3648113372738104","5000","20","38760","5000","5000","random_unique","14","persistent_overlap","kmeans","./1_benchmarking_comparison\kmeans\persistent_overlap"
"centroid_distance","0.0","0.16765377017731192","0.16034528442368443","5000","20","15504","5000","5000","random_unique","15","persistent_overlap","kmeans","./1_benchmarking_comparison\kmeans\persistent_overlap"
"dihs","0.5882","0.013753311827130577","0.015993065548606883","5000","20","15504","5000","5000","random_unique","15","persistent_overlap","kmeans","./1_benchmarking_comparison\kmeans\persistent_overlap"
"mahalanobis_distance","0.0","0.3901193030029587","0.37161184970494904","5000","20","15504","5000","5000","random_unique","15","persistent_overlap","kmeans","./1_benchmarking_comparison\kmeans\persistent_overlap"
"centroid_distance","0.0","0.1679358185365451","0.16222280796799315","4845","20","4845","5000","4845","exhaustive_unique","16","persistent_overlap","kmeans","./1_benchmarking_comparison\kmeans\persistent_overlap"
"dihs","0.5814241486068111","0.012488516270237948","0.014901977848520643","4845","20","4845","5000","4845","exhaustive_unique","16","persistent_overlap","kmeans","./1_benchmarking_comparison\kmeans\persistent_overlap"
"mahalanobis_distance","0.0","0.39104135351492336","0.3765242486035286","4845","20","4845","5000","4845","exhaustive_unique","16","persistent_overlap","kmeans","./1_benchmarking_comparison\kmeans\persistent_overlap"
"centroid_distance","0.0","0.1684951219181119","0.1638880502889577","1140","20","1140","5000","1140","exhaustive_unique","17","persistent_overlap","kmeans","./1_benchmarking_comparison\kmeans\persistent_overlap"
"dihs","0.6991228070175438","0.01350098237176145","0.01584537003792499","1140","20","1140","5000","1140","exhaustive_unique","17","persistent_overlap","kmeans","./1_benchmarking_comparison\kmeans\persistent_overlap"
"mahalanobis_distance","0.0","0.3921617643504958","0.3808048472513878","1140","20","1140","5000","1140","exhaustive_unique","17","persistent_overlap","kmeans","./1_benchmarking_comparison\kmeans\persistent_overlap"
"centroid_distance","0.0","0.16867378525401822","0.16538917011121568","190","20","190","5000","190","exhaustive_unique","18","persistent_overlap","kmeans","./1_benchmarking_comparison\kmeans\persistent_overlap"
"dihs","0.6894736842105263","0.01164002570254874","0.014420133588648257","190","20","190","5000","190","exhaustive_unique","18","persistent_overlap","kmeans","./1_benchmarking_comparison\kmeans\persistent_overlap"
"mahalanobis_distance","0.0","0.39368014952835007","0.3845987211157634","190","20","190","5000","190","exhaustive_unique","18","persistent_overlap","kmeans","./1_benchmarking_comparison\kmeans\persistent_overlap"
"centroid_distance","0.0","0.1683902819709397","0.16674518692735774","20","20","20","5000","20","exhaustive_unique","19","persistent_overlap","kmeans","./1_benchmarking_comparison\kmeans\persistent_overlap"
"dihs","0.5","0.0081214559180115","0.014559064653279663","20","20","20","5000","20","exhaustive_unique","19","persistent_overlap","kmeans","./1_benchmarking_comparison\kmeans\persistent_overlap"
"mahalanobis_distance","0.0","0.393190893115951","0.38794381317909254","20","20","20","5000","20","exhaustive_unique","19","persistent_overlap","kmeans","./1_benchmarking_comparison\kmeans\persistent_overlap"
"centroid_distance","0.0","0.16797313579209144","0.16797313579209144","1","20","1","5000","1","exhaustive_unique","20","persistent_overlap","kmeans","./1_benchmarking_comparison\kmeans\persistent_overlap"
"dihs","1.0","0.024016210714366104","0.024016210714366104","1","20","1","5000","1","exhaustive_unique","20","persistent_overlap","kmeans","./1_benchmarking_comparison\kmeans\persistent_overlap"
"mahalanobis_distance","0.0","0.3908924922341186","0.3908924922341186","1","20","1","5000","1","exhaustive_unique","20","persistent_overlap","kmeans","./1_benchmarking_comparison\kmeans\persistent_overlap"
"centroid_distance","1.0","1.6214630252085818","1.5721703935795446","20","20","20","5000","20","exhaustive_unique","1","internal_heterogeneity","agglomerative","./1_benchmarking_comparison\agglomerative\internal_heterogeneity"
"dihs","1.0","0.33818050797746796","0.3371100129033891","20","20","20","5000","20","exhaustive_unique","1","internal_heterogeneity","agglomerative","./1_benchmarking_comparison\agglomerative\internal_heterogeneity"
"mahalanobis_distance","1.0","3.620139391295651","3.6097956287917072","20","20","20","5000","20","exhaustive_unique","1","internal_heterogeneity","agglomerative","./1_benchmarking_comparison\agglomerative\internal_heterogeneity"
"centroid_distance","1.0","1.6417058957993331","1.639399977927764","190","20","190","5000","190","exhaustive_unique","2","internal_heterogeneity","agglomerative","./1_benchmarking_comparison\agglomerative\internal_heterogeneity"
"dihs","1.0","0.3336355979880722","0.35402539433478186","190","20","190","5000","190","exhaustive_unique","2","internal_heterogeneity","agglomerative","./1_benchmarking_comparison\agglomerative\internal_heterogeneity"
"mahalanobis_distance","1.0","3.8017140613988887","3.7780641870082574","190","20","190","5000","190","exhaustive_unique","2","internal_heterogeneity","agglomerative","./1_benchmarking_comparison\agglomerative\internal_heterogeneity"
"centroid_distance","1.0","1.6470095395918434","1.6566705665618575","1140","20","1140","5000","1140","exhaustive_unique","3","internal_heterogeneity","agglomerative","./1_benchmarking_comparison\agglomerative\internal_heterogeneity"
"dihs","1.0","0.3477228933385794","0.36618806879481713","1140","20","1140","5000","1140","exhaustive_unique","3","internal_heterogeneity","agglomerative","./1_benchmarking_comparison\agglomerative\internal_heterogeneity"
"mahalanobis_distance","1.0","3.8234120308496737","3.8346453113913914","1140","20","1140","5000","1140","exhaustive_unique","3","internal_heterogeneity","agglomerative","./1_benchmarking_comparison\agglomerative\internal_heterogeneity"
"centroid_distance","1.0","1.6586077373749526","1.6641018080193666","4845","20","4845","5000","4845","exhaustive_unique","4","internal_heterogeneity","agglomerative","./1_benchmarking_comparison\agglomerative\internal_heterogeneity"
"dihs","1.0","0.3742720666462699","0.3756320208191175","4845","20","4845","5000","4845","exhaustive_unique","4","internal_heterogeneity","agglomerative","./1_benchmarking_comparison\agglomerative\internal_heterogeneity"
"mahalanobis_distance","1.0","3.859344353878317","3.865201244698677","4845","20","4845","5000","4845","exhaustive_unique","4","internal_heterogeneity","agglomerative","./1_benchmarking_comparison\agglomerative\internal_heterogeneity"
"centroid_distance","1.0","1.6597352132317063","1.6645246572344048","5000","20","15504","5000","5000","random_unique","5","internal_heterogeneity","agglomerative","./1_benchmarking_comparison\agglomerative\internal_heterogeneity"
"dihs","1.0","0.39015756560729276","0.3825313501907474","5000","20","15504","5000","5000","random_unique","5","internal_heterogeneity","agglomerative","./1_benchmarking_comparison\agglomerative\internal_heterogeneity"
"mahalanobis_distance","1.0","3.8755464805397146","3.8785688102061604","5000","20","15504","5000","5000","random_unique","5","internal_heterogeneity","agglomerative","./1_benchmarking_comparison\agglomerative\internal_heterogeneity"
"centroid_distance","1.0","1.665651963224533","1.670605460293532","5000","20","38760","5000","5000","random_unique","6","internal_heterogeneity","agglomerative","./1_benchmarking_comparison\agglomerative\internal_heterogeneity"
"dihs","1.0","0.39969673947767365","0.3901782040453603","5000","20","38760","5000","5000","random_unique","6","internal_heterogeneity","agglomerative","./1_benchmarking_comparison\agglomerative\internal_heterogeneity"
"mahalanobis_distance","1.0","3.8862174946780206","3.898263271981615","5000","20","38760","5000","5000","random_unique","6","internal_heterogeneity","agglomerative","./1_benchmarking_comparison\agglomerative\internal_heterogeneity"
"centroid_distance","1.0","1.667114405362764","1.671800258367822","5000","20","77520","5000","5000","random_unique","7","internal_heterogeneity","agglomerative","./1_benchmarking_comparison\agglomerative\internal_heterogeneity"
"dihs","1.0","0.40598298158051055","0.3961102504201681","5000","20","77520","5000","5000","random_unique","7","internal_heterogeneity","agglomerative","./1_benchmarking_comparison\agglomerative\internal_heterogeneity"
"mahalanobis_distance","1.0","3.901205671492823","3.910630254484875","5000","20","77520","5000","5000","random_unique","7","internal_heterogeneity","agglomerative","./1_benchmarking_comparison\agglomerative\internal_heterogeneity"
"centroid_distance","1.0","1.6714559466635044","1.6717606656945438","5000","20","125970","5000","5000","random_unique","8","internal_heterogeneity","agglomerative","./1_benchmarking_comparison\agglomerative\internal_heterogeneity"
"dihs","1.0","0.41135146094394326","0.4023159486382857","5000","20","125970","5000","5000","random_unique","8","internal_heterogeneity","agglomerative","./1_benchmarking_comparison\agglomerative\internal_heterogeneity"
"mahalanobis_distance","1.0","3.91532659697943","3.917421367850194","5000","20","125970","5000","5000","random_unique","8","internal_heterogeneity","agglomerative","./1_benchmarking_comparison\agglomerative\internal_heterogeneity"
"centroid_distance","1.0","1.6761407928252852","1.6754583527214235","5000","20","167960","5000","5000","random_unique","9","internal_heterogeneity","agglomerative","./1_benchmarking_comparison\agglomerative\internal_heterogeneity"
"dihs","1.0","0.4172711520277729","0.4094232465449549","5000","20","167960","5000","5000","random_unique","9","internal_heterogeneity","agglomerative","./1_benchmarking_comparison\agglomerative\internal_heterogeneity"
"mahalanobis_distance","1.0","3.9320010429151413","3.9300002783094024","5000","20","167960","5000","5000","random_unique","9","internal_heterogeneity","agglomerative","./1_benchmarking_comparison\agglomerative\internal_heterogeneity"
"centroid_distance","1.0","1.673094947257563","1.6743220993173862","5000","20","184756","5000","5000","random_unique","10","internal_heterogeneity","agglomerative","./1_benchmarking_comparison\agglomerative\internal_heterogeneity"
"dihs","1.0","0.42078626727459834","0.41360367066835085","5000","20","184756","5000","5000","random_unique","10","internal_heterogeneity","agglomerative","./1_benchmarking_comparison\agglomerative\internal_heterogeneity"
"mahalanobis_distance","1.0","3.931971812014929","3.9341959831244853","5000","20","184756","5000","5000","random_unique","10","internal_heterogeneity","agglomerative","./1_benchmarking_comparison\agglomerative\internal_heterogeneity"
"centroid_distance","1.0","1.6758749636405916","1.6754301540484222","5000","20","167960","5000","5000","random_unique","11","internal_heterogeneity","agglomerative","./1_benchmarking_comparison\agglomerative\internal_heterogeneity"
"dihs","1.0","0.4242579087342819","0.4181970801265159","5000","20","167960","5000","5000","random_unique","11","internal_heterogeneity","agglomerative","./1_benchmarking_comparison\agglomerative\internal_heterogeneity"
"mahalanobis_distance","1.0","3.941393867191726","3.9422777712847914","5000","20","167960","5000","5000","random_unique","11","internal_heterogeneity","agglomerative","./1_benchmarking_comparison\agglomerative\internal_heterogeneity"
"centroid_distance","1.0","1.674971192799619","1.6749758969769128","5000","20","125970","5000","5000","random_unique","12","internal_heterogeneity","agglomerative","./1_benchmarking_comparison\agglomerative\internal_heterogeneity"
"dihs","1.0","0.4283697036983002","0.42303219574654677","5000","20","125970","5000","5000","random_unique","12","internal_heterogeneity","agglomerative","./1_benchmarking_comparison\agglomerative\internal_heterogeneity"
"mahalanobis_distance","1.0","3.945539495688853","3.9465908804570295","5000","20","125970","5000","5000","random_unique","12","internal_heterogeneity","agglomerative","./1_benchmarking_comparison\agglomerative\internal_heterogeneity"
"centroid_distance","1.0","1.679463813237144","1.6779479530624557","5000","20","77520","5000","5000","random_unique","13","internal_heterogeneity","agglomerative","./1_benchmarking_comparison\agglomerative\internal_heterogeneity"
"dihs","1.0","0.4319542297178211","0.42748082634631385","5000","20","77520","5000","5000","random_unique","13","internal_heterogeneity","agglomerative","./1_benchmarking_comparison\agglomerative\internal_heterogeneity"
"mahalanobis_distance","1.0","3.9578941890144135","3.9578211307096964","5000","20","77520","5000","5000","random_unique","13","internal_heterogeneity","agglomerative","./1_benchmarking_comparison\agglomerative\internal_heterogeneity"
"centroid_distance","1.0","1.675974406583605","1.6745334291899956","5000","20","38760","5000","5000","random_unique","14","internal_heterogeneity","agglomerative","./1_benchmarking_comparison\agglomerative\internal_heterogeneity"
"dihs","1.0","0.43323090010793586","0.429534887395391","5000","20","38760","5000","5000","random_unique","14","internal_heterogeneity","agglomerative","./1_benchmarking_comparison\agglomerative\internal_heterogeneity"
"mahalanobis_distance","1.0","3.955773996241873","3.9551242630625913","5000","20","38760","5000","5000","random_unique","14","internal_heterogeneity","agglomerative","./1_benchmarking_comparison\agglomerative\internal_heterogeneity"
"centroid_distance","1.0","1.6768707582516738","1.6758829657275371","5000","20","15504","5000","5000","random_unique","15","internal_heterogeneity","agglomerative","./1_benchmarking_comparison\agglomerative\internal_heterogeneity"
"dihs","1.0","0.43477845379559676","0.4308724888456344","5000","20","15504","5000","5000","random_unique","15","internal_heterogeneity","agglomerative","./1_benchmarking_comparison\agglomerative\internal_heterogeneity"
"mahalanobis_distance","1.0","3.963620705456359","3.9629267822011593","5000","20","15504","5000","5000","random_unique","15","internal_heterogeneity","agglomerative","./1_benchmarking_comparison\agglomerative\internal_heterogeneity"
"centroid_distance","1.0","1.6778477809659649","1.6763035625750575","4845","20","4845","5000","4845","exhaustive_unique","16","internal_heterogeneity","agglomerative","./1_benchmarking_comparison\agglomerative\internal_heterogeneity"
"dihs","1.0","0.43809286730844155","0.43485520670593436","4845","20","4845","5000","4845","exhaustive_unique","16","internal_heterogeneity","agglomerative","./1_benchmarking_comparison\agglomerative\internal_heterogeneity"
"mahalanobis_distance","1.0","3.9696895289039014","3.9681553938277188","4845","20","4845","5000","4845","exhaustive_unique","16","internal_heterogeneity","agglomerative","./1_benchmarking_comparison\agglomerative\internal_heterogeneity"
"centroid_distance","1.0","1.679281797893526","1.6765856001513855","1140","20","1140","5000","1140","exhaustive_unique","17","internal_heterogeneity","agglomerative","./1_benchmarking_comparison\agglomerative\internal_heterogeneity"
"dihs","1.0","0.4398459047653911","0.4375088142278188","1140","20","1140","5000","1140","exhaustive_unique","17","internal_heterogeneity","agglomerative","./1_benchmarking_comparison\agglomerative\internal_heterogeneity"
"mahalanobis_distance","1.0","3.974597469188846","3.973147307707867","1140","20","1140","5000","1140","exhaustive_unique","17","internal_heterogeneity","agglomerative","./1_benchmarking_comparison\agglomerative\internal_heterogeneity"
"centroid_distance","1.0","1.677694475330248","1.676859056281263","190","20","190","5000","190","exhaustive_unique","18","internal_heterogeneity","agglomerative","./1_benchmarking_comparison\agglomerative\internal_heterogeneity"
"dihs","1.0","0.4409326529663855","0.43979514367737194","190","20","190","5000","190","exhaustive_unique","18","internal_heterogeneity","agglomerative","./1_benchmarking_comparison\agglomerative\internal_heterogeneity"
"mahalanobis_distance","1.0","3.981435850939735","3.9780211123284315","190","20","190","5000","190","exhaustive_unique","18","internal_heterogeneity","agglomerative","./1_benchmarking_comparison\agglomerative\internal_heterogeneity"
"centroid_distance","1.0","1.6790672643680449","1.6771273691769923","20","20","20","5000","20","exhaustive_unique","19","internal_heterogeneity","agglomerative","./1_benchmarking_comparison\agglomerative\internal_heterogeneity"
"dihs","1.0","0.44001704701883126","0.44124452212196646","20","20","20","5000","20","exhaustive_unique","19","internal_heterogeneity","agglomerative","./1_benchmarking_comparison\agglomerative\internal_heterogeneity"
"mahalanobis_distance","1.0","3.9854198035805446","3.98279469684213","20","20","20","5000","20","exhaustive_unique","19","internal_heterogeneity","agglomerative","./1_benchmarking_comparison\agglomerative\internal_heterogeneity"
"centroid_distance","1.0","1.6773932087132128","1.6773932087132128","1","20","1","5000","1","exhaustive_unique","20","internal_heterogeneity","agglomerative","./1_benchmarking_comparison\agglomerative\internal_heterogeneity"
"dihs","1.0","0.43962763570071617","0.43962763570071617","1","20","1","5000","1","exhaustive_unique","20","internal_heterogeneity","agglomerative","./1_benchmarking_comparison\agglomerative\internal_heterogeneity"
"mahalanobis_distance","1.0","3.9874822940260195","3.9874822940260195","1","20","1","5000","1","exhaustive_unique","20","internal_heterogeneity","agglomerative","./1_benchmarking_comparison\agglomerative\internal_heterogeneity"
"centroid_distance","1.0","1.6214630252085818","1.5721703935795446","20","20","20","5000","20","exhaustive_unique","1","internal_heterogeneity","gaussian","./1_benchmarking_comparison\gaussian\internal_heterogeneity"
"dihs","1.0","","","20","20","20","5000","20","exhaustive_unique","1","internal_heterogeneity","gaussian","./1_benchmarking_comparison\gaussian\internal_heterogeneity"
"mahalanobis_distance","1.0","3.620139391295651","3.6097956287917072","20","20","20","5000","20","exhaustive_unique","1","internal_heterogeneity","gaussian","./1_benchmarking_comparison\gaussian\internal_heterogeneity"
"centroid_distance","1.0","1.6417058957993331","1.639399977927764","190","20","190","5000","190","exhaustive_unique","2","internal_heterogeneity","gaussian","./1_benchmarking_comparison\gaussian\internal_heterogeneity"
"dihs","1.0","","","190","20","190","5000","190","exhaustive_unique","2","internal_heterogeneity","gaussian","./1_benchmarking_comparison\gaussian\internal_heterogeneity"
"mahalanobis_distance","1.0","3.8017140613988887","3.7780641870082574","190","20","190","5000","190","exhaustive_unique","2","internal_heterogeneity","gaussian","./1_benchmarking_comparison\gaussian\internal_heterogeneity"
"centroid_distance","1.0","1.6470095395918434","1.6566705665618575","1140","20","1140","5000","1140","exhaustive_unique","3","internal_heterogeneity","gaussian","./1_benchmarking_comparison\gaussian\internal_heterogeneity"
"dihs","1.0","","","1140","20","1140","5000","1140","exhaustive_unique","3","internal_heterogeneity","gaussian","./1_benchmarking_comparison\gaussian\internal_heterogeneity"
"mahalanobis_distance","1.0","3.8234120308496737","3.8346453113913914","1140","20","1140","5000","1140","exhaustive_unique","3","internal_heterogeneity","gaussian","./1_benchmarking_comparison\gaussian\internal_heterogeneity"
"centroid_distance","1.0","1.6586077373749526","1.6641018080193666","4845","20","4845","5000","4845","exhaustive_unique","4","internal_heterogeneity","gaussian","./1_benchmarking_comparison\gaussian\internal_heterogeneity"
"dihs","1.0","","","4845","20","4845","5000","4845","exhaustive_unique","4","internal_heterogeneity","gaussian","./1_benchmarking_comparison\gaussian\internal_heterogeneity"
"mahalanobis_distance","1.0","3.859344353878317","3.865201244698677","4845","20","4845","5000","4845","exhaustive_unique","4","internal_heterogeneity","gaussian","./1_benchmarking_comparison\gaussian\internal_heterogeneity"
"centroid_distance","1.0","1.6597352132317063","1.6645246572344048","5000","20","15504","5000","5000","random_unique","5","internal_heterogeneity","gaussian","./1_benchmarking_comparison\gaussian\internal_heterogeneity"
"dihs","1.0","","","5000","20","15504","5000","5000","random_unique","5","internal_heterogeneity","gaussian","./1_benchmarking_comparison\gaussian\internal_heterogeneity"
"mahalanobis_distance","1.0","3.8755464805397146","3.8785688102061604","5000","20","15504","5000","5000","random_unique","5","internal_heterogeneity","gaussian","./1_benchmarking_comparison\gaussian\internal_heterogeneity"
"centroid_distance","1.0","1.665651963224533","1.670605460293532","5000","20","38760","5000","5000","random_unique","6","internal_heterogeneity","gaussian","./1_benchmarking_comparison\gaussian\internal_heterogeneity"
"dihs","1.0","0.4240115122248346","0.43102167459292196","5000","20","38760","5000","5000","random_unique","6","internal_heterogeneity","gaussian","./1_benchmarking_comparison\gaussian\internal_heterogeneity"
"mahalanobis_distance","1.0","3.8862174946780206","3.898263271981615","5000","20","38760","5000","5000","random_unique","6","internal_heterogeneity","gaussian","./1_benchmarking_comparison\gaussian\internal_heterogeneity"
"centroid_distance","1.0","1.667114405362764","1.671800258367822","5000","20","77520","5000","5000","random_unique","7","internal_heterogeneity","gaussian","./1_benchmarking_comparison\gaussian\internal_heterogeneity"
"dihs","1.0","0.4563003345654172","0.4499140094929466","5000","20","77520","5000","5000","random_unique","7","internal_heterogeneity","gaussian","./1_benchmarking_comparison\gaussian\internal_heterogeneity"
"mahalanobis_distance","1.0","3.901205671492823","3.910630254484875","5000","20","77520","5000","5000","random_unique","7","internal_heterogeneity","gaussian","./1_benchmarking_comparison\gaussian\internal_heterogeneity"
"centroid_distance","1.0","1.6714559466635044","1.6717606656945438","5000","20","125970","5000","5000","random_unique","8","internal_heterogeneity","gaussian","./1_benchmarking_comparison\gaussian\internal_heterogeneity"
"dihs","1.0","0.4442725342031123","0.4415892994375657","5000","20","125970","5000","5000","random_unique","8","internal_heterogeneity","gaussian","./1_benchmarking_comparison\gaussian\internal_heterogeneity"
"mahalanobis_distance","1.0","3.91532659697943","3.917421367850194","5000","20","125970","5000","5000","random_unique","8","internal_heterogeneity","gaussian","./1_benchmarking_comparison\gaussian\internal_heterogeneity"
"centroid_distance","1.0","1.6761407928252852","1.6754583527214235","5000","20","167960","5000","5000","random_unique","9","internal_heterogeneity","gaussian","./1_benchmarking_comparison\gaussian\internal_heterogeneity"
"dihs","1.0","","","5000","20","167960","5000","5000","random_unique","9","internal_heterogeneity","gaussian","./1_benchmarking_comparison\gaussian\internal_heterogeneity"
"mahalanobis_distance","1.0","3.9320010429151413","3.9300002783094024","5000","20","167960","5000","5000","random_unique","9","internal_heterogeneity","gaussian","./1_benchmarking_comparison\gaussian\internal_heterogeneity"
"centroid_distance","1.0","1.673094947257563","1.6743220993173862","5000","20","184756","5000","5000","random_unique","10","internal_heterogeneity","gaussian","./1_benchmarking_comparison\gaussian\internal_heterogeneity"
"dihs","1.0","","","5000","20","184756","5000","5000","random_unique","10","internal_heterogeneity","gaussian","./1_benchmarking_comparison\gaussian\internal_heterogeneity"
"mahalanobis_distance","1.0","3.931971812014929","3.9341959831244853","5000","20","184756","5000","5000","random_unique","10","internal_heterogeneity","gaussian","./1_benchmarking_comparison\gaussian\internal_heterogeneity"
"centroid_distance","1.0","1.6758749636405916","1.6754301540484222","5000","20","167960","5000","5000","random_unique","11","internal_heterogeneity","gaussian","./1_benchmarking_comparison\gaussian\internal_heterogeneity"
"dihs","1.0","0.4589783818432609","0.45288276199471383","5000","20","167960","5000","5000","random_unique","11","internal_heterogeneity","gaussian","./1_benchmarking_comparison\gaussian\internal_heterogeneity"
"mahalanobis_distance","1.0","3.941393867191726","3.9422777712847914","5000","20","167960","5000","5000","random_unique","11","internal_heterogeneity","gaussian","./1_benchmarking_comparison\gaussian\internal_heterogeneity"
"centroid_distance","1.0","1.674971192799619","1.6749758969769128","5000","20","125970","5000","5000","random_unique","12","internal_heterogeneity","gaussian","./1_benchmarking_comparison\gaussian\internal_heterogeneity"
"dihs","1.0","0.45488170385924337","0.4502526596255508","5000","20","125970","5000","5000","random_unique","12","internal_heterogeneity","gaussian","./1_benchmarking_comparison\gaussian\internal_heterogeneity"
"mahalanobis_distance","1.0","3.945539495688853","3.9465908804570295","5000","20","125970","5000","5000","random_unique","12","internal_heterogeneity","gaussian","./1_benchmarking_comparison\gaussian\internal_heterogeneity"
"centroid_distance","1.0","1.679463813237144","1.6779479530624557","5000","20","77520","5000","5000","random_unique","13","internal_heterogeneity","gaussian","./1_benchmarking_comparison\gaussian\internal_heterogeneity"
"dihs","1.0","0.45305720568384533","0.44951909495141246","5000","20","77520","5000","5000","random_unique","13","internal_heterogeneity","gaussian","./1_benchmarking_comparison\gaussian\internal_heterogeneity"
"mahalanobis_distance","1.0","3.9578941890144135","3.9578211307096964","5000","20","77520","5000","5000","random_unique","13","internal_heterogeneity","gaussian","./1_benchmarking_comparison\gaussian\internal_heterogeneity"
"centroid_distance","1.0","1.675974406583605","1.6745334291899956","5000","20","38760","5000","5000","random_unique","14","internal_heterogeneity","gaussian","./1_benchmarking_comparison\gaussian\internal_heterogeneity"
"dihs","1.0","0.4495915572660764","0.44748023220667255","5000","20","38760","5000","5000","random_unique","14","internal_heterogeneity","gaussian","./1_benchmarking_comparison\gaussian\internal_heterogeneity"
"mahalanobis_distance","1.0","3.955773996241873","3.9551242630625913","5000","20","38760","5000","5000","random_unique","14","internal_heterogeneity","gaussian","./1_benchmarking_comparison\gaussian\internal_heterogeneity"
"centroid_distance","1.0","1.6768707582516738","1.6758829657275371","5000","20","15504","5000","5000","random_unique","15","internal_heterogeneity","gaussian","./1_benchmarking_comparison\gaussian\internal_heterogeneity"
"dihs","1.0","","","5000","20","15504","5000","5000","random_unique","15","internal_heterogeneity","gaussian","./1_benchmarking_comparison\gaussian\internal_heterogeneity"
"mahalanobis_distance","1.0","3.963620705456359","3.9629267822011593","5000","20","15504","5000","5000","random_unique","15","internal_heterogeneity","gaussian","./1_benchmarking_comparison\gaussian\internal_heterogeneity"
"centroid_distance","1.0","1.6778477809659649","1.6763035625750575","4845","20","4845","5000","4845","exhaustive_unique","16","internal_heterogeneity","gaussian","./1_benchmarking_comparison\gaussian\internal_heterogeneity"
"dihs","1.0","","","4845","20","4845","5000","4845","exhaustive_unique","16","internal_heterogeneity","gaussian","./1_benchmarking_comparison\gaussian\internal_heterogeneity"
"mahalanobis_distance","1.0","3.9696895289039014","3.9681553938277188","4845","20","4845","5000","4845","exhaustive_unique","16","internal_heterogeneity","gaussian","./1_benchmarking_comparison\gaussian\internal_heterogeneity"
"centroid_distance","1.0","1.679281797893526","1.6765856001513855","1140","20","1140","5000","1140","exhaustive_unique","17","internal_heterogeneity","gaussian","./1_benchmarking_comparison\gaussian\internal_heterogeneity"
"dihs","1.0","","","1140","20","1140","5000","1140","exhaustive_unique","17","internal_heterogeneity","gaussian","./1_benchmarking_comparison\gaussian\internal_heterogeneity"
"mahalanobis_distance","1.0","3.974597469188846","3.973147307707867","1140","20","1140","5000","1140","exhaustive_unique","17","internal_heterogeneity","gaussian","./1_benchmarking_comparison\gaussian\internal_heterogeneity"
"centroid_distance","1.0","1.677694475330248","1.676859056281263","190","20","190","5000","190","exhaustive_unique","18","internal_heterogeneity","gaussian","./1_benchmarking_comparison\gaussian\internal_heterogeneity"
"dihs","1.0","","","190","20","190","5000","190","exhaustive_unique","18","internal_heterogeneity","gaussian","./1_benchmarking_comparison\gaussian\internal_heterogeneity"
"mahalanobis_distance","1.0","3.981435850939735","3.9780211123284315","190","20","190","5000","190","exhaustive_unique","18","internal_heterogeneity","gaussian","./1_benchmarking_comparison\gaussian\internal_heterogeneity"
"centroid_distance","1.0","1.6790672643680449","1.6771273691769923","20","20","20","5000","20","exhaustive_unique","19","internal_heterogeneity","gaussian","./1_benchmarking_comparison\gaussian\internal_heterogeneity"
"dihs","1.0","","","20","20","20","5000","20","exhaustive_unique","19","internal_heterogeneity","gaussian","./1_benchmarking_comparison\gaussian\internal_heterogeneity"
"mahalanobis_distance","1.0","3.9854198035805446","3.98279469684213","20","20","20","5000","20","exhaustive_unique","19","internal_heterogeneity","gaussian","./1_benchmarking_comparison\gaussian\internal_heterogeneity"
"centroid_distance","1.0","1.6773932087132128","1.6773932087132128","1","20","1","5000","1","exhaustive_unique","20","internal_heterogeneity","gaussian","./1_benchmarking_comparison\gaussian\internal_heterogeneity"
"dihs","1.0","","","1","20","1","5000","1","exhaustive_unique","20","internal_heterogeneity","gaussian","./1_benchmarking_comparison\gaussian\internal_heterogeneity"
"mahalanobis_distance","1.0","3.9874822940260195","3.9874822940260195","1","20","1","5000","1","exhaustive_unique","20","internal_heterogeneity","gaussian","./1_benchmarking_comparison\gaussian\internal_heterogeneity"
"centroid_distance","1.0","0.5815423261216521","0.6284799775390413","20","20","20","5000","20","exhaustive_unique","1","multimodal_class","gaussian","./1_benchmarking_comparison\gaussian\multimodal_class"
"dihs","1.0","0.3556762271595519","0.35640679364195704","20","20","20","5000","20","exhaustive_unique","1","multimodal_class","gaussian","./1_benchmarking_comparison\gaussian\multimodal_class"
"mahalanobis_distance","1.0","3.7965465397326903","3.845809765075951","20","20","20","5000","20","exhaustive_unique","1","multimodal_class","gaussian","./1_benchmarking_comparison\gaussian\multimodal_class"
"centroid_distance","1.0","0.6225401759190813","0.6298247441955159","190","20","190","5000","190","exhaustive_unique","2","multimodal_class","gaussian","./1_benchmarking_comparison\gaussian\multimodal_class"
"dihs","1.0","0.3690157140955849","0.3696489476863384","190","20","190","5000","190","exhaustive_unique","2","multimodal_class","gaussian","./1_benchmarking_comparison\gaussian\multimodal_class"
"mahalanobis_distance","1.0","3.9171986248576642","3.9024665937391907","190","20","190","5000","190","exhaustive_unique","2","multimodal_class","gaussian","./1_benchmarking_comparison\gaussian\multimodal_class"
"centroid_distance","1.0","0.6267187683412563","0.6301478508049312","1140","20","1140","5000","1140","exhaustive_unique","3","multimodal_class","gaussian","./1_benchmarking_comparison\gaussian\multimodal_class"
"dihs","1.0","0.38616851277567593","0.38484336172693745","1140","20","1140","5000","1140","exhaustive_unique","3","multimodal_class","gaussian","./1_benchmarking_comparison\gaussian\multimodal_class"
"mahalanobis_distance","1.0","3.9367795157846084","3.921991991819147","1140","20","1140","5000","1140","exhaustive_unique","3","multimodal_class","gaussian","./1_benchmarking_comparison\gaussian\multimodal_class"
"centroid_distance","1.0","0.6254709935862772","0.6302768754135125","4845","20","4845","5000","4845","exhaustive_unique","4","multimodal_class","gaussian","./1_benchmarking_comparison\gaussian\multimodal_class"
"dihs","1.0","0.3943044326078059","0.3895752344771515","4845","20","4845","5000","4845","exhaustive_unique","4","multimodal_class","gaussian","./1_benchmarking_comparison\gaussian\multimodal_class"
"mahalanobis_distance","1.0","3.9432705113654416","3.933327989270871","4845","20","4845","5000","4845","exhaustive_unique","4","multimodal_class","gaussian","./1_benchmarking_comparison\gaussian\multimodal_class"
"centroid_distance","1.0","0.6282711066677593","0.6297757041989489","5000","20","15504","5000","5000","random_unique","5","multimodal_class","gaussian","./1_benchmarking_comparison\gaussian\multimodal_class"
"dihs","1.0","0.37369209487143246","0.3734048469185615","5000","20","15504","5000","5000","random_unique","5","multimodal_class","gaussian","./1_benchmarking_comparison\gaussian\multimodal_class"
"mahalanobis_distance","1.0","3.9496686696606984","3.9420291435152794","5000","20","15504","5000","5000","random_unique","5","multimodal_class","gaussian","./1_benchmarking_comparison\gaussian\multimodal_class"
"centroid_distance","1.0","0.627485909472548","0.6290112274822728","5000","20","38760","5000","5000","random_unique","6","multimodal_class","gaussian","./1_benchmarking_comparison\gaussian\multimodal_class"
"dihs","1.0","0.36317307527234316","0.36531533241711056","5000","20","38760","5000","5000","random_unique","6","multimodal_class","gaussian","./1_benchmarking_comparison\gaussian\multimodal_class"
"mahalanobis_distance","1.0","3.9526513678697524","3.945868310990032","5000","20","38760","5000","5000","random_unique","6","multimodal_class","gaussian","./1_benchmarking_comparison\gaussian\multimodal_class"
"centroid_distance","1.0","0.6285870498661685","0.629736660997416","5000","20","77520","5000","5000","random_unique","7","multimodal_class","gaussian","./1_benchmarking_comparison\gaussian\multimodal_class"
"dihs","1.0","0.37324993615128244","0.374246810462632","5000","20","77520","5000","5000","random_unique","7","multimodal_class","gaussian","./1_benchmarking_comparison\gaussian\multimodal_class"
"mahalanobis_distance","1.0","3.958287483489225","3.9518934154103786","5000","20","77520","5000","5000","random_unique","7","multimodal_class","gaussian","./1_benchmarking_comparison\gaussian\multimodal_class"
"centroid_distance","1.0","0.6312284526801203","0.6314051574177362","5000","20","125970","5000","5000","random_unique","8","multimodal_class","gaussian","./1_benchmarking_comparison\gaussian\multimodal_class"
"dihs","1.0","0.3803447558808501","0.38006178917387795","5000","20","125970","5000","5000","random_unique","8","multimodal_class","gaussian","./1_benchmarking_comparison\gaussian\multimodal_class"
"mahalanobis_distance","1.0","3.9657610146863673","3.9602010392003066","5000","20","125970","5000","5000","random_unique","8","multimodal_class","gaussian","./1_benchmarking_comparison\gaussian\multimodal_class"
"centroid_distance","1.0","0.6301278181945008","0.6299590574675213","5000","20","167960","5000","5000","random_unique","9","multimodal_class","gaussian","./1_benchmarking_comparison\gaussian\multimodal_class"
"dihs","1.0","0.3872883164906057","0.3864700595982789","5000","20","167960","5000","5000","random_unique","9","multimodal_class","gaussian","./1_benchmarking_comparison\gaussian\multimodal_class"
"mahalanobis_distance","1.0","3.966519491885304","3.9623671259757653","5000","20","167960","5000","5000","random_unique","9","multimodal_class","gaussian","./1_benchmarking_comparison\gaussian\multimodal_class"
"centroid_distance","1.0","0.628725381659092","0.6286311227992559","5000","20","184756","5000","5000","random_unique","10","multimodal_class","gaussian","./1_benchmarking_comparison\gaussian\multimodal_class"
"dihs","1.0","0.39612023529751395","0.39582576260212443","5000","20","184756","5000","5000","random_unique","10","multimodal_class","gaussian","./1_benchmarking_comparison\gaussian\multimodal_class"
"mahalanobis_distance","1.0","3.967152344589447","3.9615052430679265","5000","20","184756","5000","5000","random_unique","10","multimodal_class","gaussian","./1_benchmarking_comparison\gaussian\multimodal_class"
"centroid_distance","1.0","0.6291193916483304","0.6294995111172801","5000","20","167960","5000","5000","random_unique","11","multimodal_class","gaussian","./1_benchmarking_comparison\gaussian\multimodal_class"
"dihs","1.0","0.4053597873927347","0.404135572367763","5000","20","167960","5000","5000","random_unique","11","multimodal_class","gaussian","./1_benchmarking_comparison\gaussian\multimodal_class"
"mahalanobis_distance","1.0","3.9687689333991774","3.9660218762633073","5000","20","167960","5000","5000","random_unique","11","multimodal_class","gaussian","./1_benchmarking_comparison\gaussian\multimodal_class"
"centroid_distance","1.0","0.632119538642113","0.6312678277944627","5000","20","125970","5000","5000","random_unique","12","multimodal_class","gaussian","./1_benchmarking_comparison\gaussian\multimodal_class"
"dihs","1.0","0.3938446221508928","0.3945993032309736","5000","20","125970","5000","5000","random_unique","12","multimodal_class","gaussian","./1_benchmarking_comparison\gaussian\multimodal_class"
"mahalanobis_distance","1.0","3.97425473462099","3.97334339110991","5000","20","125970","5000","5000","random_unique","12","multimodal_class","gaussian","./1_benchmarking_comparison\gaussian\multimodal_class"
"centroid_distance","1.0","0.629764464428809","0.6296933375423382","5000","20","77520","5000","5000","random_unique","13","multimodal_class","gaussian","./1_benchmarking_comparison\gaussian\multimodal_class"
"dihs","1.0","0.3914781969720975","0.39064366359626024","5000","20","77520","5000","5000","random_unique","13","multimodal_class","gaussian","./1_benchmarking_comparison\gaussian\multimodal_class"
"mahalanobis_distance","1.0","3.974877177855243","3.9740879550531942","5000","20","77520","5000","5000","random_unique","13","multimodal_class","gaussian","./1_benchmarking_comparison\gaussian\multimodal_class"
"centroid_distance","1.0","0.6317220931486907","0.631009420416816","5000","20","38760","5000","5000","random_unique","14","multimodal_class","gaussian","./1_benchmarking_comparison\gaussian\multimodal_class"
"dihs","1.0","0.3977345720210536","0.39718957609185607","5000","20","38760","5000","5000","random_unique","14","multimodal_class","gaussian","./1_benchmarking_comparison\gaussian\multimodal_class"
"mahalanobis_distance","1.0","3.983120760000001","3.9811620180132676","5000","20","38760","5000","5000","random_unique","14","multimodal_class","gaussian","./1_benchmarking_comparison\gaussian\multimodal_class"
"centroid_distance","1.0","0.6320161405857784","0.6310687401043197","5000","20","15504","5000","5000","random_unique","15","multimodal_class","gaussian","./1_benchmarking_comparison\gaussian\multimodal_class"
"dihs","1.0","0.40532872232828354","0.40393795248559716","5000","20","15504","5000","5000","random_unique","15","multimodal_class","gaussian","./1_benchmarking_comparison\gaussian\multimodal_class"
"mahalanobis_distance","1.0","3.9847069990498487","3.9838494484415836","5000","20","15504","5000","5000","random_unique","15","multimodal_class","gaussian","./1_benchmarking_comparison\gaussian\multimodal_class"
"centroid_distance","1.0","0.6316259299963578","0.6307698486079601","4845","20","4845","5000","4845","exhaustive_unique","16","multimodal_class","gaussian","./1_benchmarking_comparison\gaussian\multimodal_class"
"dihs","1.0","0.41000573429192516","0.40895190927406405","4845","20","4845","5000","4845","exhaustive_unique","16","multimodal_class","gaussian","./1_benchmarking_comparison\gaussian\multimodal_class"
"mahalanobis_distance","1.0","3.9875166427580355","3.9866812365977538","4845","20","4845","5000","4845","exhaustive_unique","16","multimodal_class","gaussian","./1_benchmarking_comparison\gaussian\multimodal_class"
"centroid_distance","1.0","0.6314215477501983","0.6308414829539676","1140","20","1140","5000","1140","exhaustive_unique","17","multimodal_class","gaussian","./1_benchmarking_comparison\gaussian\multimodal_class"
"dihs","1.0","0.41500723178075877","0.4130662232794735","1140","20","1140","5000","1140","exhaustive_unique","17","multimodal_class","gaussian","./1_benchmarking_comparison\gaussian\multimodal_class"
"mahalanobis_distance","1.0","3.990294811956576","3.9898361289660946","1140","20","1140","5000","1140","exhaustive_unique","17","multimodal_class","gaussian","./1_benchmarking_comparison\gaussian\multimodal_class"
"centroid_distance","1.0","0.63193112123516","0.6309199143036062","190","20","190","5000","190","exhaustive_unique","18","multimodal_class","gaussian","./1_benchmarking_comparison\gaussian\multimodal_class"
"dihs","1.0","0.41270346237885713","0.41369621089768616","190","20","190","5000","190","exhaustive_unique","18","multimodal_class","gaussian","./1_benchmarking_comparison\gaussian\multimodal_class"
"mahalanobis_distance","1.0","3.991851303597702","3.9929390036628103","190","20","190","5000","190","exhaustive_unique","18","multimodal_class","gaussian","./1_benchmarking_comparison\gaussian\multimodal_class"
"centroid_distance","1.0","0.6339186427273648","0.6310050961719083","20","20","20","5000","20","exhaustive_unique","19","multimodal_class","gaussian","./1_benchmarking_comparison\gaussian\multimodal_class"
"dihs","1.0","0.4311911048498603","0.4240024251393485","20","20","20","5000","20","exhaustive_unique","19","multimodal_class","gaussian","./1_benchmarking_comparison\gaussian\multimodal_class"
"mahalanobis_distance","1.0","3.998061796774447","3.9959966162425067","20","20","20","5000","20","exhaustive_unique","19","multimodal_class","gaussian","./1_benchmarking_comparison\gaussian\multimodal_class"
"centroid_distance","1.0","0.6310969606830377","0.6310969606830377","1","20","1","5000","1","exhaustive_unique","20","multimodal_class","gaussian","./1_benchmarking_comparison\gaussian\multimodal_class"
"dihs","1.0","0.41928510179109046","0.41928510179109046","1","20","1","5000","1","exhaustive_unique","20","multimodal_class","gaussian","./1_benchmarking_comparison\gaussian\multimodal_class"
"mahalanobis_distance","1.0","3.9990143858448444","3.9990143858448444","1","20","1","5000","1","exhaustive_unique","20","multimodal_class","gaussian","./1_benchmarking_comparison\gaussian\multimodal_class"
"centroid_distance","0.35","0.09760075079085324","0.10718668093058972","20","20","20","5000","20","exhaustive_unique","1","persistent_overlap","gaussian","./1_benchmarking_comparison\gaussian\persistent_overlap"
"dihs","0.5","0.02045163137234697","0.025908373310272848","20","20","20","5000","20","exhaustive_unique","1","persistent_overlap","gaussian","./1_benchmarking_comparison\gaussian\persistent_overlap"
"mahalanobis_distance","0.3","0.2421222091336759","0.25799138206061584","20","20","20","5000","20","exhaustive_unique","1","persistent_overlap","gaussian","./1_benchmarking_comparison\gaussian\persistent_overlap"
"centroid_distance","0.22105263157894736","0.12280475999207977","0.11678805717678989","190","20","190","5000","190","exhaustive_unique","2","persistent_overlap","gaussian","./1_benchmarking_comparison\gaussian\persistent_overlap"
"dihs","0.5894736842105263","0.023682213905856342","0.027239496053637673","190","20","190","5000","190","exhaustive_unique","2","persistent_overlap","gaussian","./1_benchmarking_comparison\gaussian\persistent_overlap"
"mahalanobis_distance","0.24736842105263157","0.2673481078775934","0.27624066955162485","190","20","190","5000","190","exhaustive_unique","2","persistent_overlap","gaussian","./1_benchmarking_comparison\gaussian\persistent_overlap"
"centroid_distance","0.16578947368421051","0.13377369065250688","0.12080864970708495","1140","20","1140","5000","1140","exhaustive_unique","3","persistent_overlap","gaussian","./1_benchmarking_comparison\gaussian\persistent_overlap"
"dihs","0.6228070175438597","0.023867382686337493","0.02759900597684129","1140","20","1140","5000","1140","exhaustive_unique","3","persistent_overlap","gaussian","./1_benchmarking_comparison\gaussian\persistent_overlap"
"mahalanobis_distance","0.20350877192982456","0.3042102689204585","0.28384029608677547","1140","20","1140","5000","1140","exhaustive_unique","3","persistent_overlap","gaussian","./1_benchmarking_comparison\gaussian\persistent_overlap"
"centroid_distance","0.13023735810113518","0.13944885359311968","0.12457153680265073","4845","20","4845","5000","4845","exhaustive_unique","4","persistent_overlap","gaussian","./1_benchmarking_comparison\gaussian\persistent_overlap"
"dihs","0.6264189886480909","0.024168574846425983","0.027861791483805024","4845","20","4845","5000","4845","exhaustive_unique","4","persistent_overlap","gaussian","./1_benchmarking_comparison\gaussian\persistent_overlap"
"mahalanobis_distance","0.1607843137254902","0.31829434518766786","0.291230677105972","4845","20","4845","5000","4845","exhaustive_unique","4","persistent_overlap","gaussian","./1_benchmarking_comparison\gaussian\persistent_overlap"
"centroid_distance","0.0896","0.14615187418946793","0.1285353600435282","5000","20","15504","5000","5000","random_unique","5","persistent_overlap","gaussian","./1_benchmarking_comparison\gaussian\persistent_overlap"
"dihs","0.6388","0.02304256010000902","0.02738530103715715","5000","20","15504","5000","5000","random_unique","5","persistent_overlap","gaussian","./1_benchmarking_comparison\gaussian\persistent_overlap"
"mahalanobis_distance","0.121","0.33397943290766163","0.2990601336464757","5000","20","15504","5000","5000","random_unique","5","persistent_overlap","gaussian","./1_benchmarking_comparison\gaussian\persistent_overlap"
"centroid_distance","0.0758","0.14630675848964375","0.12908380582444257","5000","20","38760","5000","5000","random_unique","6","persistent_overlap","gaussian","./1_benchmarking_comparison\gaussian\persistent_overlap"
"dihs","0.6626","0.02452326545000555","0.028329503679832915","5000","20","38760","5000","5000","random_unique","6","persistent_overlap","gaussian","./1_benchmarking_comparison\gaussian\persistent_overlap"
"mahalanobis_distance","0.1072","0.3308390531069396","0.2988344070060706","5000","20","38760","5000","5000","random_unique","6","persistent_overlap","gaussian","./1_benchmarking_comparison\gaussian\persistent_overlap"
"centroid_distance","0.0468","0.15515148888413965","0.13598134204829554","5000","20","77520","5000","5000","random_unique","7","persistent_overlap","gaussian","./1_benchmarking_comparison\gaussian\persistent_overlap"
"dihs","0.6558","0.024695099735334125","0.027898701239547238","5000","20","77520","5000","5000","random_unique","7","persistent_overlap","gaussian","./1_benchmarking_comparison\gaussian\persistent_overlap"
"mahalanobis_distance","0.071","0.3558447773932638","0.31480242180067586","5000","20","77520","5000","5000","random_unique","7","persistent_overlap","gaussian","./1_benchmarking_comparison\gaussian\persistent_overlap"
"centroid_distance","0.0318","0.15871937146261253","0.1394935698640198","5000","20","125970","5000","5000","random_unique","8","persistent_overlap","gaussian","./1_benchmarking_comparison\gaussian\persistent_overlap"
"dihs","0.6502","0.02287828163722161","0.02647468066582619","5000","20","125970","5000","5000","random_unique","8","persistent_overlap","gaussian","./1_benchmarking_comparison\gaussian\persistent_overlap"
"mahalanobis_distance","0.0566","0.3661612744808576","0.32231633471530224","5000","20","125970","5000","5000","random_unique","8","persistent_overlap","gaussian","./1_benchmarking_comparison\gaussian\persistent_overlap"
"centroid_distance","0.0176","0.16176008429330035","0.143878114411132","5000","20","167960","5000","5000","random_unique","9","persistent_overlap","gaussian","./1_benchmarking_comparison\gaussian\persistent_overlap"
"dihs","0.652","0.021623563649745547","0.025267607406210132","5000","20","167960","5000","5000","random_unique","9","persistent_overlap","gaussian","./1_benchmarking_comparison\gaussian\persistent_overlap"
"mahalanobis_distance","0.034","0.37430669102546255","0.332341191862628","5000","20","167960","5000","5000","random_unique","9","persistent_overlap","gaussian","./1_benchmarking_comparison\gaussian\persistent_overlap"
"centroid_distance","0.007","0.16209652272074665","0.1472166494828738","5000","20","184756","5000","5000","random_unique","10","persistent_overlap","gaussian","./1_benchmarking_comparison\gaussian\persistent_overlap"
"dihs","0.6618","0.021271096247597154","0.025187210364306586","5000","20","184756","5000","5000","random_unique","10","persistent_overlap","gaussian","./1_benchmarking_comparison\gaussian\persistent_overlap"
"mahalanobis_distance","0.0218","0.3738184277238643","0.33926652125522416","5000","20","184756","5000","5000","random_unique","10","persistent_overlap","gaussian","./1_benchmarking_comparison\gaussian\persistent_overlap"
"centroid_distance","0.005","0.16280232006114398","0.14944335423598","5000","20","167960","5000","5000","random_unique","11","persistent_overlap","gaussian","./1_benchmarking_comparison\gaussian\persistent_overlap"
"dihs","0.6474","0.020173449590979137","0.023483473938968404","5000","20","167960","5000","5000","random_unique","11","persistent_overlap","gaussian","./1_benchmarking_comparison\gaussian\persistent_overlap"
"mahalanobis_distance","0.0134","0.3758802374381053","0.34437922229312007","5000","20","167960","5000","5000","random_unique","11","persistent_overlap","gaussian","./1_benchmarking_comparison\gaussian\persistent_overlap"
"centroid_distance","0.0008","0.16443845257008688","0.1527130585445615","5000","20","125970","5000","5000","random_unique","12","persistent_overlap","gaussian","./1_benchmarking_comparison\gaussian\persistent_overlap"
"dihs","0.6438","0.019827625039417207","0.022807490742109936","5000","20","125970","5000","5000","random_unique","12","persistent_overlap","gaussian","./1_benchmarking_comparison\gaussian\persistent_overlap"
"mahalanobis_distance","0.0038","0.3806486907391323","0.351860124435079","5000","20","125970","5000","5000","random_unique","12","persistent_overlap","gaussian","./1_benchmarking_comparison\gaussian\persistent_overlap"
"centroid_distance","0.0","0.1664469097469977","0.15537673327224538","5000","20","77520","5000","5000","random_unique","13","persistent_overlap","gaussian","./1_benchmarking_comparison\gaussian\persistent_overlap"
"dihs","0.6328","0.01901490223222868","0.02238952662446381","5000","20","77520","5000","5000","random_unique","13","persistent_overlap","gaussian","./1_benchmarking_comparison\gaussian\persistent_overlap"
"mahalanobis_distance","0.0014","0.38523376539524296","0.3588997441030341","5000","20","77520","5000","5000","random_unique","13","persistent_overlap","gaussian","./1_benchmarking_comparison\gaussian\persistent_overlap"
"centroid_distance","0.0","0.16659634626891695","0.15775871357940224","5000","20","38760","5000","5000","random_unique","14","persistent_overlap","gaussian","./1_benchmarking_comparison\gaussian\persistent_overlap"
"dihs","0.6224","0.01755062639095331","0.02088822114045293","5000","20","38760","5000","5000","random_unique","14","persistent_overlap","gaussian","./1_benchmarking_comparison\gaussian\persistent_overlap"
"mahalanobis_distance","0.0002","0.386486295973413","0.3648113372738104","5000","20","38760","5000","5000","random_unique","14","persistent_overlap","gaussian","./1_benchmarking_comparison\gaussian\persistent_overlap"
"centroid_distance","0.0","0.16765377017731192","0.16034528442368443","5000","20","15504","5000","5000","random_unique","15","persistent_overlap","gaussian","./1_benchmarking_comparison\gaussian\persistent_overlap"
"dihs","0.6088","0.016633495365699524","0.019633427203501145","5000","20","15504","5000","5000","random_unique","15","persistent_overlap","gaussian","./1_benchmarking_comparison\gaussian\persistent_overlap"
"mahalanobis_distance","0.0","0.3901193030029587","0.37161184970494904","5000","20","15504","5000","5000","random_unique","15","persistent_overlap","gaussian","./1_benchmarking_comparison\gaussian\persistent_overlap"
"centroid_distance","0.0","0.1679358185365451","0.16222280796799315","4845","20","4845","5000","4845","exhaustive_unique","16","persistent_overlap","gaussian","./1_benchmarking_comparison\gaussian\persistent_overlap"
"dihs","0.5933952528379773","0.016098576859446156","0.019083201811119832","4845","20","4845","5000","4845","exhaustive_unique","16","persistent_overlap","gaussian","./1_benchmarking_comparison\gaussian\persistent_overlap"
"mahalanobis_distance","0.0","0.39104135351492336","0.3765242486035286","4845","20","4845","5000","4845","exhaustive_unique","16","persistent_overlap","gaussian","./1_benchmarking_comparison\gaussian\persistent_overlap"
"centroid_distance","0.0","0.1684951219181119","0.1638880502889577","1140","20","1140","5000","1140","exhaustive_unique","17","persistent_overlap","gaussian","./1_benchmarking_comparison\gaussian\persistent_overlap"
"dihs","0.6210526315789474","0.016973583457477903","0.019566771630319207","1140","20","1140","5000","1140","exhaustive_unique","17","persistent_overlap","gaussian","./1_benchmarking_comparison\gaussian\persistent_overlap"
"mahalanobis_distance","0.0","0.3921617643504958","0.3808048472513878","1140","20","1140","5000","1140","exhaustive_unique","17","persistent_overlap","gaussian","./1_benchmarking_comparison\gaussian\persistent_overlap"
"centroid_distance","0.0","0.16867378525401822","0.16538917011121568","190","20","190","5000","190","exhaustive_unique","18","persistent_overlap","gaussian","./1_benchmarking_comparison\gaussian\persistent_overlap"
"dihs","0.5684210526315789","0.01708137672234733","0.019769564275882206","190","20","190","5000","190","exhaustive_unique","18","persistent_overlap","gaussian","./1_benchmarking_comparison\gaussian\persistent_overlap"
"mahalanobis_distance","0.0","0.39368014952835007","0.3845987211157634","190","20","190","5000","190","exhaustive_unique","18","persistent_overlap","gaussian","./1_benchmarking_comparison\gaussian\persistent_overlap"
"centroid_distance","0.0","0.1683902819709397","0.16674518692735774","20","20","20","5000","20","exhaustive_unique","19","persistent_overlap","gaussian","./1_benchmarking_comparison\gaussian\persistent_overlap"
"dihs","0.7","0.018017923985222506","0.019353992994368782","20","20","20","5000","20","exhaustive_unique","19","persistent_overlap","gaussian","./1_benchmarking_comparison\gaussian\persistent_overlap"
"mahalanobis_distance","0.0","0.393190893115951","0.38794381317909254","20","20","20","5000","20","exhaustive_unique","19","persistent_overlap","gaussian","./1_benchmarking_comparison\gaussian\persistent_overlap"
"centroid_distance","0.0","0.16797313579209144","0.16797313579209144","1","20","1","5000","1","exhaustive_unique","20","persistent_overlap","gaussian","./1_benchmarking_comparison\gaussian\persistent_overlap"
"dihs","1.0","0.029331900708975733","0.029331900708975733","1","20","1","5000","1","exhaustive_unique","20","persistent_overlap","gaussian","./1_benchmarking_comparison\gaussian\persistent_overlap"
"mahalanobis_distance","0.0","0.3908924922341186","0.3908924922341186","1","20","1","5000","1","exhaustive_unique","20","persistent_overlap","gaussian","./1_benchmarking_comparison\gaussian\persistent_overlap"
"centroid_distance","1.0","1.6214630252085818","1.5721703935795446","20","20","20","5000","20","exhaustive_unique","1","internal_heterogeneity","kmeans","./1_benchmarking_comparison\kmeans\internal_heterogeneity"
"dihs","1.0","0.16782912954697565","0.16172923613271567","20","20","20","5000","20","exhaustive_unique","1","internal_heterogeneity","kmeans","./1_benchmarking_comparison\kmeans\internal_heterogeneity"
"mahalanobis_distance","1.0","3.620139391295651","3.6097956287917072","20","20","20","5000","20","exhaustive_unique","1","internal_heterogeneity","kmeans","./1_benchmarking_comparison\kmeans\internal_heterogeneity"
"centroid_distance","1.0","1.6417058957993331","1.639399977927764","190","20","190","5000","190","exhaustive_unique","2","internal_heterogeneity","kmeans","./1_benchmarking_comparison\kmeans\internal_heterogeneity"
"dihs","1.0","0.25439466109024256","0.2630779312479707","190","20","190","5000","190","exhaustive_unique","2","internal_heterogeneity","kmeans","./1_benchmarking_comparison\kmeans\internal_heterogeneity"
"mahalanobis_distance","1.0","3.8017140613988887","3.7780641870082574","190","20","190","5000","190","exhaustive_unique","2","internal_heterogeneity","kmeans","./1_benchmarking_comparison\kmeans\internal_heterogeneity"
"centroid_distance","1.0","1.6470095395918434","1.6566705665618575","1140","20","1140","5000","1140","exhaustive_unique","3","internal_heterogeneity","kmeans","./1_benchmarking_comparison\kmeans\internal_heterogeneity"
"dihs","1.0","0.292432806894866","0.2971957953841467","1140","20","1140","5000","1140","exhaustive_unique","3","internal_heterogeneity","kmeans","./1_benchmarking_comparison\kmeans\internal_heterogeneity"
"mahalanobis_distance","1.0","3.8234120308496737","3.8346453113913914","1140","20","1140","5000","1140","exhaustive_unique","3","internal_heterogeneity","kmeans","./1_benchmarking_comparison\kmeans\internal_heterogeneity"
"centroid_distance","1.0","1.6586077373749526","1.6641018080193666","4845","20","4845","5000","4845","exhaustive_unique","4","internal_heterogeneity","kmeans","./1_benchmarking_comparison\kmeans\internal_heterogeneity"
"dihs","1.0","0.371646589298377","0.3615665633936259","4845","20","4845","5000","4845","exhaustive_unique","4","internal_heterogeneity","kmeans","./1_benchmarking_comparison\kmeans\internal_heterogeneity"
"mahalanobis_distance","1.0","3.859344353878317","3.865201244698677","4845","20","4845","5000","4845","exhaustive_unique","4","internal_heterogeneity","kmeans","./1_benchmarking_comparison\kmeans\internal_heterogeneity"
"centroid_distance","1.0","1.6597352132317063","1.6645246572344048","5000","20","15504","5000","5000","random_unique","5","internal_heterogeneity","kmeans","./1_benchmarking_comparison\kmeans\internal_heterogeneity"
"dihs","1.0","0.38822607959453115","0.38102686113556056","5000","20","15504","5000","5000","random_unique","5","internal_heterogeneity","kmeans","./1_benchmarking_comparison\kmeans\internal_heterogeneity"
"mahalanobis_distance","1.0","3.8755464805397146","3.8785688102061604","5000","20","15504","5000","5000","random_unique","5","internal_heterogeneity","kmeans","./1_benchmarking_comparison\kmeans\internal_heterogeneity"
"centroid_distance","1.0","1.665651963224533","1.670605460293532","5000","20","38760","5000","5000","random_unique","6","internal_heterogeneity","kmeans","./1_benchmarking_comparison\kmeans\internal_heterogeneity"
"dihs","1.0","0.36977904057262745","0.3567594972802698","5000","20","38760","5000","5000","random_unique","6","internal_heterogeneity","kmeans","./1_benchmarking_comparison\kmeans\internal_heterogeneity"
"mahalanobis_distance","1.0","3.8862174946780206","3.898263271981615","5000","20","38760","5000","5000","random_unique","6","internal_heterogeneity","kmeans","./1_benchmarking_comparison\kmeans\internal_heterogeneity"
"centroid_distance","1.0","1.667114405362764","1.671800258367822","5000","20","77520","5000","5000","random_unique","7","internal_heterogeneity","kmeans","./1_benchmarking_comparison\kmeans\internal_heterogeneity"
"dihs","1.0","0.3576104621839037","0.3377469623543999","5000","20","77520","5000","5000","random_unique","7","internal_heterogeneity","kmeans","./1_benchmarking_comparison\kmeans\internal_heterogeneity"
"mahalanobis_distance","1.0","3.901205671492823","3.910630254484875","5000","20","77520","5000","5000","random_unique","7","internal_heterogeneity","kmeans","./1_benchmarking_comparison\kmeans\internal_heterogeneity"
"centroid_distance","1.0","1.6714559466635044","1.6717606656945438","5000","20","125970","5000","5000","random_unique","8","internal_heterogeneity","kmeans","./1_benchmarking_comparison\kmeans\internal_heterogeneity"
"dihs","1.0","0.35774241554416464","0.3469836895680931","5000","20","125970","5000","5000","random_unique","8","internal_heterogeneity","kmeans","./1_benchmarking_comparison\kmeans\internal_heterogeneity"
"mahalanobis_distance","1.0","3.91532659697943","3.917421367850194","5000","20","125970","5000","5000","random_unique","8","internal_heterogeneity","kmeans","./1_benchmarking_comparison\kmeans\internal_heterogeneity"
"centroid_distance","1.0","1.6761407928252852","1.6754583527214235","5000","20","167960","5000","5000","random_unique","9","internal_heterogeneity","kmeans","./1_benchmarking_comparison\kmeans\internal_heterogeneity"
"dihs","1.0","0.4117195023516045","0.4083905649328648","5000","20","167960","5000","5000","random_unique","9","internal_heterogeneity","kmeans","./1_benchmarking_comparison\kmeans\internal_heterogeneity"
"mahalanobis_distance","1.0","3.9320010429151413","3.9300002783094024","5000","20","167960","5000","5000","random_unique","9","internal_heterogeneity","kmeans","./1_benchmarking_comparison\kmeans\internal_heterogeneity"
"centroid_distance","1.0","1.673094947257563","1.6743220993173862","5000","20","184756","5000","5000","random_unique","10","internal_heterogeneity","kmeans","./1_benchmarking_comparison\kmeans\internal_heterogeneity"
"dihs","1.0","0.41608645778051434","0.41440682822921465","5000","20","184756","5000","5000","random_unique","10","internal_heterogeneity","kmeans","./1_benchmarking_comparison\kmeans\internal_heterogeneity"
"mahalanobis_distance","1.0","3.931971812014929","3.9341959831244853","5000","20","184756","5000","5000","random_unique","10","internal_heterogeneity","kmeans","./1_benchmarking_comparison\kmeans\internal_heterogeneity"
"centroid_distance","1.0","1.6758749636405916","1.6754301540484222","5000","20","167960","5000","5000","random_unique","11","internal_heterogeneity","kmeans","./1_benchmarking_comparison\kmeans\internal_heterogeneity"
"dihs","1.0","0.44593891139712016","0.4435484031206031","5000","20","167960","5000","5000","random_unique","11","internal_heterogeneity","kmeans","./1_benchmarking_comparison\kmeans\internal_heterogeneity"
"mahalanobis_distance","1.0","3.941393867191726","3.9422777712847914","5000","20","167960","5000","5000","random_unique","11","internal_heterogeneity","kmeans","./1_benchmarking_comparison\kmeans\internal_heterogeneity"
"centroid_distance","1.0","1.674971192799619","1.6749758969769128","5000","20","125970","5000","5000","random_unique","12","internal_heterogeneity","kmeans","./1_benchmarking_comparison\kmeans\internal_heterogeneity"
"dihs","1.0","0.435192105402633","0.43274975882808076","5000","20","125970","5000","5000","random_unique","12","internal_heterogeneity","kmeans","./1_benchmarking_comparison\kmeans\internal_heterogeneity"
"mahalanobis_distance","1.0","3.945539495688853","3.9465908804570295","5000","20","125970","5000","5000","random_unique","12","internal_heterogeneity","kmeans","./1_benchmarking_comparison\kmeans\internal_heterogeneity"
"centroid_distance","1.0","1.679463813237144","1.6779479530624557","5000","20","77520","5000","5000","random_unique","13","internal_heterogeneity","kmeans","./1_benchmarking_comparison\kmeans\internal_heterogeneity"
"dihs","1.0","0.43945216966070116","0.4396515827824096","5000","20","77520","5000","5000","random_unique","13","internal_heterogeneity","kmeans","./1_benchmarking_comparison\kmeans\internal_heterogeneity"
"mahalanobis_distance","1.0","3.9578941890144135","3.9578211307096964","5000","20","77520","5000","5000","random_unique","13","internal_heterogeneity","kmeans","./1_benchmarking_comparison\kmeans\internal_heterogeneity"
"centroid_distance","1.0","1.675974406583605","1.6745334291899956","5000","20","38760","5000","5000","random_unique","14","internal_heterogeneity","kmeans","./1_benchmarking_comparison\kmeans\internal_heterogeneity"
"dihs","1.0","0.4427756883454385","0.44313466338058843","5000","20","38760","5000","5000","random_unique","14","internal_heterogeneity","kmeans","./1_benchmarking_comparison\kmeans\internal_heterogeneity"
"mahalanobis_distance","1.0","3.955773996241873","3.9551242630625913","5000","20","38760","5000","5000","random_unique","14","internal_heterogeneity","kmeans","./1_benchmarking_comparison\kmeans\internal_heterogeneity"
"centroid_distance","1.0","1.6768707582516738","1.6758829657275371","5000","20","15504","5000","5000","random_unique","15","internal_heterogeneity","kmeans","./1_benchmarking_comparison\kmeans\internal_heterogeneity"
"dihs","1.0","0.44670431997014287","0.4467376967516582","5000","20","15504","5000","5000","random_unique","15","internal_heterogeneity","kmeans","./1_benchmarking_comparison\kmeans\internal_heterogeneity"
"mahalanobis_distance","1.0","3.963620705456359","3.9629267822011593","5000","20","15504","5000","5000","random_unique","15","internal_heterogeneity","kmeans","./1_benchmarking_comparison\kmeans\internal_heterogeneity"
"centroid_distance","1.0","1.6778477809659649","1.6763035625750575","4845","20","4845","5000","4845","exhaustive_unique","16","internal_heterogeneity","kmeans","./1_benchmarking_comparison\kmeans\internal_heterogeneity"
"dihs","1.0","0.44862800292968985","0.45054154859277235","4845","20","4845","5000","4845","exhaustive_unique","16","internal_heterogeneity","kmeans","./1_benchmarking_comparison\kmeans\internal_heterogeneity"
"mahalanobis_distance","1.0","3.9696895289039014","3.9681553938277188","4845","20","4845","5000","4845","exhaustive_unique","16","internal_heterogeneity","kmeans","./1_benchmarking_comparison\kmeans\internal_heterogeneity"
"centroid_distance","1.0","1.679281797893526","1.6765856001513855","1140","20","1140","5000","1140","exhaustive_unique","17","internal_heterogeneity","kmeans","./1_benchmarking_comparison\kmeans\internal_heterogeneity"
"dihs","1.0","0.45888958231340443","0.4567922410110142","1140","20","1140","5000","1140","exhaustive_unique","17","internal_heterogeneity","kmeans","./1_benchmarking_comparison\kmeans\internal_heterogeneity"
"mahalanobis_distance","1.0","3.974597469188846","3.973147307707867","1140","20","1140","5000","1140","exhaustive_unique","17","internal_heterogeneity","kmeans","./1_benchmarking_comparison\kmeans\internal_heterogeneity"
"centroid_distance","1.0","1.677694475330248","1.676859056281263","190","20","190","5000","190","exhaustive_unique","18","internal_heterogeneity","kmeans","./1_benchmarking_comparison\kmeans\internal_heterogeneity"
"dihs","1.0","0.44489451514608325","0.44634778875119707","190","20","190","5000","190","exhaustive_unique","18","internal_heterogeneity","kmeans","./1_benchmarking_comparison\kmeans\internal_heterogeneity"
"mahalanobis_distance","1.0","3.981435850939735","3.9780211123284315","190","20","190","5000","190","exhaustive_unique","18","internal_heterogeneity","kmeans","./1_benchmarking_comparison\kmeans\internal_heterogeneity"
"centroid_distance","1.0","1.6790672643680449","1.6771273691769923","20","20","20","5000","20","exhaustive_unique","19","internal_heterogeneity","kmeans","./1_benchmarking_comparison\kmeans\internal_heterogeneity"
"dihs","1.0","0.47302609926433","0.46758156529420425","20","20","20","5000","20","exhaustive_unique","19","internal_heterogeneity","kmeans","./1_benchmarking_comparison\kmeans\internal_heterogeneity"
"mahalanobis_distance","1.0","3.9854198035805446","3.98279469684213","20","20","20","5000","20","exhaustive_unique","19","internal_heterogeneity","kmeans","./1_benchmarking_comparison\kmeans\internal_heterogeneity"
"centroid_distance","1.0","1.6773932087132128","1.6773932087132128","1","20","1","5000","1","exhaustive_unique","20","internal_heterogeneity","kmeans","./1_benchmarking_comparison\kmeans\internal_heterogeneity"
"dihs","1.0","0.435428760089418","0.435428760089418","1","20","1","5000","1","exhaustive_unique","20","internal_heterogeneity","kmeans","./1_benchmarking_comparison\kmeans\internal_heterogeneity"
"mahalanobis_distance","1.0","3.9874822940260195","3.9874822940260195","1","20","1","5000","1","exhaustive_unique","20","internal_heterogeneity","kmeans","./1_benchmarking_comparison\kmeans\internal_heterogeneity"
